city,freebase_id,iata_code,country
Q1005409,/m/02pkyp_,,Poland
Q1010699,/m/0tnqn,,United States
Q1017105,/m/0v5m7,,United States
Q104125,/m/05yppk,,Philippines
Q1423846,/m/06hnx3,,Philippines
Q1623,/m/02gps2,,Philippines
Q1636,/m/02cmnr,,Philippines
Q170243,/m/0fgvvy,,Germany
Q17182,/m/016td1,,Philippines
Q1822,/m/015l1_,,Philippines
Q187352,/m/01j1b1,,Greece
Q189901,/m/0j5zv,,Greece
Q200133,/m/016_r5,,Greece
Q202337,/m/03v4mr,,Greece
Q207998,/m/0bj7dp,,Turkey
Q208566,/m/020c5x,,Greece
Q216307,/m/03s82t,,Greece
Q217216,/m/017wxt,,Belgium
Q2193,/m/01sn4r,,Philippines
Q2207,/m/06pn4_,,Philippines
Q226941,/m/01487h,,Belgium
Q235004,/m/03k422,,Philippines
Q248062,/m/0f8nlk,,Germany
Q252466,/m/0dq23k,,Germany
Q252772,/m/03gw1j,,Germany
Q255698,/m/0npz,,Germany
Q259795,/m/0fcyrf,,Germany
Q2609530,/m/0c6yxn,,Argentina
Q269010,/m/09xvd5,,Germany
Q2766547,/m/0d9tj,,Netherlands
Q309442,/m/06xk72,,Uruguay
Q391221,/m/0596ss,,Venezuela
Q428829,/m/0ct24,,United Kingdom
Q4850064,/m/060y77,,Ecuador
Q4853169,/m/060pgk,,Ecuador
Q490521,/m/07wnj6,,Germany
Q49231,/m/0fwc0,,United States
Q494305,/m/04t83z,,Germany
Q4982377,/m/060l7v,,Ecuador
Q50179,/m/051rv9,,Philippines
Q503693,/m/0fgt64,,Germany
Q503763,/m/0fgdfh,,Germany
Q504521,/m/0ffvwl,,Germany
Q504648,/m/07r1t7,,Germany
Q5144832,/m/060_rr,,Ecuador
Q518663,/m/06k765,,Germany
Q5217,/m/01rmws,,Philippines
Q529176,/m/0fgbdh,,Germany
Q5352286,/m/060prj,,Ecuador
Q5485281,/m/05p8j_d,,Roman Empire
Q56365471,/m/02_g9r,,Poland
Q56663,/m/06nbmz,,Philippines
Q573230,/m/0f8jlj,,Germany
Q59799,/m/06nrz3,,Philippines
Q6081003,/m/061nct,,Ecuador
Q63145,/m/04zrkq,,Philippines
Q634054,/m/02__d3,,United Kingdom
Q642543,/m/061rxq,,Ecuador
Q6669164,/m/061szr,,Ecuador
Q6956419,/m/05p8gbt,,Vietnam
Q75933,/m/02c5rp,,Philippines
Q81046,/m/017pgr,,Belgium
Q815948,/m/0145f1,,Belgium
Q873377,/m/02wns0,,Philippines
Q875070,/m/06jzv7,,Philippines
Q924702,/m/0yfv2,,United States
Q95380,/m/017q8r,,Belgium
Q981815,/m/010849,,United States
Q988721,/m/0r66x,,United States
10th of Ramadan City,/m/0j297jz,,Egypt
6th of October City,/m/0bm25j,,Egypt
9 de Julio,/m/0dpnv0,,Argentina
Aabenraa,/m/0294tg,,Denmark
Aach,/m/09glc7,,Germany
Aachen,/m/0qjd,,Germany
Aalborg,/m/0dnntf,,Denmark
Aalst,/m/01483r,,Belgium
Aarau,/m/0zq6,,Switzerland
Aarhus,/m/0lzp,,Denmark
Aarschot,/m/014w7n,,Belgium
Aasiaat,/m/07nf98,,Greenland
Aba,/m/049_sl,,Nigeria
Aba,/m/0dj20j,,Hungary
Aba,/m/0cz6mm,,Democratic Republic of the Congo
Abacaenum,/m/01pb4p,,Italy
Abadan,/m/0vck,,Iran
Abadilah,/m/03y4bjt,,United Arab Emirates
Abae,/m/0ztt,,Greece
Abaetetuba,/m/08hwc4,,Brazil
Abakan,/m/0zv5,,Russia
Abala,/m/0j26vrs,,Ethiopia
Abanayop,/m/0h3py6h,,Equatorial Guinea
Abancay,/m/04v1_f,,Peru
Abasan al-Kabira,/m/02x9v09,,Palestine
Abaza,/m/0fxhdk,,Russia
Abaújszántó,/m/05njqn,,Hungary
Abbeville,/m/0r_25,,United States
Abbeville,/m/0tn1l,,United States
Abbeville,/m/0q7l1,,United States
Abbeville,/m/0_k67,,United States
Abbeyleix,/m/03s6bk,,Ireland
Abbotsford,/m/013nx4,,United States
Abbotsford,/m/01gc1_,,Canada
Abbott,/m/0103vg,,United States
Abbottabad,/m/011hs1,,Pakistan
Abbyville,/m/0t9tt,,United States
Abdera,/m/01078,,Ancient Rome
Abdera,/m/01078,,Ancient Carthage
Abdulino,/m/0b6gdf,,Russia
Abel-beth-maachah,/m/0hxd8,,Israel
Abenberg,/m/0f5h8t,,Germany
Abengourou,/m/09gr99,,Ivory Coast
Abeokuta,/m/010dr,,Nigeria
Aberchirder,/m/0451ph,,United Kingdom
Abercorn,/m/03xl8v,,Canada
Abercrombie,/m/0yqhy,,United States
Aberdeen,/m/0rng,,United Kingdom
Aberdeen,/m/0yhys,,United States
Aberdeen,/m/0tvs7,,United States
Aberdeen,/m/0s0y6,,United States
Aberdeen,/m/010qrk,,United States
Aberdeen,/m/010jc,,United States
Aberdeen,/m/0wr1s,,United States
Aberfeldy,/m/04chs7,,United Kingdom
Aberlour,/m/0451qw,,United Kingdom
Abernathy,/m/020xyh6,,United States
Abernethy,/m/0451vt,,United Kingdom
Aberystwyth,/m/010l_,,United Kingdom
Abha,/m/07d_rb,,Saudi Arabia
Abia (Messenia),/m/0fz92_,,Greece
Abidjan,/m/0fmyd,,Ivory Coast
Abiko,/m/01wj3r,,Japan
Abila,/m/0bydr0,,Jordan
Abilene,/m/0t69l,,United States
Abilene,/m/013m_x,,United States
Abingdon,/m/0s9fg,,United States
Abinsk,/m/093bms,,Russia
Abitinae,/m/027d5rg,,Béja
Abiward,/m/0ddbync,,Turkmenistan
Abja-Paluoja,/m/02q3fkk,,Estonia
Abnub,/m/02r6v42,,Egypt
Abo Qorqas,/m/02qls2s,,Egypt
Abohar,/m/09_y16,,India
Aboisso,/m/09grfj,,Ivory Coast
Abomey,/m/0jk24,,Benin
Abomsa,/m/02w0cjk,,Ethiopia
Abong-Mbang,/m/02z_vk,,Cameroon
Abonoteichos,/m/04gn2j3,,Turkey
Abony,/m/02rd0fr,,Hungary
Abovyan,/m/0gnph4,,Armenia
Abreu e Lima,/m/0fj1wc,,Brazil
Abreus,/m/03c8zcw,,Cuba
Abritus,/m/03bypxy,,Bulgaria
Abrud,/m/03t93h,,Romania
Absecon,/m/0xkbx,,United States
Abu Dhabi,/m/0gxj,,United Arab Emirates
Abu Kabir,/m/0n47xcx,,Egypt
Abu Qurayn,/m/06w701y,,Libya
Abuja,/m/0fnxw,,Nigeria
Abutig,/m/02r6vgd,,Egypt
Abydos,/m/0pyn,,Turkey
Abádszalók,/m/026mfc2,,Hungary
Abéché,/m/03cgh7,,Chad
Acajutla,/m/0cbj8x,,El Salvador
Acalayong,/m/05nttv,,Equatorial Guinea
Acandí,/m/02qd8xk,,Colombia
Acanthus,/m/02pmfjj,,Greece
Acanthus,/m/02pmh4g,,Egypt
Acapulco de Juárez,/m/0p_f,,Mexico
Acarigua,/m/0c6h_9,,Venezuela
Acassuso,/m/03nt4l4,,Argentina
Accra,/m/0fnyc,,Ghana
Aceguá,/m/05c2v9b,,Brazil
Aceguá,/m/0gvs8g0,,Uruguay
Acequia,/m/0s2cd,,United States
Acerrae,/m/05f36cw,,Italy
Achacachi,/m/0blnpv,,Bolivia
Achaguas,/m/071sr_,,Venezuela
Achern,/m/077x61,,Germany
Achilleion,/m/0gffy4n,,Turkey
Achim,/m/0cl8fv,,Germany
Achinsk,/m/0737bk,,Russia
Achshaph,/m/0hxrd,,Israel
Acidava,/m/0fphbh0,,Romania
Ackerly,/m/013mfj,,United States
Ackley,/m/013cgf,,United States
Ackworth,/m/0t3zb,,United States
Acmonia,/m/09s4c_,,Turkey
Acomayo,/m/047tcqm,,Peru
Acre,/m/0fgjl,,Israel
Acrelândia,/m/026bdxl,,Brazil
Acrocorinth,/m/08hkcy,,Greece
Acropolis Palaiokastro,/m/0cx1qs,,Greece
Acropolis of Athens,/m/0wjj,,Greece
Acropolis of Lindos,/m/0k6h5vd,,Greece
Acropolis of Rhodes,/m/03h0f7_,,Greece
Acuera,/m/03gsz_j,,United States
Acumincum,/m/0cn_kdr,,Serbia
Acworth,/m/0rv7h,,United States
Ad Turres,/m/02pvvc8,,Italy
Ad Turres Albas,/m/02pvvrn,,Italy
Ada,/m/0z9fq,,United States
Ada,/m/0w8_1,,United States
Adab,/m/036nml,,Iraq
Adair,/m/0sr7j,,United States
Adair Village,/m/0zb_v,,United States
Adairsville,/m/0rt3v,,United States
Adairville,/m/0tgw5,,United States
Adak,/m/0qcmr,,United States
Adama,/m/052b13,,Ethiopia
Adamov,/m/05n5x7,,Czech Republic
Adams,/m/0zfwz,,United States
Adams,/m/01mj7w,,United States
Adams,/m/0_wjw,,United States
Adams,/m/0w7ty,,United States
Adams,/m/0yrxt,,United States
Adamsville,/m/01z23t_,,United States
Adana,/m/0199rp,,Turkey
Adapazarı,/m/05q_pk,,Turkey
Adasa,/m/097xzy,,Israel
Addis Ababa,/m/0dttf,,Ethiopia
Addu City,/m/02p36rq,,Maldives
Adel,/m/0rvj7,,United States
Adel,/m/0strt,,United States
Adel Bagrou,/m/05c4rzm,,Mauritania
Adelaide,/m/0mgp,,Australia
Adelanto,/m/0r4bl,,United States
Adelphi,/m/0chlkn,,United States
Adelsheim,/m/0crz0t,,Germany
Aden,/m/09h6g,,Yemen
Adenau,/m/0bntfk,,Germany
Adet,/m/02w6kdx,,Ethiopia
Adi Keyh,/m/06j0rk,,Eritrea
Adi Quala,/m/06j0nf,,Eritrea
Adiaké,/m/04kr15,,Ivory Coast
Adigrat,/m/06ry05,,Ethiopia
Adlersky City District,/m/02pk505,,Russia
Adliswil,/m/0dlbnc,,Switzerland
Admire,/m/0t87s,,United States
Ado Ekiti,/m/02v20m,,Nigeria
Adona,/m/0qw59,,United States
Adony,/m/0dj1zg,,Hungary
Adorf/Vogtl.,/m/07svmf,,Germany
Adrar,/m/07s19l,,Algeria
Adria,/m/0hxx0,,Italy
Adrian,/m/0zf2d,,United States
Adrian,/m/0rw71,,United States
Adrian,/m/0vbk1,,United States
Adrian,/m/0wsmd,,United States
Adrian,/m/0107c_,,United States
Adrian,/m/0w8n1,,United States
Adrogué,/m/0gxklc,,Argentina
Adré,/m/09j5_4,,Chad
Adulis,/m/04_y0z,,Eritrea
Adurim,/m/04ljc36,,Palestine
Advance,/m/0x0fj,,United States
Adzopé,/m/0df4x9,,Ivory Coast
Adıyaman,/m/07m2x4,,Turkey
Aeculanum,/m/0_qs,,Italy
Aedava,/m/0fqm322,,Bulgaria
Aegae,/m/0nbtdlf,,Greece
Aegae,/m/05b2dq8,,Greece
Aegospotami,/m/0_w3,,Turkey
Aek Kanopan,/m/0jky4_k,,Indonesia
Aelia Capitolina,/m/0_wg,,Israel
Aeminium,/m/06xn4f,,Ancient Rome
Aenea,/m/03g_rjc,,Greece
Aenus,/m/09wqr8,,Turkey
Aesch,/m/0g77ng,,Switzerland
Aetna,/m/02q1p3r,,Italy
Afak,/m/0b8c6v,,Iraq
Affoltern am Albis,/m/0gn_kj,,Switzerland
Aflao,/m/08nt88,,Ghana
Aflou,/m/0dcjzp,,Algeria
Afrin,/m/026cygp,,Syria
Afton,/m/01_xynm,,United States
Afton,/m/0t3q2,,United States
Afula,/m/01vtmy,,Israel
Afyonkarahisar,/m/0102c,,Turkey
Agadir,/m/01p19r,,Morocco
Agar,/m/0f7x3v,,India
Agarak,/m/0d2gx9,,Armenia
Agaro,/m/02vxvlk,,Ethiopia
Agartala,/m/0294zw,,India
Agathyrnum,/m/02q1q30,,Italy
Agats,/m/012nx_xg,,Indonesia
Agaunum,/m/050h1s,,Switzerland
Agawam,/m/0tzj0,,United States
Agboville,/m/05gnll,,Ivory Coast
Agdash,/m/03d1_4w,,Azerbaijan
Agency,/m/01_3t37,,United States
Agenda,/m/0t9_1,,United States
Ageo,/m/01whk1,,Japan
Aggar,/m/0121s1mj,,Tunisia
Aghdam,/m/03cfwzw,,Azerbaijan
Aghdara,/m/04gsjzz,,Azerbaijan
Aghjabadi,/m/04gg93j,,Azerbaijan
Aghstafa,/m/04gg934,,Azerbaijan
Aghsu,/m/04gvwd2,,Azerbaijan
Agia Paraskevi,/m/02fygk,,Greece
Agidel,/m/04x6n0,,Russia
Agnibilékrou,/m/02pqmb2,,Ivory Coast
Agnita,/m/02bq_n,,Romania
Agogo,/m/02rx395,,Ghana
Agora,/m/07w0n3,,Turkey
Agordat,/m/06j0lp,,Eritrea
Agoura Hills,/m/01z9l19,,United States
Agra,/m/01zxx9,,India
Agra,/m/0t9hv,,United States
Agrigento,/m/0c8lb,,Italy
Agrinio,/m/0433fm,,Greece
Agua Dulce,/m/011t7j,,United States
Agua Prieta,/m/01kkq8,,Mexico
Aguada de Pasajeros,/m/0c348_,,Cuba
Aguadilla,/m/0lhtd,,United States
Agualva-Cacém,/m/09_jln,,Portugal
Aguas Blancas,/m/0bwk68x,,Argentina
Aguas Calientes,/m/093843,,Peru
Aguas Verdes,/m/06cj2k,,Peru
Aguascalientes City,/m/018mcy,,Mexico
Aguilares,/m/0bjb9r,,Argentina
Aguntum,/m/0cx6vw,,Austria
Ahar,/m/026hsxp,,Iran
Ahaus,/m/0bfhz1,,Germany
Ahfir,/m/0b6l6z5,,Morocco
Ahgdere,/m/04gsjzz,,Azerbaijan
Ahilyanagar,/m/01p63q,,India
Ahlab,/m/0hy5c,,Lebanon
Ahlen,/m/07t77b,,Germany
Ahmedabad,/m/01d88c,,India
Ahmedpur East,/m/06s6z6,,Pakistan
Ahoskie,/m/0yh3b,,United States
Ahrensburg,/m/020kx_,,Germany
Ahuachapán,/m/05wfgk,,El Salvador
Ahvaz,/m/02v25m,,Iran
Ai,/m/031g8y,,Palestine
Aiadava,/m/09rx6f7,,Bulgaria
Aichach,/m/02l3mg,,Germany
Aichtal,/m/0f5hf0,,Germany
Aigai,/m/0dfq52,,Turkey
Aigio,/m/02p4vb,,Greece
Aigle,/m/02md8j,,Switzerland
Aigosthena,/m/09gj1z,,Greece
Aija,/m/03h4d2g,,Peru
Aiken,/m/0_k8p,,United States
Ailey,/m/0ry87,,United States
Ain Aouda,/m/0gys_px,,Morocco
Ainaži,/m/0c3tby,,Latvia
Ainsworth,/m/0x4lx,,United States
Ainsworth,/m/0t42t,,United States
Aipy,/m/0411pby,,Greece
Aiquile,/m/057yjtv,,Bolivia
Airdrie,/m/0gk0l,,United Kingdom
Airdrie,/m/041_cx,,Canada
Airway Heights,/m/021fxbp,,United States
Ait Attab,/m/0bbw8d_,,Morocco
Ait Melloul,/m/04ldzjb,,Morocco
Aitape,/m/0661p6,,Papua New Guinea
Aitkin,/m/0vs5r,,United States
Aix-en-Provence,/m/0knfs,,France
Aix-en-Pévèle,/m/03mgzkx,,France
Aizanoi,/m/0j7k9xp,,Turkey
Aizawl,/m/04z932,,India
Aizkraukle,/m/0b7m9b,,Latvia
Aizpute,/m/0b7nvz,,Latvia
Aizuwakamatsu,/m/0gp5tn,,Japan
Ajaccio,/m/0_yc,,France
Ajak,/m/026ql45,,Hungary
Ajdir,/m/0d6h36,,Morocco
Ajka,/m/05tbny,,Hungary
Ajloun,/m/0448_1,,Jordan
Ajman,/m/088ccd,,United Arab Emirates
Ajmer,/m/0_zp,,India
Akarassos,/m/012hcytf,,Turkey
Akarassos,/m/012hcytf,,Ancient Rome
Akashi,/m/01wnh3,,Japan
Akbarpur,/m/02791vc,,India
Akeley,/m/0w1qk,,United States
Aken (Elbe),/m/0381cd,,Germany
Akhalkalaki,/m/03ykpv,,Georgia
Akhaltsikhe,/m/03yklx,,Georgia
Akhiok,/m/0qfsm,,United States
Akhisar,/m/01k6pd,,Turkey
Akhmeta,/m/07yw2x,,Georgia
Akhmim,/m/04fdtn,,Egypt
Akhnoor,/m/0d_z63,,India
Akhsikath,/m/05mx42m,,Uzbekistan
Akiak,/m/0qcqp,,United States
Akim Oda,/m/084ghn,,Ghana
Akishima,/m/01wrjw,,Japan
Akita,/m/019649,,Japan
Akjoujt,/m/0b3j_6,,Mauritania
Akkad,/m/0n541jb,,Iraq
Akmenė,/m/039qtm,,Lithuania
Aknīste,/m/0c3s2z,,Latvia
Akok,/m/05f8_1s,,Gabon
Akola,/m/03l45k,,India
Akonibe,/m/09rbj7,,Equatorial Guinea
Akonolinga,/m/043k74v,,Cameroon
Akrai,/m/011l8hd8,,Italy
Akranes,/m/01tnv3,,Iceland
Akriai,/m/012hdwxr,,Greece
Akrillai,/m/05c1jnq,,Italy
Akron,/m/0z20d,,United States
Akron,/m/0t25x,,United States
Akrotiri,/m/02q0qt8,,Greece
Aksaray,/m/05kq_k,,Turkey
Akshak,/m/026r3sv,,Iraq
Aksu,/m/02rq8nq,,Kazakhstan
Aksu,/m/02rq8nq,,Soviet Union
Aksu,/m/02rq8nq,,Russian Empire
Aktau,/m/02gzlg,,Kazakhstan
Aktobe,/m/03wyr5,,Kazakhstan
Aku Ozoro,/m/026yd8n,,Nigeria
Akure,/m/02b8cw,,Nigeria
Akureyri,/m/0pqtf,,Iceland
Akutan,/m/01z1bzg,,United States
Akçakale,/m/0bnmqy,,Turkey
Al Aaroui,/m/0b6kdpd,,Morocco
Al Ain,/m/01f2q_,,United Arab Emirates
Al Bahah,/m/0b7cnr,,Saudi Arabia
Al Bayda,/m/06njz1,,Libya
Al Dahiriya,/m/03cq0xl,,Palestine
Al Diwaniyah,/m/02q5_l,,Iraq
Al Ghuwariyah,/m/09ql8_,,Qatar
Al Hamool,/m/05h4smd,,Egypt
Al Hashimiyya,/m/05p8l02,,Jordan
Al Hawiyah,/m/0ggb900,,Saudi Arabia
Al Hoceima,/m/03zvrp,,Morocco
Al Hudaydah,/m/039_81,,Yemen
Al Husn,/m/0cs2w0,,Jordan
Al Jabalayn,/m/04ldvj3,,Sudan
Al Jawf,/m/0bvr6f,,Libya
Al Jubayhah,/m/04f_1tm,,Jordan
Al Majma'ah,/m/0b8x3q,,Saudi Arabia
Al Mudhaibi,/m/04gm8qh,,Oman
Al Qadarif,/m/056bm5,,Sudan
Al Quwaysimah,/m/04g0h_5,,Jordan
Al Wajajah,/m/065nt3,,Oman
Al Wakrah,/m/09ql7j,,Qatar
Al-Ahsa Oasis,/m/026hr16,,Saudi Arabia
Al-Bireh,/m/09qxv2,,Palestine
Al-Dar al-Kabirah,/m/0kbggj7,,Syria
Al-Darbasiyah,/m/02r4tq3,,Syria
Al-Fashir,/m/0b8k_p,,Sudan
Al-Faw,/m/05y_d8,,Iraq
Al-Fulah,/m/0t5174p,,Sudan
Al-Haffah,/m/02qhhy5,,Syria
Al-Hajar al-Aswad,/m/02qgh1c,,Syria
Al-Hasakah,/m/0265p9d,,Syria
Al-Hay,/m/010fkyb0,,Iraq
Al-Karak,/m/01sr16,,Jordan
Al-Karmah,/m/02qldn6,,Iraq
Al-Khalidiya,/m/03h1nnp,,Iraq
Al-Kiswah,/m/04cws38,,Syria
Al-Malikiyah,/m/02qhh_y,,Syria
Al-Mazyunah,/m/09v5j4d,,Oman
Al-Muabbada,/m/0ndhjlx,,Syria
Al-Mubarraz,/m/0268z21,,Saudi Arabia
Al-Muharraq,/m/0wpbv17,,Bahrain
Al-Nabek,/m/02qfw2v,,Syria
"Al-Qaryatayn, Homs",/m/0j3h01g,,Syria
Al-Qusayr,/m/02qhf42,,Syria
Al-Qādisiyyah,/m/0by5hc,,Iraq
Al-Ram,/m/02r78pk,,Palestine
Al-Rastan,/m/02vkptf,,Syria
Al-Safira,/m/02qgf4f,,Syria
Al-Sanamayn,/m/02qk2lc,,Syria
Al-Shaykh Badr,/m/02qj3t5,,Syria
Al-Suqaylabiyah,/m/02qk2n2,,Syria
Al-Tall,/m/02qh3z1,,Syria
Al-Thuqbah,/m/0b8w35,,Saudi Arabia
Al-Ula,/m/027798b,,Saudi Arabia
Al-Zabadani,/m/0bp7dr,,Syria
Alabanda,/m/0blgc8,,Turkey
Alabaster,/m/0qbmh,,United States
Alachua,/m/0rh71,,United States
Alagoinhas,/m/0fd41k,,Brazil
Alagonia,/m/047cv4d,,Greece
Alahan Monastery,/m/05mqh4g,,Turkey
Alajuela,/m/05h8q7,,Costa Rica
Alakanuk,/m/0qhr7,,United States
Alalakh,/m/02w9zk,,Turkey
Alalcomenae,/m/0c3zpr,,Greece
Alamance,/m/0yctr,,United States
Alameda,/m/0135g,,United States
Alaminos,/m/06jz42,,Philippines
Alamo,/m/020y4_g,,United States
Alamo,/m/0ys8n,,United States
Alamo Heights,/m/0_y2m,,United States
Alamogordo,/m/0xvnm,,United States
Alamor,/m/07s75kj,,Ecuador
Alamosa,/m/0gg9f,,United States
Alamüdün,/m/03wcrk0,,Kyrgyzstan
Alanya,/m/03rnrz,,Turkey
Alashankou,/m/0ch50bm,,People's Republic of China
Alatornio,/m/011cbch5,,Finland
Alausi,/m/03qp1qc,,Ecuador
Alba,/m/0wwf9,,United States
Alba Fucens,/m/049ngf,,Italy
Alba Iulia,/m/023t79,,Romania
Alba Longa,/m/0n184,,Italy
Alba Longa,/m/0n184,,Ancient Rome
Albaniana,/m/0r4x6r9,,Netherlands
Albanopolis,/m/03qcd8p,,Albania
Albany,/m/0dq16,,United States
Albany,/m/013khd,,United States
Albany,/m/0gdmg,,United States
Albany,/m/0rw2x,,United States
Albany,/m/0108s2,,United States
Albany,/m/0tdgj,,United States
Albany,/m/0wvnh,,United States
Albany,/m/0wk12,,United States
Albbruck,/m/02q03tn,,Germany
Albemarle,/m/0ykxv,,United States
Albenga,/m/06svpn,,Italy
Albert,/m/0t55n,,United States
Albert City,/m/0ss4g,,United States
Albert Lea,/m/0v_gw,,United States
Alberta,/m/0wkst,,United States
Albertirsa,/m/07smln,,Hungary
Alberton,/m/04wbbm,,South Africa
Albertville,/m/0q966,,United States
Albertville,/m/0wnpq,,United States
Albia,/m/0t1q1,,United States
Albina,/m/07bp6p,,Suriname
Albion,/m/0s6ns,,United States
Albion,/m/0x4fr,,United States
Albion,/m/0s1ft,,United States
Albion,/m/0t196,,United States
Albion,/m/0yrn,,United States
Albstadt,/m/0c_rhn,,Germany
Albuquerque,/m/0djd3,,United States
Alburgh,/m/01mhqc,,United States
Alburnett,/m/0t0mh,,United States
Albury,/m/0g38r,,Australia
Alcabala,/m/083b5t,,Spain
Alcester,/m/0_skl,,United States
Alchester Roman Town,/m/0bkn_j,,United Kingdom
Alchevsk,/m/060h63,,Ukraine
Alcimoennis,/m/080z1g,,Germany
Alcoa,/m/0_svl,,United States
Alcobendas,/m/09h91k,,Spain
Alcázar de Jerez de la Frontera,/m/0bs179d,,Spain
Alcázar de los Reyes Cristianos,/m/0cd25p,,Spain
Alden,/m/0s_2k,,United States
Alden,/m/0v_hl,,United States
Alden,/m/0tb1w,,United States
Aldrich,/m/0wm43,,United States
Alecrim,/m/03qm8bq,,Brazil
Aledo,/m/0sdj3,,United States
Aledo,/m/0107kh,,United States
Aleg,/m/0cw0mz,,Mauritania
Aleknagik,/m/0qdby,,United States
Aleksandrów Kujawski,/m/03bdr0,,Poland
Aleksandrów Łódzki,/m/022mx0,,Poland
Aleksinac,/m/0cydgb,,Serbia
Aleppo,/m/01505k,,Syria
Alerce,/m/02p26l_,,Chile
Alesia,/m/0cj17x,,France
Alessandria,/m/02bb_4,,Italy
Aleta Wendo,/m/03d0kxv,,Ethiopia
Alexander,/m/0ypn3,,United States
Alexander,/m/0szhy,,United States
Alexander,/m/0qwn8,,United States
Alexander,/m/0tb8g,,United States
Alexander Bay,/m/072c1z,,South Africa
Alexander City,/m/0qc30,,United States
Alexandreia,/m/0d5y0r,,Greece
Alexandria,/m/013g3,,Egypt
Alexandria,/m/013h9,,United States
Alexandria,/m/013jg,,Romania
Alexandria,/m/013gm,,United States
Alexandria,/m/0vzff,,United States
Alexandria,/m/0wtph,,United States
Alexandria,/m/013gz,,United States
Alexandria,/m/0td29,,United States
Alexandria,/m/0_qpv,,United States
Alexandria Arachosia,/m/0270f7t,,Afghanistan
Alexandria Ariana,/m/0270f6f,,Afghanistan
Alexandria Asiana,/m/026_l_5,,Iran
Alexandria Bucephalous,/m/027ppv0,,Seleucid Empire
Alexandria Carmania,/m/0vsfzkz,,Iran
Alexandria Eschate,/m/043tjn,,Tajikistan
Alexandria Prophthasia,/m/0_qfdbx,,Afghanistan
Alexandria Troas,/m/013hr,,Turkey
Alexandria in Orietai,/m/0w2z7nc,,Pakistan
Alexandria on the Caucasus,/m/03yhbs,,Afghanistan
Alexandria on the Indus,/m/04_wkt,,Pakistan
Alexandropolis Maedica,/m/06zjw65,,http://www.wikidata.org/.well-known/genid/3650aac376cd18b798c41a2e5c931354
Alexandroupolis,/m/05sykp,,Greece
Aley,/m/02p8gtb,,Lebanon
Aleșd,/m/01r1c5,,Romania
Alfeld (Leine),/m/0143xg,,Germany
Alfredo Baquerizo Moreno,/m/060lfg,,Ecuador
Algarrobo,/m/04ldc53,,Chile
Algiers,/m/0rtv,,Algeria
Algodones,/m/0410q8,,Mexico
Algoma,/m/0114d0,,United States
Algona,/m/0t0dy,,United States
Algona,/m/010r51,,United States
Algonac,/m/0vq3t,,United States
Alhambra,/m/0q_wd,,United States
Alhué,/m/0cmd8nh,,Chile
Ali Sabieh,/m/09bb1z,,Djibouti
Alicante,/m/0zc6,,Spain
Alice,/m/0ynbj,,United States
Alice,/m/0104r9,,United States
Aliceville,/m/0qbcr,,United States
Aligarh,/m/02cb66,,India
Alinda,/m/09tcbb,,Turkey
Alingsås,/m/02p3h38,,Sweden
Aliquippa,/m/0zjyp,,United States
Alishan Township,/m/07khf8_,,Taiwan
Aliso Viejo,/m/0r29m,,United States
Aliyu Amba,/m/03nnltg,,Ethiopia
Allada,/m/09ld29,,Benin
Allakaket,/m/0qhz_,,United States
Allardt,/m/0_trz,,United States
Allegan,/m/0v0q8,,United States
Allegheny,/m/03xcc6,,United States
Alleman,/m/0t2df,,United States
Allen,/m/0fvzp0,,Argentina
Allen,/m/0__6g,,United States
Allen,/m/0tdlp,,United States
Allen,/m/0t883,,United States
Allen Park,/m/0vrkz,,United States
Allendale,/m/0x125,,United States
Allendorf (Lumda),/m/0f5hxr,,Germany
Allenhurst,/m/0rxsd,,United States
Allentown,/m/0_3cs,,United States
Allentown,/m/0rt8r,,United States
Allerton,/m/0t45x,,United States
Alliance,/m/0yjlm,,United States
Alliance,/m/0x4hg,,United States
Alliance,/m/013jyd,,United States
Allianoi,/m/0bbngb,,Turkey
Allifae,/m/0893rs,,Italy
Allison,/m/0ss7x,,United States
Alloa,/m/020w1_,,United Kingdom
Allondrelle-la-Malmaison,/m/03hlffl,,France
Allschwil,/m/0g77wr,,Switzerland
Allstedt,/m/0d3_hy,,Germany
Alma,/m/03lm3q,,United States
Alma,/m/0qslr,,United States
Alma,/m/0x754,,United States
Alma,/m/0xhl_,,United States
Alma,/m/0v6nr,,United States
Alma,/m/0tc5j,,United States
Alma,/m/0rszb,,United States
Almaty,/m/0151s1,,Kazakhstan
Almazna,/m/0gt4xn,,Ukraine
Almeirim,/m/05h3zbr,,Brazil
Almena,/m/0t96g,,United States
Almere,/m/0vh7g,,Netherlands
Almetyevsk,/m/08ls82,,Russia
Almirante Tamandaré,/m/09rs3hg,,Brazil
Almont,/m/0ypyq,,United States
Aloja,/m/0c3sy9,,Latvia
Alokopennesos,/m/07s974p,,Turkey
Alor Setar,/m/04p9tf,,Malaysia
Aloros,/m/06zngsc,,Greece
Alos,/m/04mx0dy,,Greece
Alotau,/m/0f4d9b,,Papua New Guinea
Alpena,/m/0v11m,,United States
Alpha,/m/0w2w1,,United States
Alpharetta,/m/0rwl1,,United States
Alphen aan den Rijn,/m/0w9wg,,Netherlands
Alpine,/m/010gmr,,United States
Alpine,/m/0_yvx,,United States
Alpirsbach,/m/0f5j09,,Germany
Alpuri,/m/02vl571,,Pakistan
Alqosh,/m/027yn8,,Iraq
Alquízar,/m/02871c0,,Cuba
Alsdorf,/m/091p0y,,Germany
Alsen,/m/0ynml,,United States
Alsfeld,/m/0bkl13,,Germany
Alsium,/m/08947m,,Italy
Alsleben,/m/0cwycb,,Germany
Alsózsolca,/m/02rbvyr,,Hungary
Alta,/m/0q40pfl,,Norway
Alta,/m/0ss4t,,United States
Alta Floresta d'Oeste,/m/027dqhd,,Brazil
Alta Gracia,/m/047qcb,,Argentina
Alta Vista,/m/0st0b,,United States
Alta Vista,/m/0tc5w,,United States
Altai,/m/0fjbdk,,Mongolia
Altai,/m/02vndh3,,Kazakhstan
Altai,/m/02vndh3,,Soviet Union
Altai,/m/02vndh3,,Russian Empire
Altamira,/m/053t90,,Brazil
Altamont,/m/0s6qh,,United States
Altamont,/m/0t7zg,,United States
Altamonte Springs,/m/01zxzv8,,United States
Altanbulag,/m/07r1m_,,Mongolia
Altdorf,/m/01w5sg,,Switzerland
Altdorf bei Nürnberg,/m/05d1ny,,Germany
Altena,/m/01900y,,Germany
Altenberg,/m/0f5jb1,,Germany
Altenburg,/m/02l3p1,,Germany
Altenburg,/m/0wyz1,,United States
Altenkirchen,/m/04qtvn,,Germany
Altensteig,/m/0dykz2,,Germany
Altentreptow,/m/0f5jm3,,Germany
Altheimer,/m/0qtyz,,United States
Altinum,/m/07qk9j,,Italy
Altlandsberg,/m/0f5jq0,,Germany
Alto Alegre,/m/0g151v,,Brazil
Alto Alegre dos Parecis,/m/027dqjf,,Brazil
Alton,/m/0sc6p,,United States
Alton,/m/0wyps,,United States
Alton,/m/010372,,United States
Alton,/m/0t367,,United States
Alton,/m/0t9bz,,United States
Altoona,/m/0zlt9,,United States
Altoona,/m/01121q,,United States
Altoona,/m/0t2ds,,United States
Altoona,/m/0tcdd,,United States
Altura,/m/0wncp,,United States
Alturas,/m/0r1wl,,United States
Altus,/m/0qt41,,United States
Altus,/m/0z6jc,,United States
Altyn asyr,/m/0640k9p,,Turkmenistan
Altötting,/m/04rlt4,,Germany
Aluminé,/m/03hj696,,Argentina
Alushta,/m/071q8d,,Russia
Alushta,/m/071q8d,,Ukraine
Alva,/m/08kdb2,,United Kingdom
Alva,/m/0zbtn,,United States
Alvarado,/m/0b6p1wd,,Mexico
Alvarado,/m/0104w3,,United States
Alvarado,/m/0w5pj,,United States
Alvin,/m/0_yk2,,United States
Alvorada,/m/027vfpb,,Brazil
Alvorada,/m/0b3fds,,Brazil
Alvord,/m/0t0z6,,United States
Alwar,/m/02mrrv,,India
Alwernia,/m/022mp5,,Poland
Alyth,/m/0451x6,,United Kingdom
Alytus,/m/0383pn,,Lithuania
Alyzeia,/m/07s84w9,,Greece
Alzenau,/m/0dmf50,,Germany
Alzey,/m/02hf1v,,Germany
Alūksne,/m/094gr0,,Latvia
Am Dafok,/m/0h1d2_k,,Central African Republic
Am Timan,/m/03cghq,,Chad
Amador City,/m/01z9w3n,,United States
Amagasaki,/m/01wngp,,Japan
Amajari,/m/026cd5h,,Brazil
Amancio,/m/03cblzk,,Cuba
Amantia,/m/026tbc7,,Albania
Amara,/m/0bq0sh,,Romania
"Amara, Nubia",/m/0kbj6wf,,Sudan
Amaragadhi,/m/02vzv8p,,Nepal
Amarah,/m/03qm85,,Iraq
Amaravati,/m/012tql__,,India
Amarete,/m/0b6gnb2,,Bolivia
Amarillo,/m/013n60,,United States
Amarna,/m/0kqg3,,Egypt
Amasya,/m/04sy85,,Turkey
Amathus,/m/0s6b,,Cyprus
Amaya,/m/03wzcr,,Spain
Amazonia,/m/0ws70,,United States
Amba Mariam,/m/05fgd8,,Ethiopia
Ambala,/m/06ycn4,,India
Ambalangoda,/m/03h470t,,Sri Lanka
Ambam,/m/090pdv,,Cameroon
Ambanja,/m/0f2d7h,,Madagascar
Ambato,/m/03__m0,,Ecuador
Amber,/m/0p1kq,,India
Amberg,/m/01b6pf,,Germany
Ambernath,/m/0d__0q,,India
Ambikapur,/m/04tk1x,,India
Ambler,/m/0qgqn,,United States
Ambo,/m/06ryz_,,Ethiopia
Ambo,/m/03h4jl9,,Peru
Ambon,/m/02kstz,,Indonesia
Amboy,/m/0sbfh,,United States
Amboy,/m/0vv95,,United States
Ambracia,/m/0p9y,,Greece
Ambrolauri,/m/099wdp,,Georgia
Ambrose,/m/0yntt,,United States
Ambrose,/m/0rvbq,,United States
Ambrussum,/m/02cll7,,France
Amelas,/m/012gbmsj,,Turkey
Amenia,/m/0ynbw,,United States
American Canyon,/m/0r24y,,United States
American Falls,/m/0s2jl,,United States
American Fork,/m/010gn4,,United States
Americana,/m/02krhv,,Brazil
Americus,/m/0t88g,,United States
Americus,/m/0rz2y,,United States
Ameriola,/m/0ds28gk,,Italy
Amery,/m/0117pf,,United States
Ames,/m/0105m2,,United States
Ames,/m/0nmj,,United States
Amesbury,/m/01m7m3,,United States
Ameselum,/m/03b__gz,,Italy
Amfissa,/m/075wl6,,Greece
Amherst,/m/0105d3,,United States
Amherst,/m/0d739,,United States
Amherst,/m/0yzvj,,United States
Amidon,/m/0yrgs,,United States
Amiens,/m/0l17s,,France
Amilos,/m/04q3cn_,,Greece
Amiternum,/m/01c_gh,,Italy
Amity,/m/0zglj,,United States
Amity,/m/0qs2t,,United States
Amlapura,/m/02633th,,Indonesia
Amman,/m/0c7zf,,Jordan
Ammon,/m/0s15h,,United States
Amnisos,/m/0b7xpc,,Greece
Amol,/m/03d8k7,,Iran
Amorbach,/m/04dn2l,,Germany
Amoret,/m/0wsmr,,United States
Amorium,/m/0c8klk,,Turkey
Amorka,/m/0gky0qp,,Nigeria
Amory,/m/0wr23,,United States
Amos,/m/063yjyx,,Turkey
Amoudah,/m/02pzqmn,,Syria
Amphawa,/m/0cv8r8,,Thailand
Amphicleia,/m/0f5763,,Greece
Amphidolis,/m/0bbtphp,,Greece
Amphigeneia,/m/04jc57g,,Greece
Amphilochian Argos,/m/0gmdx99,,Greece
Amphimalla,/m/0d83cr,,Greece
Amphipolis,/m/0slq,,Greece
Amravati,/m/037vmr,,India
Amreli,/m/08s_34,,India
Amriswil,/m/0g30gn,,Switzerland
Amritsar,/m/029kpy,,India
Amroha,/m/06sx5h,,India
Amsterdam,/m/0k3p,,Netherlands
Amsterdam,/m/01mddx,,United States
Amsterdam,/m/0wsn2,,United States
Amvrosiivka,/m/0djvyc,,Ukraine
Amvrosiivka,/m/0djvyc,,Soviet Union
Amydon,/m/07kfg0s,,Greece
Amyrus,/m/0km50gw,,Greece
Amyzon,/m/03m6xmn,,Turkey
América,/m/037r2n,,Argentina
Amöneburg,/m/0csbyb,,Germany
An der Schmücke,/m/03cckn5,,Germany
Anaco,/m/042wlg,,Venezuela
Anaconda,/m/03n8s4,,United States
Anacortes,/m/010t6_,,United States
Anadarko,/m/0z4df,,United States
Anaheim,/m/0k9p4,,United States
Anahuac,/m/0_zy3,,United States
Anak Bukit,/m/0fnfmh,,Malaysia
Anaktuvuk Pass,/m/0qglx,,United States
Anamoose,/m/0h7rh,,United States
Anamosa,/m/0t04b,,United States
Anand,/m/05k2jm,,India
Ananindeua,/m/0f92r9,,Brazil
Ananiv,/m/0gt2p9,,Ukraine
Anapra,/m/04b9qjr,,Mexico
Anathoth,/m/0hykz,,Palestine
Anazarbus,/m/0p4q,,Turkey
Ancaster Roman town,/m/0284wwd,,United Kingdom
Anchorage,/m/0g_wn2,,United States
Anchorage,/m/0tf8t,,United States
Anchovy,/m/076vp6w,,Jamaica
Ancient Argishtikhinili,/m/0p3m1c9,,Armenia
Ancient Carthage,/m/03bxx70,,
Ancient City of Vijayanagara,/m/02650_z,,India
Ancient Corinth,/m/03qmr1n,,Greece
Ancient Linzi,/m/0g5qyp,,People's Republic of China
Ancient Ostra,/m/0gjx97,,Italy
Ancient Thera,/m/05pdkk0,,Greece
Ancona,/m/0dtyg,,Italy
Ancuabe,/m/03whsw3,,Mozambique
Ancud,/m/04555t,,Chile
Andacollo,/m/0cxjql,,Chile
Andahuaylas,/m/0c6pfn,,Peru
Andale,/m/0tbjc,,United States
Andalgalá,/m/0dkcw0,,Argentina
Andalusia,/m/0q65t,,United States
Andania,/m/0fz99w,,Greece
Andenne,/m/017sdj,,Belgium
Anderlecht,/m/013vdz,,Belgium
Andernach,/m/05kykh,,Germany
Anderson,/m/0qd8t,,United States
Anderson,/m/0sngf,,United States
Anderson,/m/010214,,United States
Anderson,/m/0r6nl,,United States
Anderson,/m/0wxqm,,United States
Anderson,/m/0_kfv,,United States
Andersonville,/m/013t9,,United States
Anderston,/m/0448rv,,United Kingdom
Andetrium,/m/03qf0st,,Croatia
Andijan,/m/02p409,,Uzbekistan
Andimeshk,/m/060kdc,,Iran
Andkhoy,/m/076bdf,,Afghanistan
Andong,/m/03v94_,,South Korea
Andorra la Vella,/m/0g53z,,Andorra
Andover,/m/0stgw,,United States
Andover,/m/0t5g7,,United States
Andover,/m/0vspk,,United States
Andrew,/m/0s_pt,,United States
Andrews,/m/0yfb6,,United States
Andrews,/m/0_xj6,,United States
Andria,/m/07swqp,,Italy
Andriaca,/m/0b77t5d,,Turkey
Andrijevica,/m/02b37w,,Montenegro
Andrushivka,/m/0gt28w,,Ukraine
Andrychów,/m/022m21,,Poland
Anemurium,/m/0fxrq2,,Turkey
Anenii Noi,/m/082mp5,,Moldova
Anenii Noi,/m/082mp5,,Ottoman Empire
Anenii Noi,/m/082mp5,,Soviet Union
Anenii Noi,/m/082mp5,,Russian Empire
Anenii Noi,/m/082mp5,,Russian Republic
Anenii Noi,/m/082mp5,,Kingdom of Romania
Anenii Noi,/m/082mp5,,Moldavian Democratic Republic
Anenii Noi,/m/082mp5,,Principality of Moldavia
Aneta,/m/0yq25,,United States
Anfa,/m/09gv35,,Morocco
Anfa,/m/09gv35,,Mauretania
Angeles,/m/03g7bg,,Philippines
Angels Camp,/m/0qy9x,,United States
Angermünde,/m/0489hn,,Germany
Angers,/m/0l4lj,,France
Angier,/m/0ygwr,,United States
Angkor,/m/0mcq2,,Cambodia
Angleton,/m/0_ykg,,United States
Angoche,/m/03xrn2,,Mozambique
Angol,/m/0845v6,,Chile
Angola,/m/0sq5c,,United States
Angoon,/m/0qg_z,,United States
Angoor Adda,/m/04ld0_2,,Pakistan
Angra dos Reis,/m/053zz_,,Brazil
Angren,/m/03mf7p2,,Uzbekistan
Angus,/m/0106_m,,United States
Ani,/m/0lr61,,Turkey
Aniak,/m/0qct6,,United States
Anillaco,/m/0bwm4ps,,Argentina
Anina,/m/0gtt5,,Romania
Aninoasa,/m/06b0qp,,Romania
Anita,/m/0ssmy,,United States
Anjangaon,/m/0d__ty,,India
Anju,/m/0ct_f1,,North Korea
Anjō,/m/01wlss,,Japan
Ankang,/m/056ncz,,People's Republic of China
Ankara,/m/0jyw,,Turkey
Ankaran,/m/04040d0,,Slovenia
Ankeny,/m/0t2f3,,United States
Anklam,/m/01238q,,Germany
Anklav,/m/0f05c5,,India
Ankober,/m/04sfhk,,Ethiopia
Ankuwa,/m/0fqn9t8,,Turkey
Ann Arbor,/m/0wh3,,United States
Anna,/m/0__6v,,United States
Anna,/m/0shg2,,United States
Anna Maria,/m/01zx_f8,,United States
Anna Regina,/m/0dd34j,,Venezuela
Anna Regina,/m/0dd34j,,Guyana
Annaba,/m/04m7fh,,Algeria
Annaberg-Buchholz,/m/06hqyd,,Germany
Annaburg,/m/0d32hv,,Germany
Annandale,/m/0wnqd,,United States
Annapolis,/m/0fvwg,,United States
Annapolis,/m/0ww73,,United States
Annecy,/m/02jsr9,,France
Anniston,/m/0q48z,,United States
Anniston,/m/0wxxg,,United States
Annopol,/m/04fwww,,Poland
Annotto Bay,/m/09rv6n8,,Jamaica
Annweiler am Trifels,/m/08552_,,Germany
Anoka,/m/0vspx,,United States
Anor,/m/06lgrg,,France
Anqing,/m/06bchz,,People's Republic of China
Ans,/m/017vnn,,Belgium
Ansan,/m/03v6h7,,South Korea
Ansbach,/m/014ns,,Germany
Anse-à-Pitres,/m/02w_sql,,Haiti
Anseong,/m/03v6j2,,South Korea
Anshan,/m/017t5f,,People's Republic of China
Anshan Persia,/m/05h83n,,Iran
Anshun,/m/0ggf5x,,People's Republic of China
Ansi City,/m/0jt98t5,,People's Republic of China
Anson,/m/0104z7,,United States
Ansonia,/m/01lxt9,,United States
Ansonville,/m/0yczk,,United States
Antakya,/m/0235kc,,Turkey
Antalya,/m/01_hhp,,Turkey
Antananarivo,/m/0fm_1,,Madagascar
Antandrus,/m/0cgs71,,Turkey
Antelope,/m/0zg6b,,United States
Antemnae,/m/07yn00,,Italy
Antequera,/m/05kvr5,,Spain
Anthedon,/m/0pk_g73,,Greece
Anthemous,/m/06w1klv,,Greece
Anthemusias,/m/0d3tyx,,Iraq
Anthon,/m/0t4l9,,United States
Anthony,/m/02080js,,United States
Anthony,/m/0t75x,,United States
Anthylla,/m/0c2n1_,,Egypt
Antibes,/m/01hh1y,,France
Anticyra,/m/07z7b_,,Greece
Antigo,/m/02b8gf,,United States
Antigonia,/m/0b7671,,Albania
Antigonia,/m/0c34mg,,Turkey
Antigonia,/m/0c3khb,,North Macedonia
Antigonia,/m/0c3kct,,Greece
Antigua Guatemala,/m/0146xw,,Guatemala
Antilla,/m/0c2xn8,,Cuba
Antinoöpolis,/m/0dg9c0,,Egypt
Antioch,/m/096p6,,Turkey
Antioch,/m/0qyjk,,United States
Antioch of Pisidia,/m/033kln,,Turkey
Antiochia Lamotis,/m/0bjhkl,,Turkey
Antiochia ad Cragum,/m/0bjh3z,,Turkey
Antiochia ad Pyramum,/m/0bjlzr,,Turkey
Antiochia in Scythia,/m/0bk84x,,Uzbekistan
Antiphellus,/m/0b73rb8,,Turkey
Antissa,/m/09zh3q,,Greece
Antler,/m/0yn1g,,United States
Antlers,/m/0z9nm,,United States
Antofagasta,/m/03n6h_,,Chile
Antoing,/m/017qf1,,Belgium
Anton,/m/0103_c,,United States
Antratsyt,/m/0cbr2k,,Ukraine
Antsirabe,/m/09kszs,,Madagascar
Antsiranana,/m/01nx08,,Madagascar
Antsla,/m/0h5ylf,,Estonia
Antwerp,/m/0fydw,,Belgium
Antônio João,/m/027c2dd,,Brazil
Anupshahr,/m/0f05pz,,India
Anuradhapura,/m/01p_k3,,Sri Lanka
Anvik,/m/0qh_b,,United States
Anyang,/m/03s6_w,,South Korea
Anyang,/m/02fchr,,People's Republic of China
Anykščiai,/m/09v0hw,,Lithuania
Anzhero-Sudzhensk,/m/08v0z4,,Russia
Anáhuac Municipality,/m/02r1s1k,,Mexico
Anápolis,/m/012lbk,,Brazil
Aného,/m/052q_d,,Togo
Aomori,/m/0gqhy,,Japan
Apach,/m/0cn9r9,,France
Apache Junction,/m/0qpgy,,United States
Apalachicola,/m/0rknt,,United States
Apamea,/m/0b_8jf,,Syria
Apamea,/m/0bzthh,,Turkey
Apamea,/m/0b_6k_,,Iraq
Apamea Myrlea,/m/0bzs4k,,Turkey
Apamea Myrlea,/m/0bzs4k,,Kingdom of Pergamon
Apamea Ragiana,/m/0bzr63,,Macedonian Empire
Apamea on the Euphrates,/m/0b_4lk,,Turkey
Apapa,/m/05r8h9,,Nigeria
Aparecida de Goiânia,/m/09vmjw,,Brazil
Apatou,/m/0g4tpf,,France
Ape,/m/0c3vz6,,Latvia
Apeldoorn,/m/0vb3vbs,,Netherlands
Apex,/m/0ylfy,,United States
Aphek,/m/02xstj,,Israel
Aphrodisias,/m/0150r4,,Turkey
Aphrodisias of Cilicia,/m/0gh74bx,,Turkey
Aphytis,/m/080ntpc,,Greece
Apia,/m/0fnzs,,Samoa
Apiolae,/m/076zzf9,,Italy
Apis,/m/0dh3bx,,Egypt
Aplington,/m/0ss87,,United States
Apoera,/m/0g5s4q,,Suriname
Apolda,/m/068rcc,,Germany
Apollonia,/m/0bdhz2,,Libya
Apollonia,/m/05xd5y,,Albania
Apollonia,/m/03g_rf8,,Greece
Apollonia,/m/03c0l9s,,Greece
Apollonia,/m/03c003z,,Greece
Apollonia,/m/03c0kct,,Turkey
Apollonia,/m/03b__m3,,Italy
Apollonia,/m/03c0170,,Greece
Apollonia,/m/03b__s8,,Greece
Apollonia,/m/03b__x1,,Greece
Apollonia,/m/0vpn737,,Turkey
Apollonopolis Parva,/m/0dfdlp,,Egypt
Apollonos Hydreium,/m/0dfyn_,,Egypt
Apolo,/m/04kzxk,,Bolivia
Apopka,/m/0rpff,,United States
Apostolove,/m/0gtqhf,,Ukraine
Appingedam,/m/0v07r,,Netherlands
Apple Valley,/m/0vyxx,,United States
Appleby,/m/0106yv,,United States
Appleton,/m/013nv_,,United States
Appleton,/m/0wk_p,,United States
Appleton City,/m/0w_b3,,United States
Apros,/m/01qqmm,,Turkey
Aptera,/m/0288q4r,,Greece
Apucarana,/m/0f7168,,Brazil
Apulon,/m/0fqsntr,,Romania
Apóstoles,/m/0g77vb,,Argentina
Aqaba,/m/01wh27,,Jordan
Aquae Flaviae,/m/0bdcnm,,Portugal
Aquae Flaviae,/m/0bdcnm,,Ancient Rome
Aquae Sulis,/m/025s3l6,,United Kingdom
Aquilla,/m/0103vw,,United States
Ar,/m/07k881l,,Moab
Ar Ramtha,/m/0bnz98,,Jordan
Ar Rutba,/m/052ltc,,Iraq
Arab,/m/0q6ff,,United States
Arabsiyo,/m/0cz3bk,,Somalia
Arabsiyo,/m/0cz3bk,,Somaliland
Aracaju,/m/01hy84,,Brazil
Aracruz,/m/035rdy,,Brazil
Arad,/m/01t39h,,Israel
Arad,/m/0250b0,,Romania
Araden,/m/09h7fs,,Iraq
Aragnouet,/m/03nv2dl,,France
Aragon,/m/0ryrj,,United States
Araguari,/m/0b0wfc,,Brazil
Araguaína,/m/0f9dyj,,Brazil
Arak,/m/048zmp,,Iran
Aral,/m/06dkfl,,Kazakhstan
Aral Moreira,/m/027c2m8,,Brazil
Arambagh,/m/0f05t2,,India
Arani,/m/08nb03,,Bolivia
Aranjuez,/m/012fn6,,Spain
Aransas Pass,/m/013lr_,,United States
Arapahoe,/m/0yjlz,,United States
Arapahoe,/m/0x6pv,,United States
Arapiraca,/m/051c8k,,Brazil
Araplos,/m/07s94f9,,
Arapongas,/m/03mf7wj,,Brazil
Arar,/m/04pcp_,,Saudi Arabia
Araraquara,/m/04mym6,,Brazil
Araras,/m/02kcn9,,Brazil
Ararat,/m/031vs9,,Australia
Araria,/m/05pnbs,,India
Araruama,/m/027l4j8,,Brazil
Arau,/m/06hn8y,,Malaysia
Arauca,/m/02p07g,,Colombia
Arauco,/m/03qhw23,,Chile
Araucária,/m/0fb4xn,,Brazil
Arauquita,/m/02qhybd,,Colombia
Araure,/m/0gmm73,,Venezuela
Araxa,/m/012hd8h1,,Turkey
Araxá,/m/09_t3r,,Brazil
Araçatuba,/m/03ffs8,,Brazil
Arba,/m/03qj8jv,,Greece
Arba Minch,/m/06k9s5,,Ethiopia
Arbon,/m/0g363d,,Switzerland
Arboye,/m/0fv4tt,,Ethiopia
Arbroath,/m/0k0qc,,United Kingdom
Arbyrd,/m/0wvcv,,United States
Arcade,/m/0rxdq,,United States
Arcadia,/m/02nlsp,,United States
Arcadia,/m/0q_xk,,United States
Arcadia,/m/0rkcd,,United States
Arcadia,/m/0t64r,,United States
Arcadia,/m/0sshg,,United States
Arcadia,/m/0ww7g,,United States
Arcata,/m/0qzgc,,United States
Archdale,/m/013h_r,,United States
Archelais,/m/047pb5l,,Palestinian National Authority
Archer,/m/0rh7f,,United States
Archer,/m/0t1wl,,United States
Archer City,/m/0_xmb,,United States
Archer Lodge,/m/03h526z,,United States
Archidona,/m/05mxnxf,,Ecuador
Archie,/m/0wt9g,,United States
Arcidava,/m/0cnzj8t,,Romania
Arco,/m/0s18m,,United States
Arco,/m/0w4zh,,United States
Arcobara,/m/0gg9bzd,,Romania
Arcola,/m/0s663,,United States
Arcola,/m/01016z,,United States
Ardahan,/m/0b318z,,Turkey
Arden Hills,/m/0xfjf,,United States
Ardmore,/m/0z4l8,,United States
Ardmore,/m/013lj3,,United States
Ardoch,/m/0yry4,,United States
Ardrossan,/m/03vhrh,,United Kingdom
Ardud,/m/02w6pcj,,Romania
Aredale,/m/0ss8l,,United States
Areguá,/m/06xh4n,,Paraguay
Areka,/m/03d0k_z,,Ethiopia
Arekere,/m/0gmslr,,India
Arelate,/m/0knf8,,France
Arendsee,/m/04lxh0,,Germany
Arequipa,/m/01py87,,Peru
Arethusa,/m/06w2b7c,,Greece
Arezzo,/m/0pbjg,,Italy
Argeathae,/m/0520vrf,,Greece
Argedava,/m/07gh5w,,Romania
Argenteuil,/m/01qnvn,,France
Argentomagus,/m/03m9fwg,,France
Argonia,/m/0tb_p,,United States
Argusville,/m/0ync6,,United States
Argyle,/m/020yfrx,,United States
Argyle,/m/0w5pw,,United States
Ariamsvlei,/m/0413m7f,,Namibia
Ariassus,/m/047q4kd,,Turkey
Arica,/m/03mt2k,,Chile
Ariel,/m/02v02w,,Palestine
Arif Wala,/m/0g6nxc,,Pakistan
Ariha,/m/02qhf31,,Syria
Arimathea,/m/02xtb2,,Ancient Rome
Arimo,/m/0s0rb,,United States
Ariogala,/m/0b7gt5,,Lithuania
Arion,/m/0stmp,,United States
Ariquemes,/m/01zmm8,,Brazil
Arish,/m/02hh2g,,Egypt
Arispe,/m/0t3qf,,United States
Aristóbulo del Valle,/m/0bwlzys,,Argentina
Arkadelphia,/m/0qs34,,United States
Arkalyk,/m/0641hp,,Kazakhstan
Arkansas City,/m/0t629,,United States
Arlesheim,/m/0g77y5,,Switzerland
Arlington,/m/0zct9,,United States
Arlington,/m/0td7v,,United States
Arlington,/m/0nqph,,United States
Arlington,/m/010tg8,,United States
Arlington,/m/0sz9c,,United States
Arlington,/m/0t9vk,,United States
Arlington,/m/0whr9,,United States
Arlington,/m/013l54,,United States
Arlington,/m/0rtjq,,United States
Arlon,/m/017wlq,,Belgium
Arma,/m/0t652,,United States
Armadale,/m/0b5hxc,,United Kingdom
Armagh,/m/02dtqs,,United Kingdom
Armavir,/m/012c8xjd,,Armenia
Armavir,/m/051d56,,Russia
Armenia,/m/04djrr,,Colombia
Armentières,/m/043049,,France
Armiansk,/m/0d0n25,,Russia
Armidale,/m/01hl8k,,Australia
Armour,/m/0_q58,,United States
Armstrong,/m/03ybr7,,Canada
Armstrong,/m/0ww4b,,United States
Armstrong,/m/0sz79,,United States
Arneae,/m/012hdwqm,,Turkey
Arneburg,/m/0d4td9,,Germany
Arnegard,/m/0yppg,,United States
Arnhem,/m/0flsf,,Netherlands
Arnis,/m/0cyy1g,,Germany
Arnold,/m/0_gt0,,United States
Arnold,/m/0wwn5,,United States
Arnolds Park,/m/01_41f4,,United States
Arnoldsville,/m/0ryj7,,United States
Arnos Vale,/m/03hlylm,,Saint Vincent and the Grenadines
Arnsberg,/m/019cn6,,Germany
Arnstadt,/m/04pwrt,,Germany
Arnstein,/m/08xnbc,,Germany
Arnstein,/m/09v19n1,,Germany
Arosuka,/m/0jkws0f,,Indonesia
Arp,/m/0108w6,,United States
Arraba,/m/02qhx2w,,Israel
Arrah,/m/06xvh6,,India
Arrecife,/m/04b696,,Spain
Arroyito,/m/0fwnrg,,Argentina
Arroyo Concepción,/m/0b6cysh,,Bolivia
Arroyo Grande,/m/0r5h8,,United States
Arsamosata,/m/0bgm38,,Turkey
Arsinoe,/m/0d7_53,,Cyprus
Arsinoe,/m/0d7_jb,,Cyprus
Arsinoe,/m/0d7d1z,,Greece
Arsinoe,/m/0d7hbn,,Turkey
Arta,/m/07rm47,,Greece
Arta,/m/09bb41,,Djibouti
Artacoana,/m/06w6nny,,Afghanistan
Artemisa,/m/0cb5pc,,Cuba
Artemita,/m/0g585vt,,Iraq
Artern,/m/08h0fs,,Germany
Artesia,/m/0xv25,,United States
Artesia,/m/0q_xz,,United States
Arth,/m/0b4hpt,,Switzerland
Arthur,/m/0s_lc,,United States
Arthur,/m/0ynck,,United States
Artichia,/m/07s9htx,,Albania
Artigas,/m/06xjzt,,Uruguay
Artsyz,/m/0gt2n8,,Ukraine
Artuklu district,/m/0vztwz9,,Turkey
Artvin,/m/063vhr,,Turkey
Arua,/m/079zdk,,Uganda
Arumbakkam,/m/0dj6ch,,India
Arusha,/m/01_fpx,,Tanzania
Arvada,/m/0r8g_,,United States
Arvaikheer,/m/07wtq4,,Mongolia
Arvida,/m/06hx1c,,Canada
Arvin,/m/0q_0k,,United States
Arwad,/m/061b6h,,Syria
Arycanda,/m/0fb2fg,,Turkey
Arys,/m/03ccyqn,,Kazakhstan
Arys,/m/03ccyqn,,Soviet Union
Arys,/m/03ccyqn,,Russian Empire
Arzashkun,/m/02rqx_c,,Turkey
Arzberg,/m/0f5kqk,,Germany
Arzew,/m/06xkt_,,Algeria
Asaak,/m/0ddh3sf,,Parthian Empire
Asaba,/m/06vcp2,,Nigeria
Asadabad,/m/03dsx4,,Afghanistan
Asadal,/m/0fr8km,,Dangun Joseon
Asahikawa,/m/01wf54,,Japan
Asaita,/m/06__g4,,Ethiopia
Asaka,/m/0263g8k,,Uzbekistan
Asaka,/m/01whmp,,Japan
Asan,/m/03v73q,,South Korea
Asansol,/m/03mdt3,,India
Asbury,/m/0svct,,United States
Asbury,/m/0wwfn,,United States
Asbury Park,/m/0xpzj,,United States
Ascención de Guarayos,/m/0b6fqz_,,Bolivia
Aschaffenburg,/m/015_03,,Germany
Aschersleben,/m/06wvr4,,Germany
Ascope,/m/047t16z,,Peru
Ascra,/m/0hznq7s,,Greece
Asenovgrad,/m/054fct,,Bulgaria
Ash Flat,/m/0qt5s,,United States
Ash Grove,/m/0wvqk,,United States
Ashburn,/m/0rzkm,,United States
Ashby,/m/0w03y,,United States
Ashdod,/m/01q2k7,,Israel
Ashdown,/m/0qvc1,,United States
Asheboro,/m/0yjxq,,United States
Asherton,/m/020yjfd,,United States
Asheville,/m/0ydpd,,United States
Ashgabat,/m/0fmsx,,Turkmenistan
Ashikaga,/m/0gp5yl,,Japan
Ashkelon,/m/0fdk4,,Israel
Ashland,/m/0jv5j,,United States
Ashland,/m/01mj8k,,United States
Ashland,/m/0t5v1,,United States
Ashland,/m/0tcsx,,United States
Ashland,/m/0ysjk,,United States
Ashland,/m/0x9d5,,United States
Ashland,/m/0wst7,,United States
Ashley,/m/0yplq,,United States
Ashley,/m/0shtw,,United States
Ashokenagar Kalyangarh,/m/0f06f4,,India
Ashoknagar,/m/071hy4,,India
Ashtabula,/m/0ysn0,,United States
Ashteroth Karnaim,/m/07pshv,,Syria
Ashton,/m/0_s5x,,United States
Ashton,/m/0s1q1,,United States
Ashton,/m/0t1y_,,United States
Ashville,/m/01z24qf,,United States
Asilah,/m/07knvb,,Morocco
Asine,/m/09gjps,,Greece
Asine,/m/05pdfhl,,Greece
Askewville,/m/0yd7w,,United States
Askov,/m/0wcpn,,United States
Asmara,/m/0fnz8,,Eritrea
Asnières-sur-Seine,/m/04blkp,,France
Asosa,/m/07ntwh,,Ethiopia
Asotin,/m/010pnh,,United States
Aspen,/m/0d1qn,,United States
Aspendos,/m/02xpxs,,Turkey
Asperg,/m/0dvpc4,,Germany
Aspinwall,/m/0stn0,,United States
Assab,/m/048jk8,,Eritrea
Assamaka,/m/0b1n3r,,Niger
Assaria,/m/0tbfz,,United States
Assela,/m/07bc72,,Ethiopia
Assen,/m/0jr7d,,Netherlands
Assesos,/m/0dgn8l3,,Turkey
Assis,/m/03ykdy,,Brazil
Assis Brasil,/m/026bd_0,,Brazil
Assomada,/m/08strn,,Cape Verde
Assorus,/m/04t11c,,Italy
Assos,/m/06y9j0,,Turkey
Assumption,/m/0s3ym,,United States
Assur,/m/02wkmf,,Iraq
Astacus in Bithynia,/m/0h975l9,,Turkey
Astana,/m/0fn08,,Kazakhstan
Astara,/m/083vy2,,Azerbaijan
Astara,/m/03lnyr,,Iran
Asti,/m/0cdr3,,Italy
Astoria,/m/0tss,,United States
Astrakhan,/m/01lyhc,,Russia
Asuka,/m/02pyl92,,Japan
Asunción,/m/0fn_m,,Paraguay
Aswan,/m/0_38,,Egypt
Asyut,/m/0b5j6h,,Egypt
Aszód,/m/02rd0p9,,Hungary
Atacames,/m/0ctnpp,,Ecuador
Atal Nagar-Nava Raipur,/m/02rh3_g,,India
Atalaia do Norte,/m/026w_q3,,Brazil
Atalanta,/m/0fjk5j,,Greece
Atalaya,/m/0c8htz,,Peru
Atalissa,/m/0t1t5,,United States
Atambua,/m/0gmjsq,,Indonesia
Atar,/m/04p4m3,,Mauritania
Atarib,/m/0j9lxjl,,Syria
Atarneus,/m/0274q3v,,Turkey
Atascadero,/m/0r5hp,,United States
Atbarah,/m/05770g,,Sudan
Atchison,/m/0t51h,,United States
Aternum,/m/03chshr,,Italy
Ateste,/m/089mcw,,Italy
Atfih,/m/02704hh,,Egypt
Ath,/m/017p6k,,Belgium
Athena,/m/0zfx9,,United States
Athens,/m/0n2z,,Greece
Athens,/m/019k6n,,United States
Athens,/m/0j6gj,,United States
Athens,/m/0q8rs,,United States
Athens,/m/010305,,United States
Athens,/m/0sdgd,,United States
Athens,/m/0_w0h,,United States
Athol,/m/0s20d,,United States
Athol,/m/0tbv4,,United States
Athus,/m/02rr730,,Belgium
Athyra,/m/07sc2pb,,Turkey
Ati,/m/03cgjs,,Chad
Atibaia,/m/02v_cx,,Brazil
Atka,/m/0qcn3,,United States
Atkins,/m/0qwjd,,United States
Atkins,/m/0srm7,,United States
Atkinson,/m/0yjpc,,United States
Atkinson,/m/0x78y,,United States
Atlanta,/m/0_ztb,,United States
Atlanta,/m/013yq,,United States
Atlanta,/m/0sbps,,United States
Atlanta,/m/0wxkg,,United States
Atlanta,/m/0t62n,,United States
Atlantic,/m/0ssn8,,United States
Atlantic Beach,/m/0yf0j,,United States
Atlantic Beach,/m/0rkdw,,United States
Atlantic City,/m/0qlrh,,United States
Atlantis,/m/0rpys,,United States
Atlit Yam,/m/03dmkt,,Israel
Atlántida,/m/0gtwx_0,,Uruguay
Atmore,/m/0q71m,,United States
Atoka,/m/0z41f,,United States
Atomic City,/m/0s0yk,,United States
Atqasuk,/m/0qgm7,,United States
Atrans,/m/03cqjh,,Slovenia
Atsugi,/m/0gp67w,,Japan
Attalla,/m/0q73p,,United States
Attapulgus,/m/0rvqt,,United States
Attapư̄,/m/08y58w,,Laos
Attari,/m/03gvsh9,,India
Attendorn,/m/0bjlxl,,Germany
Attic Tetrapolis,/m/0dcvkh,,Greece
Attica,/m/0slbs,,United States
Attica,/m/0t767,,United States
Attleboro,/m/0tylq,,United States
Attock,/m/05gccq,,Pakistan
Atuntaqui,/m/03qp1qq,,Ecuador
Atwater,/m/0r1r_,,United States
Atwater,/m/0w3bk,,United States
Atwood,/m/0t9sf,,United States
Atyrau,/m/0151sx,,Kazakhstan
Atzeneta del Maestrat,/m/03h1g7c,,Spain
Au Gres,/m/0v1dm,,United States
Aub,/m/0f5k_j,,Germany
Aubange,/m/017wmk,,Belgium
Aubervilliers,/m/02jb8_,,France
Aubrey,/m/0___3,,United States
Aubrives,/m/03cfn_l,,France
Auburn,/m/0xy28,,United States
Auburn,/m/0q8p8,,United States
Auburn,/m/013nng,,United States
Auburn,/m/0r2rz,,United States
Auburn,/m/0tgwk,,United States
Auburn,/m/0tnj1,,United States
Auburn,/m/0x89m,,United States
Auburn,/m/0sg9s,,United States
Auburn,/m/0skzr,,United States
Auburn,/m/0t2vw,,United States
Auburn,/m/0tbrr,,United States
Auburn,/m/0rt1s,,United States
Auburn,/m/0v1ws,,United States
Auburn Hills,/m/0vg6s,,United States
Auburndale,/m/0rr7n,,United States
Auce,/m/0c3w4s,,Latvia
Auchterarder,/m/020w40,,United Kingdom
Auchtermuchty,/m/0451zd,,United Kingdom
Auckland,/m/012ts,,New Zealand
Audubon,/m/0vsw1,,United States
Audubon,/m/0srkj,,United States
Audubon Park,/m/0tf94,,United States
Audun-le-Tiche,/m/02vr22z,,France
Aue,/m/089v_v,,Germany
Aue-Bad Schlema,/m/02vwb8m,,Germany
Auerbach,/m/04nb_0,,Germany
Auerbach in der Oberpfalz,/m/04nbxt,,Germany
Aufina,/m/027wxkf,,Italy
Auflance,/m/03cfnzx,,France
Aughnacloy,/m/09mv3g,,United Kingdom
Augsburg,/m/09f8q,,Germany
Augusta,/m/01ktz1,,United States
Augusta,/m/011221,,United States
Augusta,/m/0qxs0,,United States
Augusta,/m/0cf_n,,United States
Augusta,/m/0t5gl,,United States
Augusta,/m/0w_5n,,United States
Augusta,/m/0tcvq,,United States
Augusta Bilbilis,/m/0drgvp,,Spain
Augusta Raurica,/m/04hp51,,Switzerland
Augusta Suessionum,/m/03wh43c,,France
Augustopolis in Palaestina,/m/04ctbx_,,Ancient Rome
Augustusburg,/m/0f6l7p,,Germany
Augustów,/m/022bct,,Poland
Aulander,/m/0yd86,,United States
Aulendorf,/m/0f6ldk,,Germany
Aulis,/m/0g54n8j,,Greece
Aulnay-sous-Bois,/m/02dt84,,France
Auma-Weidatal,/m/0hnf3sq,,Germany
Aumsville,/m/0zf6j,,United States
Aurangabad,/m/02npk5,,India
Aurelia,/m/0ssyl,,United States
Aurich,/m/02f_43,,Germany
Aurora,/m/0zf6w,,United States
Aurora,/m/0s69k,,United States
Aurora,/m/0yd42,,United States
Aurora,/m/0r8hc,,United States
Aurora,/m/010g61,,United States
Aurora,/m/0sksx,,United States
Aurora,/m/0x72r,,United States
Aurora,/m/020gsh2,,United States
Aurora,/m/010c7m,,United States
Aurora,/m/0ss10,,United States
Aurora,/m/0wx41,,United States
Aurora,/m/0wj1m,,United States
Aurora,/m/0t5y4,,United States
Auroville,/m/048v8w,,India
Ausona,/m/011bsf4_,,Italy
Austell,/m/0rv7w,,United States
Austin,/m/0qvj6,,United States
Austin,/m/0vzm,,United States
Austin,/m/0w7vz,,United States
Austin,/m/0spwy,,United States
Austur-Skaftafellssýsla,/m/0803jz_,,Iceland
Austwell,/m/010826,,United States
Autryville,/m/0yklx,,United States
Auxvasse,/m/0ws_s,,United States
Auzia,/m/0113y_wk,,Algeria
Ava,/m/0wvch,,United States
Ava,/m/0s8fn,,United States
Avadi,/m/0570dc,,India
Avalon,/m/0q_yc,,United States
Avanos,/m/0bhzn1,,Turkey
Avarga,/m/09gbvym,,Mongol Empire
Avaris,/m/044t2m,,Egypt
Avdiivka,/m/0gt3dg,,Ukraine
Aveia,/m/08b1s8,,Italy
Avellaneda,/m/036ybq,,Argentina
Avenal,/m/0q_lr,,United States
Avenida Guerrero,/m/04y7sn0,,Mexico
Aventoft,/m/03c4q90,,Germany
Aventura,/m/0rn65,,United States
Avera,/m/0rxjh,,United States
Avignon,/m/09hzc,,France
Avitta Bibba,/m/0113vj7y,,Tunisia
Avoca,/m/0t2j6,,United States
Avoca,/m/0w858,,United States
Avon,/m/0_p4j,,United States
Avon,/m/0yzw7,,United States
Avon,/m/0wk23,,United States
Avon Lake,/m/0yzwl,,United States
Avon Park,/m/0rl4b,,United States
Avondale,/m/0qph9,,United States
Avondale,/m/0wtrk,,United States
Avondale Estates,/m/0rvs6,,United States
Avrig,/m/04khxl,,Romania
Awala-Yalimapo,/m/07hkng,,France
Awash,/m/06ryjp,,Ethiopia
Aweil,/m/03ckw4y,,South Sudan
Awka,/m/075sfw,,Nigeria
Axtell,/m/0t8h1,,United States
Axum,/m/01t2g8,,Ethiopia
Ayabaca,/m/06wz1v,,Peru
Ayacucho,/m/02pgnv,,Peru
Ayacucho,/m/03hmpjn,,Argentina
Ayagoz,/m/09s9hz,,Kazakhstan
Ayas,/m/07n2tk,,Turkey
Ayaviri,/m/047mftq,,Peru
Aybak,/m/047gn0t,,Afghanistan
Aydarken,/m/03wbfjs,,Kyrgyzstan
Ayden,/m/0yjsx,,United States
Aydoun,/m/063zmlx,,Jordan
Aydın,/m/08n84n,,Turkey
"Ayios Nikolaos, SBA",/m/03wbfq8,,Cyprus
Ayla,/m/0hzrjd6,,Jordan
Ayodhya,/m/0bkr3,,India
Ayoun el Atrous,/m/0b3k1d,,Mauritania
Ayr,/m/017vdg,,United Kingdom
Ayr,/m/0yncx,,United States
Ayrshire,/m/0t234,,United States
Ayvacık,/m/0bhpp1,,Turkey
Az Zubayr,/m/0cfb2r,,Iraq
Azaguié,/m/05p0yt2,,Ivory Coast
Azamgarh,/m/07r65k,,India
Azaz,/m/02823fl,,Syria
Azcapotzalco,/m/03ykmz4,,Aztec Empire
Azle,/m/013n59,,United States
Azogues,/m/07zp9g,,Ecuador
Azougui,/m/04xz43,,Mauritania
Aztec,/m/0xvw_,,United States
Azuga,/m/06b0_z,,Romania
Azul,/m/049f1d,,Argentina
Azusa,/m/0q_z4,,United States
Azángaro,/m/03hg_ss,,Peru
Aßlar,/m/0dprvr,,Germany
Açailândia,/m/0gyw3h,,Brazil
Aïn Beïda,/m/0h073r,,Algeria
Aïn al-Arab,/m/02qhf3d,,Syria
Aït Benhaddou,/m/09bj12,,Morocco
Añatuya,/m/025wnlg,,Argentina
Añisok,/m/03cpnsz,,Equatorial Guinea
Ağrı,/m/07m8mp,,Turkey
Aš,/m/04wwnb,,Czech Republic
Baalbek,/m/0fylc,,Lebanon
Baale of Judah,/m/0ckck6,,Israel
Baar,/m/0dr2sr,,Switzerland
Baarle,/m/0nbfy27,,Belgium
Baarle,/m/0nbfy27,,Netherlands
Baarle-Hertog,/m/014lkz,,Belgium
Baarle-Nassau,/m/0vl3b,,Netherlands
Babadag,/m/0h7rv,,Romania
Babahoyo,/m/072lmc,,Ecuador
Babati,/m/0lqh62t,,Tanzania
Babbila,/m/0m0hvyy,,Syria
Babbitt,/m/0wj1z,,United States
Babek,/m/04jnlsr,,Azerbaijan
Babenhausen,/m/0dn89x,,Germany
Babille,/m/06rymj,,Ethiopia
Babimost,/m/03bl5x,,Poland
Babol,/m/01bs55,,Iran
Baborów,/m/053jb_,,Poland
Baboua,/m/0417pmp,,Central African Republic
Babri,/m/04gj91n,,Burkina Faso
Babruysk,/m/021h2g,,Belarus
Babylon,/m/01cyh,,Iraq
Babylon,/m/01cyh,,Babylonia
Babylon,/m/01cyh,,Sasanian Empire
Babylon,/m/01cyh,,Macedonia
Babylon,/m/01cyh,,Seleucid Empire
Babylon,/m/01cyh,,Achaemenid Empire
Babylon,/m/01cyh,,Neo-Babylonian Empire
Babylon,/m/01cyh,,Ancient Rome
Babylon,/m/01cyh,,Parthian Empire
Babylon,/m/01cyh,,Neo-Assyrian Empire
Babylon,/m/01cyh,,Rashidun Caliphate
Babylon,/m/01mgbh,,United States
Bacabal,/m/0ffhdp,,Brazil
Bacharach,/m/0fyw6,,Germany
Bachatsky,/m/03cjvdq,,Russia
Bachhraon,/m/0f07rb,,India
Backnang,/m/0f_35,,Germany
Backus,/m/0vwcp,,United States
Baconton,/m/0ry5v,,United States
Bacoor,/m/01ytmy,,Philippines
Bacău,/m/0gpfv,,Romania
Bad Aibling,/m/0689nb,,Germany
Bad Arolsen,/m/042vnx,,Germany
Bad Axe,/m/0v7dx,,United States
Bad Belzig,/m/090h_z,,Germany
Bad Bentheim,/m/05q_93,,Germany
Bad Bergzabern,/m/0bzdv5,,Germany
Bad Berka,/m/0b4xxk,,Germany
Bad Berleburg,/m/0blxcs,,Germany
Bad Berneck im Fichtelgebirge,/m/0f6xp7,,Germany
Bad Bevensen,/m/09jc8c,,Germany
Bad Bibra,/m/0cz171,,Germany
Bad Blankenburg,/m/02p1x2,,Germany
Bad Bramstedt,/m/0478f0,,Germany
Bad Breisig,/m/0bntmv,,Germany
Bad Brückenau,/m/07p7cd,,Germany
Bad Buchau,/m/072z3p,,Germany
Bad Camberg,/m/0dps5l,,Germany
Bad Colberg-Heldburg,/m/0f716z,,Germany
Bad Doberan,/m/010bsz,,Germany
Bad Driburg,/m/09rp7_,,Germany
Bad Düben,/m/0f4t6x,,Germany
Bad Dürkheim,/m/04r688,,Germany
Bad Dürrenberg,/m/0c_6tq,,Germany
Bad Dürrheim,/m/0dvnf4,,Germany
Bad Dürrnberg,/m/0j45bt4,,Austria
Bad Elster,/m/0f71cj,,Germany
Bad Ems,/m/06jsc5,,Germany
Bad Fallingbostel,/m/05cfsz,,Germany
Bad Frankenhausen,/m/0b6h1j,,Germany
Bad Frankenhausen,/m/0b6h1j,,German Democratic Republic
Bad Frankenhausen,/m/0b6h1j,,Soviet occupation zone of Germany
Bad Frankenhausen,/m/0b6h1j,,Schwarzburg-Rudolstadt
Bad Frankenhausen,/m/0b6h1j,,German Reich
Bad Freienwalde,/m/0b6h3q,,Germany
Bad Friedrichshall,/m/0dmms0,,Germany
Bad Gandersheim,/m/0254mr,,Germany
Bad Gottleuba-Berggießhübel,/m/04hv24,,Germany
Bad Griesbach im Rottal,/m/02q6s4t,,Germany
Bad Harzburg,/m/06j75s,,Germany
Bad Herrenalb,/m/0f7ngp,,Germany
Bad Hersfeld,/m/01nw48,,Germany
Bad Homburg vor der Höhe,/m/02krn7,,Germany
Bad Honnef,/m/07xrcf,,Germany
Bad Hönningen,/m/0bt14q,,Germany
Bad Iburg,/m/0c8t87,,Germany
Bad Karlshafen,/m/0f7nwf,,Germany
Bad Kissingen,/m/050zvv,,Germany
Bad Kreuznach,/m/04cf7l,,Germany
Bad Krozingen,/m/08p9ps,,Germany
Bad König,/m/0f7p23,,Germany
Bad Königshofen im Grabfeld,/m/05twzv,,Germany
Bad Köstritz,/m/0f7pcf,,Germany
Bad Kötzting,/m/0ff6r3,,Germany
Bad Laasphe,/m/0blxg7,,Germany
Bad Langensalza,/m/03lxd2,,Germany
Bad Lauchstädt,/m/0b9nx3,,Germany
Bad Lausick,/m/0f7pty,,Germany
Bad Lauterberg im Harz,/m/0c8w2g,,Germany
Bad Liebenstein,/m/0f7q60,,Germany
Bad Liebenwerda,/m/0dyhdb,,Germany
Bad Liebenzell,/m/06d4sk,,Germany
Bad Lippspringe,/m/0b9p09,,Germany
Bad Lobenstein,/m/0b9ppr,,Germany
Bad Marienberg,/m/0bc96t,,Germany
Bad Mergentheim,/m/053pc0,,Germany
Bad Muskau,/m/0652pq,,Germany
Bad Muskau,/m/0652pq,,Kingdom of Prussia
Bad Muskau,/m/0652pq,,Duchy of Jawor
Bad Münder am Deister,/m/0c71m0,,Germany
Bad Münstereifel,/m/07wsp2,,Germany
Bad Nauheim,/m/0csbjd,,Germany
Bad Nenndorf,/m/05qysb,,Germany
Bad Neualbenreuth,/m/02q8jf9,,Germany
Bad Neuenahr-Ahrweiler,/m/02l3k_,,Germany
Bad Neustadt an der Saale,/m/0dp4vx,,Germany
Bad Nieuweschans,/m/025ss28,,Netherlands
Bad Oeynhausen,/m/06nx5w,,Germany
Bad Oldesloe,/m/021mds,,Germany
Bad Orb,/m/0f7rtf,,Germany
Bad Pyrmont,/m/04x2fw,,Germany
Bad Radkersburg,/m/08c924,,Austria
Bad Rappenau,/m/0dkzdx,,Germany
Bad Reichenhall,/m/06_g5s,,Germany
Bad Rodach,/m/0f7yfz,,Germany
Bad Sachsa,/m/0c8w3j,,Germany
Bad Salzdetfurth,/m/05xlr5,,Germany
Bad Salzuflen,/m/03fh5v,,Germany
Bad Salzungen,/m/0dn52_,,Germany
Bad Saulgau,/m/0dmzj2,,Germany
Bad Schandau,/m/04nl5m,,Germany
Bad Schmiedeberg,/m/0d3fxs,,Germany
Bad Schussenried,/m/02mbj1,,Germany
Bad Schwalbach,/m/0b9r_m,,Germany
Bad Schwartau,/m/0cn5mr,,Germany
Bad Segeberg,/m/04fhsd,,Germany
Bad Sobernheim,/m/0bqgv3,,Germany
Bad Soden am Taunus,/m/0b9s33,,Germany
Bad Soden-Salmünster,/m/0b9s1c,,Germany
Bad Sooden-Allendorf,/m/0f7ysg,,Germany
Bad Staffelstein,/m/0cg2s5,,Germany
Bad Sulza,/m/0f7ywz,,Germany
Bad Säckingen,/m/07dq6y,,Germany
Bad Sülze,/m/0f7y_2,,Germany
Bad Teinach-Zavelstein,/m/0f7z1l,,Germany
Bad Tennstedt,/m/0f7z2r,,Germany
Bad Tölz,/m/05grqr,,Germany
Bad Urach,/m/0dsp45,,Germany
Bad Vilbel,/m/0djctv,,Germany
Bad Waldsee,/m/0dlng_,,Germany
Bad Weißenstadt,/m/0fkxgw,,Germany
Bad Wildbad,/m/085n13,,Germany
Bad Wildungen,/m/0dmm1f,,Germany
Bad Wilsnack,/m/05qcpr,,Germany
Bad Wimpfen,/m/07p8gh,,Germany
Bad Windsheim,/m/07p8ml,,Germany
Bad Wurzach,/m/0dph57,,Germany
Bad Wörishofen,/m/04wytd,,Germany
Bad Wünnenberg,/m/0bjmcc,,Germany
Bad Zurzach,/m/05ks_4,,Switzerland
Badacsonytomaj,/m/0c6cpj,,Hungary
Badajoz,/m/0f_8w,,Spain
Badalona,/m/0f_b4,,Spain
Baden,/m/0m38g,,Switzerland
Baden-Baden,/m/0m38x,,Germany
Badger,/m/0xfpy,,United States
Badger,/m/0t48n,,United States
Badikaha,/m/05p9d50,,Ivory Coast
Badin,/m/0bn7jv,,Pakistan
Badin,/m/0ykyx,,United States
Badou,/m/052r3f,,Togo
Badr City,/m/07kddby,,Egypt
Badulla,/m/07y0jd,,Sri Lanka
Baelo Claudia,/m/0br5ny,,Spain
Baesweiler,/m/0bfhrn,,Germany
Baeza,/m/07s7t78,,Ecuador
Bafang,/m/0b0nhs,,Cameroon
Bafatá,/m/058w9z,,Guinea-Bissau
Bafia,/m/0b2qlt,,Cameroon
Bafilo,/m/052r44,,Togo
Bafoulabé,/m/064wlk,,Mali
Bafoussam,/m/05bfxg,,Cameroon
Bagalkot,/m/09856j,,India
Bagan,/m/01gg4v,,Myanmar
Bagani,/m/0dgr9fd,,Namibia
Bagansiapiapi,/m/08b07r,,Indonesia
Bagbele,/m/09v6pzq,,Democratic Republic of the Congo
Baghdad,/m/01fqm,,Iraq
Baghdati,/m/044sg2,,Georgia
Baghlan,/m/0632w1,,Afghanistan
Bagley,/m/0szvm,,United States
Bagley,/m/0vxv5,,United States
Bagnell,/m/0wxtq,,United States
Bago,/m/06ncrh,,Myanmar
Bago,/m/06hns7,,Philippines
Bagua,/m/0fy569,,Peru
Bagua Grande,/m/03gq812,,Peru
Bagé,/m/07y0py,,Brazil
Bahacheve,/m/0gtpjn,,Ukraine
Bahawalnagar,/m/092h17,,Pakistan
Bahawalpur,/m/01g34h,,Pakistan
Bahir Dar,/m/05knt5,,Ethiopia
Bahrah governorate,/m/0ggb6v7,,Saudi Arabia
Bahraich,/m/050xh0,,India
Bahía Blanca,/m/036yhf,,Argentina
Bahía Honda,/m/03c8ssz,,Cuba
Bahía de Caráquez,/m/0b3fkc,,Ecuador
Baia,/m/03m0rg,,Italy
Baia Mare,/m/01tdfj,,Romania
Baia Sprie,/m/028ybc,,Romania
Baia de Aramă,/m/069xwk,,Romania
Baia de Arieș,/m/07pyjy,,Romania
Baiake,/m/07s6lgj,,Greece
Baicheng,/m/06m8p6,,People's Republic of China
Baidoa,/m/05kj5v,,Somalia
Baidyabati,/m/0f08w8,,India
Baiersdorf,/m/0f7z66,,Germany
Baiji,/m/01kjm5,,Iraq
Baikonur,/m/018nsx,,Kazakhstan
Bailey,/m/0yj1y,,United States
Bailey,/m/0100z_,,United States
Bailleul,/m/047_3c,,France
Bailundo,/m/03cfg75,,Angola
Bainbridge,/m/0rvr4,,United States
Bainbridge Island,/m/010rvk,,United States
Baird,/m/0_z5l,,United States
Bairgania,/m/0f08zq,,India
Bairnsdale,/m/05jr93,,Australia
Bais,/m/0530d8,,Philippines
Baise,/m/0bm466,,People's Republic of China
Baisha Township,/m/02vtpv1,,Taiwan
Baishan,/m/06fjg5,,People's Republic of China
Baisieux,/m/03h2c2y,,France
Baives,/m/03mh4f8,,France
Baiyin,/m/0bg93n,,People's Republic of China
Baja,/m/03vr4s,,Hungary
Bajawa,/m/0ch46js,,Indonesia
Bajram Curri,/m/02r2mp,,Albania
Bajzë,/m/0gsm1f,,Albania
Bakaata,/m/0fqnwp3,,Lebanon
Bakar,/m/055_ds,,Croatia
Bakel,/m/05g42p,,Senegal
Baker,/m/0xjk1,,United States
Baker,/m/0tkbv,,United States
Baker City,/m/0zbyf,,United States
Bakersfield,/m/0q_0z,,United States
Bakersville,/m/0yhwc,,United States
Bakhchysarai,/m/03v2cx,,Russia
Bakhchysarai,/m/03v2cx,,Ukraine
Bakhmach,/m/0dqfm4,,Ukraine
Bakhmut,/m/0b59b7,,Ukraine
Bako,/m/04gswz6,,Ethiopia
Bakoumba,/m/05xntd,,Gabon
Baktalórántháza,/m/026rh6d,,Hungary
Baku,/m/01gf5,,Azerbaijan
Bala Murghab,/m/047qn3v,,Afghanistan
Balad,/m/05qtr1,,Iraq
Balaka Township,/m/02zvb_,,Malawi
Balakan,/m/04ggg01,,Azerbaijan
Balakliia,/m/0d5cyb,,Ukraine
Balakovo,/m/02gbby,,Russia
Balanga,/m/02v0q0,,Philippines
Balasagun,/m/019r2d,,Kyrgyzstan
Balassagyarmat,/m/03t0cd,,Hungary
Balaton,/m/0w54b,,United States
Balatonalmádi,/m/0c65mj,,Hungary
Balatonboglár,/m/0c668s,,Hungary
Balatonföldvár,/m/02r5ypp,,Hungary
Balatonfüred,/m/025340,,Hungary
Balatonfűzfő,/m/07pr90,,Hungary
Balatonkenese,/m/02r2cqk,,Hungary
Balatonlelle,/m/0c66rw,,Hungary
Balboa,/m/02lztc,,Panama
Balbura,/m/012g47z5,,Turkey
Balcarce,/m/0dnvx3,,Argentina
Balch Springs,/m/0__t5,,United States
Balcones Heights,/m/0_y2_,,United States
Bald Head Island,/m/0ydg1,,United States
Bald Knob,/m/0qxlh,,United States
Baldone,/m/0c3w7k,,Latvia
Baldwin,/m/0whkt,,United States
Baldwin,/m/0rt01,,United States
Baldwin,/m/0s_q4,,United States
Baldwin City,/m/0t6gv,,United States
Baldwin Park,/m/0q_zk,,United States
Baldwyn,/m/013gj0,,United States
Balel Pipariya,/m/0120y4p8,,India
Balf,/m/0c10y3,,Hungary
Balfour,/m/0ypg6,,United States
Balikpapan,/m/02lb6x,,Indonesia
Balingen,/m/0dgzj2,,Germany
Baliwag,/m/06pvtl,,Philippines
Balkanabat,/m/04lpgm,,Turkmenistan
Balkhash,/m/027xy_h,,Kazakhstan
Balkány,/m/026rhc6,,Hungary
Ball Ground,/m/0rt_k,,United States
Balla,/m/06zpd6w,,Greece
Ballarat,/m/01kq5,,Australia
Ballard,/m/010gk5,,United States
Ballary,/m/04hf6x,,India
Ballater,/m/024_jv,,United Kingdom
Ballenstedt,/m/040xp4,,Germany
Ballia,/m/07r5s_,,India
Ballinger,/m/010896,,United States
Ballsh,/m/03dxh0,,Albania
Balltown,/m/0svd4,,United States
Ballwin,/m/0w_hm,,United States
Bally,/m/0267pvz,,India
Ballyconnell,/m/08stsp,,Ireland
Balmazújváros,/m/026mcrj,,Hungary
Balmorhea,/m/01080v,,United States
Balneário Camboriú,/m/09x8z9,,Brazil
Balotra,/m/0dv9gt,,India
Baloži,/m/0c3xwc,,Latvia
Balrampur,/m/09b9lh,,India
Balsa,/m/047td0y,,Portugal
Balsa,/m/047td0y,,Ancient Rome
Balsas,/m/0gk_461,,Ecuador
Balsas,/m/0b53pt,,Brazil
Balta,/m/08wb63,,Ukraine
Balta,/m/0yq8q,,United States
Baltic,/m/0_rlx,,United States
Baltim,/m/05f2x5s,,Egypt
Baltimore,/m/094jv,,United States
Baltoji Vokė,/m/0gh5x4,,Lithuania
Balve,/m/018y04,,Germany
Balvi,/m/0932f3,,Latvia
Balykchy,/m/05cmqr,,Kyrgyzstan
Balzers,/m/06l9ms,,Liechtenstein
Balıkesir,/m/07c3_2,,Turkey
Balș,/m/0297dv,,Romania
Bam,/m/025g79,,Iran
Bamako,/m/0fn13,,Mali
Bamban,/m/06q0mq,,Philippines
Bambari,/m/05ydt6,,Central African Republic
Bambecque,/m/03h29lq,,France
Bamberg,/m/01k1v,,Germany
Bamberg,/m/0_kkz,,United States
Bambey,/m/09h43x,,Senegal
Bamenda,/m/04_9xy,,Cameroon
Bamyan,/m/0403l6g,,Afghanistan
Ban Houayxay,/m/02m0_v,,Laos
Banana,/m/02n2p_,,Democratic Republic of the Congo
Banaswadi,/m/0h_903m,,India
Banbasa,/m/0f09v8,,India
Banchory,/m/024_hf,,United Kingdom
Bancroft,/m/0s1ds,,United States
Bancroft,/m/0t0f8,,United States
Bancroft,/m/0tf9h,,United States
Banda Aceh,/m/04t2vj,,Indonesia
Banda del Río Salí,/m/0b7_y1,,Argentina
Bandar Abbas,/m/02cpsl,,Iran
Bandar Lampung,/m/05pcht,,Indonesia
Bandar Seri Begawan,/m/0fn1m,,Brunei
Bandeirante,/m/09rwq_4,,Brazil
Bandel,/m/0gcfrr,,India
Bandera,/m/0_xsx,,United States
Bandjoun,/m/0b2qn8,,Cameroon
Bandon,/m/0zcc1,,United States
Bandundu,/m/065zk6,,Democratic Republic of the Congo
Bandung,/m/01zll8,,Indonesia
Bandırma,/m/0bj3tn,,Turkey
Baneberry,/m/0_vlj,,United States
Banepa,/m/06ghc_,,Nepal
Banes,/m/03cb9j_,,Cuba
Banff,/m/0bbv0d5,,United Kingdom
Banfield,/m/05zpyw,,Argentina
Banfora,/m/04xzg0,,Burkina Faso
Bangaon,/m/07wdjj,,India
Bangassou,/m/05ydwp,,Central African Republic
Bangem,/m/09k68t0,,Cameroon
Bangil,/m/010rzb0f,,Indonesia
Bangkalan,/m/02qy597,,Indonesia
Bangkinang,/m/02y_gv8,,Indonesia
Bangkok,/m/0fn2g,,Thailand
Bangkok,/m/0fn2g,,Ayutthaya Kingdom
Bangkok,/m/0fn2g,,Konbaung dynasty
Bangkok,/m/0fn2g,,Thonburi Kingdom
Bangkok,/m/0fn2g,,Rattanakosin Kingdom
Bangor,/m/0205m3,,United Kingdom
Bangor,/m/027cnx,,United Kingdom
Bangor,/m/0tr3p,,United States
Bangor,/m/0vr2h,,United States
Bangs,/m/0_yzc,,United States
Bangui,/m/0fn2z,,Central African Republic
Bangula,/m/09k755j,,Malawi
Bani Na'im,/m/03cqfk9,,Palestine
Bani Suheila,/m/02y_lxh,,Palestine
Bani Walid,/m/0262x2t,,Libya
Baniyas,/m/067mgc,,Syria
Banja Luka,/m/0222kd,,Bosnia and Herzegovina
Banjar,/m/0drmv4,,Indonesia
Banjarbaru,/m/0c4_4s,,Indonesia
Banjarmasin,/m/04s0mf,,Indonesia
Banjarnegara,/m/02qrw8w,,Indonesia
Banjul,/m/0j3wt,,The Gambia
Banks,/m/0zgbw,,United States
Bankston,/m/0svdh,,United States
Banner Elk,/m/0yd20,,United States
Banning,/m/0r3dv,,United States
Bannu,/m/09_140,,Pakistan
Banpo,/m/085vsk,,People's Republic of China
Bansberia,/m/0f0bcj,,India
Banská Bystrica,/m/01z0rw,,Slovakia
Banting,/m/0578hl,,Malaysia
Bantry,/m/0ypgk,,United States
Banyo,/m/0b2yrx,,Cameroon
Banyuwangi,/m/0k0p28g,,Indonesia
Baoding,/m/02rr42,,People's Republic of China
Baojhong Township,/m/02qwr31,,Taiwan
Baoji,/m/0b8g8b,,People's Republic of China
Baoshan,/m/0b77hf,,People's Republic of China
Baoshan Township,/m/02rxr_h,,Taiwan
Baotou,/m/04bj4b,,People's Republic of China
Baqa-Jatt,/m/0dybz7,,Israel
Baqubah,/m/0214fm,,Iraq
Bar,/m/03dlqm,,Ukraine
Bar,/m/01yjrm,,Montenegro
Barabai,/m/0871lc,,Indonesia
Barabanki,/m/025sl4l,,India
Baraboo,/m/01mn1g,,United States
Barabás,/m/026r2lp,,Hungary
Baradero,/m/03hmrk8,,Argentina
Baraguá,/m/03cbhxn,,Cuba
Barakaldo,/m/07krw7,,Spain
Baramati,/m/06qt64,,India
Baramulla,/m/099myh,,India
Baran,/m/026dz96,,India
Baranagar,/m/0bjy66,,India
Baranavichy,/m/04r3ww,,Belarus
Baranivka,/m/0gt275,,Ukraine
Baranów Sandomierski,/m/03bl7q,,Poland
Baraolt,/m/0b51mx,,Romania
Barasat,/m/052pm6,,India
Barawa,/m/09rq90,,Somalia
Barbacena,/m/05w5r2,,Brazil
Barbalissos,/m/0f_0jf,,Syria
Barbalissos,/m/0f_0jf,,Byzantine Empire
Barbarikon,/m/03vd6c,,Pakistan
Barberton,/m/0z20w,,United States
Barbourmeade,/m/0tf9v,,United States
Barbourville,/m/0tgm5,,United States
Barby,/m/0d406_,,Germany
Barca,/m/0dhcg9,,Libya
Barcarena,/m/03hkp2z,,Brazil
Barcelona,/m/01f62,,Spain
Barcelos,/m/026w_w8,,Brazil
Barcin,/m/0gnnpf,,Poland
Barcs,/m/0b7s0_,,Hungary
Barczewo,/m/04h7kj,,Poland
Barda,/m/0h4x5q,,Azerbaijan
Bardaï,/m/08_sn9,,Chad
Bardhaman,/m/0566_9,,India
Bardhere,/m/09fc6b,,Somalia
Bardia,/m/05258mc,,Libya
Bardo,/m/03sprm,,Poland
Bardstown,/m/0thfw,,United States
Bardwell,/m/0100t4,,United States
Bardwell,/m/0td87,,United States
Bareilly,/m/03y7cn,,India
Barentsburg,/m/02cx68,,Norway
Barentu,/m/0dl0mp,,Eritrea
Bareq,/m/0jkysc9,,Saudi Arabia
Barga,/m/02qr43h,,
Bargala,/m/02z8nw_,,North Macedonia
Bargny,/m/043p45n,,Senegal
Bargteheide,/m/01h849,,Germany
Bargylia,/m/0j42pc8,,Turkey
Barhani Bazar,/m/0f0c0z,,India
Bari,/m/0c66m,,Italy
Bari,/m/0f0c1_,,India
Bariadi,/m/0m0j9zn,,Tanzania
Bariloche,/m/0375p9,,Argentina
Barinas,/m/03f7mb,,Venezuela
Baring,/m/0wwxs,,United States
Baripada,/m/03wjp7,,India
Baris,/m/0j24f95,,Egypt
Barishal,/m/0gy0q27,,Bangladesh
Barkhamsted,/m/0rdt4,,United States
Barkol Kazakh Autonomous County,/m/09jvj7,,People's Republic of China
Barletta,/m/03rjqq,,Italy
Barlinek,/m/0cwbct,,Poland
Barling,/m/0qx0v,,United States
Barlow,/m/0zc16,,United States
Barlow,/m/0tckn,,United States
Barmer,/m/06hz78,,India
Barmstedt,/m/0cpckq,,Germany
Barnala,/m/0f0c9x,,India
Barnard,/m/0wyjm,,United States
Barnard,/m/0t839,,United States
Barnaul,/m/02dw02,,Russia
Barnes,/m/0tc8m,,United States
Barnes City,/m/013cml,,United States
Barnesville,/m/0xd2x,,United States
Barnesville,/m/0rxn8,,United States
Barnett,/m/0wy4d,,United States
Barney,/m/0yqj8,,United States
Barnflair,/m/0ch7v3,,Netherlands
Barnsdall,/m/0z8st,,United States
Barntrup,/m/03fgw7,,Germany
Barnum,/m/0vvw4,,United States
Barnum,/m/0t48_,,United States
Barnwell,/m/0_kmq,,United States
Barquisimeto,/m/02s3k4,,Venezuela
Barra Mansa,/m/0f6_bw,,Brazil
Barra do Quaraí,/m/07wx93,,Brazil
Barrackpore,/m/0599nt,,India
Barracão,/m/09rtr7n,,Brazil
Barranca,/m/03qkvt8,,Peru
Barranqueras,/m/0csj_n,,Argentina
Barranquilla,/m/02b84b,,Colombia
Barre,/m/01mj0s,,United States
Barreiras,/m/09tds2,,Brazil
Barretos,/m/012px5,,Brazil
Barrett,/m/0w048,,United States
Barrhead,/m/02r7nv,,United Kingdom
Barrie,/m/018dh3,,Canada
Barron,/m/01mj9y,,United States
Barros Blancos,/m/0gvt7bb,,Uruguay
Barru,/m/010qrk3v,,Indonesia
Barry,/m/0sfj8,,United States
Barry,/m/0106_z,,United States
Barry,/m/0vv3b,,United States
Barsinghausen,/m/09hbcv,,Germany
Barstow,/m/0r4cd,,United States
Barstow,/m/010bh_,,United States
Barta'a,/m/02r2d60,,Israel
Barth,/m/065zk_,,Germany
Bartica,/m/04hb3j,,Guyana
Bartlesville,/m/013kbt,,United States
Bartlett,/m/0_wsg,,United States
Bartlett,/m/013lvg,,United States
Bartlett,/m/0t7zt,,United States
Bartoszyce,/m/0229dp,,Poland
Bartow,/m/0rr8d,,United States
Bartın,/m/097hzy,,Turkey
Barueri,/m/03xzld,,Brazil
Baruth/Mark,/m/0f7zc2,,Germany
Baruun-Urt,/m/0fj928,,Mongolia
Barvinkove,/m/0gtrm8,,Ukraine
Barwani,/m/03ng8b,,India
Barwice,/m/0ct5n_,,Poland
Barwick,/m/0rtb3,,United States
Barysaw,/m/0393w9,,Belarus
Basalt,/m/0s0yx,,United States
Basankusu,/m/0cbhhd,,Democratic Republic of the Congo
Basarabeasca,/m/082mpw,,Moldova
Basavakalyan,/m/0f0cnx,,India
Basavanagudi,/m/0bf3tf,,India
Basehor,/m/01_dpty,,United States
Basel,/m/01k4f,,Switzerland
Bashtanka,/m/0gt2vh,,Ukraine
Basilis,/m/04q857_,,Greece
Basingstoke,/m/01ykl0,,United Kingdom
Basirhat,/m/08sftd,,India
Basra,/m/0ft0s,,Iraq
Bassar,/m/052r7c,,Togo
Basse-Rentgen,/m/03qdwd3,,France
Bassersdorf,/m/06mmzt,,Switzerland
Basseterre,/m/0fn3g,,Saint Kitts and Nevis
Bassett,/m/0x95k,,United States
Bassett,/m/0t4wz,,United States
Bassett,/m/0st0p,,United States
Bassianae,/m/0gyw67m,,Serbia
Bassum,/m/0c4rgb,,Germany
Bastogne,/m/017wp1,,Belgium
Bastrop,/m/0tljt,,United States
Bastrop,/m/0_xtl,,United States
Basyoun,/m/02r0w36,,Egypt
Bat Yam,/m/01tjgp,,Israel
Bata,/m/05ntrm,,Equatorial Guinea
Batac,/m/06jw98,,Philippines
Batala,/m/07v5gh,,India
Batallas,/m/09gfdk3,,Bolivia
Batam,/m/035bjw,,Indonesia
Batang,/m/02qgvbn,,Indonesia
Batangas City,/m/02_xyn,,Philippines
Batavia,/m/01mchm,,United States
Batavia,/m/01_6m6h,,United States
Batavia,/m/0s_zf,,United States
Bataysk,/m/0b6f6n,,Russia
Bates City,/m/0wx07,,United States
Batesville,/m/0qtnn,,United States
Batesville,/m/0wr7m,,United States
Batesville,/m/0slfj,,United States
Bath,/m/0bdg5,,United Kingdom
Bath,/m/0yd4f,,United States
Bath,/m/0trv2,,United States
Bathgate,/m/04522b,,United Kingdom
Bathgate,/m/0yq4y,,United States
Bathinda,/m/02s5k3,,India
Bathurst,/m/016ygd,,Canada
Bathurst,/m/01vwhd,,Australia
Bati,/m/06rycn,,Ethiopia
Batiai,/m/07sbdr5,,Greece
Batifa,/m/0kvf8h4,,Iraq
Batken,/m/04r1x3,,Kyrgyzstan
Batman,/m/012fw1,,Turkey
Batna,/m/05s7t_,,Algeria
Baton Rouge,/m/0fvvz,,United States
Batouri,/m/043q1gm,,Cameroon
Batrovci,/m/0bdfjz,,Serbia
Battagram,/m/09lrbh,,Pakistan
Battambang,/m/0c3n9v,,Cambodia
Battenberg (Eder),/m/06hy3r,,Germany
Battle Creek,/m/0x84g,,United States
Battle Creek,/m/0s_lq,,United States
Battle Creek,/m/01fq7,,United States
Battle Ground,/m/010pzr,,United States
Battle Lake,/m/0xf95,,United States
Battlefield,/m/0wvqx,,United States
Battonya,/m/0gmxb1,,Hungary
Batu,/m/06ry31,,Ethiopia
Batu,/m/037nm2,,Indonesia
Batuco,/m/09rm8w,,Chile
Batumi,/m/0c26g,,Georgia
Baturyn,/m/05469n,,Ukraine
Batusangkar,/m/0dlgvx,,Indonesia
Bau Bau,/m/02rwr7_,,Indonesia
Baucau,/m/0bq0hz,,Timor-Leste
Bauchi,/m/06plgb,,Nigeria
Baudette,/m/0w4jd,,United States
Baumholder,/m/06j6_2,,Germany
Baunach,/m/0f86bd,,Germany
Baunatal,/m/0d49m9,,Germany
Baure,/m/09gplb0,,Nigeria
Baures,/m/03m6qg4,,Bolivia
Bauru,/m/03xzpd,,Brazil
Bauska,/m/06qz_s,,Latvia
Bauta,/m/05v3v7,,Cuba
Bautzen,/m/01zvr6,,Germany
Bavet Municipality,/m/07s8bmx,,Cambodia
Bawiti,/m/027hfhw,,Egypt
Bawku,/m/084gct,,Ghana
Baxley,/m/0rsxm,,United States
Baxter,/m/0_wfb,,United States
Baxter,/m/0vyf2,,United States
Baxter,/m/0s_tz,,United States
Baxter Springs,/m/0t5qm,,United States
Bay,/m/0qsh8,,United States
Bay City,/m/0zfqq,,United States
Bay City,/m/0v1xg,,United States
Bay City,/m/01062c,,United States
Bay Lake,/m/0rpgj,,United States
Bay Minette,/m/0pgq_,,United States
Bay Springs,/m/0wqkt,,United States
Bay St. Louis,/m/0wq13,,United States
Bay Village,/m/0yv7v,,United States
Bayamo,/m/06_cpz,,Cuba
Bayankhongor,/m/02p31xz,,Mongolia
Bayannur,/m/02pql8c,,People's Republic of China
Bayard,/m/0xv4n,,United States
Bayard,/m/0x87k,,United States
Bayard,/m/0szvz,,United States
Bayawan,/m/03snsn,,Philippines
Baybay,/m/06sfdr,,Philippines
Bayboro,/m/0yjm9,,United States
Bayburt,/m/0b32nn,,Turkey
Bayerisch Eisenstein,/m/04g23r,,Germany
Bayfield,/m/02nlw7,,United States
Bayonne,/m/0xn5b,,United States
Bayou La Batre,/m/0q97z,,United States
Bayou Vista,/m/0101mp,,United States
Bayport,/m/0wmjv,,United States
Bayreuth,/m/0d58_,,Germany
Bayt 'Idhaqah,/m/076w0_7,,Yemen
Bayt al-Faqih,/m/03gr2cz,,Yemen
Baytown,/m/013m08,,United States
Bayugan,/m/06hlp0,,Philippines
Bazar-Korgon,/m/03wfb5b,,Kyrgyzstan
Bazargan,/m/02w53_3,,Iran
Bazhong,/m/0bfwrf,,People's Republic of China
Bazine,/m/0t94r,,United States
Baía Farta,/m/05t09l4,,Angola
Baños,/m/06933x,,Ecuador
Bački Breg,/m/0c77dc,,Serbia
Beach,/m/0yp0b,,United States
Beach City,/m/0_zyh,,United States
Beachwood,/m/020gwbk,,United States
Beacon,/m/0xzwp,,United States
Beacon,/m/0t13c,,United States
Beaconsfield,/m/0t2rf,,United States
Beaman,/m/0szrj,,United States
Bear Grass,/m/0yhny,,United States
Bear River City,/m/010cnx,,United States
Bearden,/m/0qw37,,United States
Beardsley,/m/0vv3p,,United States
Beardstown,/m/0s3mt,,United States
Bearsden,/m/028hjn,,United Kingdom
Beasley,/m/010179,,United States
Beatrice,/m/0x6sy,,United States
Beattie,/m/0t8hd,,United States
Beattyville,/m/0tgp9,,United States
Beaufort,/m/0yf0w,,United States
Beaufort,/m/0_kq3,,United States
Beaumont,/m/06js4t,,Canada
Beaumont,/m/017q7x,,Belgium
Beaumont,/m/0104lr,,United States
Beaumont,/m/0r3f7,,United States
Beauraing,/m/017s5q,,Belgium
Beaurieux,/m/03qg8_t,,France
Beausoleil,/m/079f0h,,France
Beaver,/m/0srw4,,United States
Beaver,/m/010cm1,,United States
Beaver Bay,/m/0w4f_,,United States
Beaver City,/m/0x6q5,,United States
Beaver Creek,/m/0wgvd,,United States
Beaver Dam,/m/01mk9d,,United States
Beaver Dam,/m/0thhl,,United States
Beaver Falls,/m/0zj_2,,United States
Beavercreek,/m/0yx9b,,United States
Beaverton,/m/0bl5v,,United States
Beaverton,/m/0v5yp,,United States
Beawar,/m/080cl1,,India
Beba Veche,/m/02rc43n,,Romania
Bebra,/m/09hh2r,,Germany
Beccar,/m/09xvgp,,Argentina
Bechet,/m/0c27jz,,Romania
Becker,/m/0whl4,,United States
Beckley,/m/010yjl,,United States
Beckum,/m/0bn6lm,,Germany
Beckville,/m/0107jg,,United States
Beclean,/m/02bqwm,,Romania
Beda Fomm,/m/0852ss,,Libya
Bedburg,/m/0247bn,,Germany
Bedele,/m/03d1119,,Ethiopia
Bedessa,/m/03gr2v1,,Ethiopia
Bedford,/m/0yv8j,,United States
Bedford,/m/01097m,,United States
Bedford,/m/0t3n0,,United States
Bedford,/m/0snfd,,United States
Bedford,/m/0tj2j,,United States
Bedford Heights,/m/0yv8w,,United States
Bedias,/m/0b7mch,,United States
Bee Cave,/m/0109w7,,United States
Beebe,/m/0qxlv,,United States
Beebe Plain,/m/0424jw,,Canada
Beebe Plain,/m/0424jw,,United States
Beech Grove,/m/0snlz,,United States
Beech Mountain,/m/013hql,,United States
Beecher Falls,/m/04c45ym,,United States
Beechwood Village,/m/0tfb5,,United States
Beed,/m/05n5v2,,India
Beelitz,/m/0dvphb,,Germany
Beerfelden,/m/0f8jf1,,Germany
Beersheba,/m/01tdm6,,Israel
Beeskow,/m/0f8jhl,,Germany
Beeville,/m/0_xwp,,United States
Beggs,/m/0z8pc,,United States
Begusarai,/m/04g0c1,,India
Behbahan,/m/060_6n,,Iran
Behiang,/m/02z6b2x,,India
Beica,/m/02w4bn5,,Ethiopia
Beidou Township,/m/028868b,,Taiwan
Beigan Township,/m/02vy218,,Taiwan
Beigang Township,/m/05zk9g5,,Taiwan
Beiguozhuang,/m/0gk2cn,,People's Republic of China
Beihai,/m/021x9z,,People's Republic of China
Beijing,/m/01914,,People's Republic of China
Beiliu,/m/0806f6h,,People's Republic of China
Beilstein,/m/0f8jyn,,Germany
Beilul,/m/026d_w1,,Eritrea
Beinan Township,/m/047qjpb,,Taiwan
Beipu Township,/m/04n106d,,Taiwan
Beira,/m/03mj1d,,Mozambique
Beirut,/m/09bjv,,Lebanon
Beit Hanoun,/m/043wlx,,Palestine
Beit Lahia,/m/04436r,,Palestine
Beit Sahour,/m/05hrj7,,Palestine
Beit She'an,/m/01vt85,,Israel
Beit Shemesh,/m/01vt8l,,Israel
Beit Yala,/m/037jfh,,Palestine
Beitar Illit,/m/01vt9b,,West Bank
Beitbridge,/m/077bwh,,Zimbabwe
Beitunia,/m/03m480r,,Palestine
Bejou,/m/0w5hb,,United States
Bekasi,/m/065tn1,,Indonesia
Bekobod,/m/09_hzd,,Uzbekistan
Bekoji,/m/0262nsz,,Ethiopia
Bel Aire,/m/01_dpy5,,United States
Bela Palanka,/m/023jl6,,Serbia
Bela Vista,/m/027c321,,Brazil
Belas,/m/0j63tyd,,Angola
Belbis,/m/034396,,Egypt
Belcoo,/m/09nxy_,,United Kingdom
Belding,/m/0v82x,,United States
Beled,/m/02r32b6,,Hungary
Beled Hawo,/m/0d_xg9,,Somalia
Beledweyne,/m/031gpw,,Somalia
Belen,/m/0xwxf,,United States
Belfast,/m/01l63,,United Kingdom
Belfast,/m/0ts4s,,United States
Belfield,/m/0yrhg,,United States
Belford Roxo,/m/0f70p6,,Brazil
Belgaum,/m/035z4p,,India
Belgern-Schildau,/m/0pl0jcp,,Germany
Belgorod,/m/02fdqr,,Russia
Belgorod Kievsky,/m/05f7zkj,,Ukraine
Belgrade,/m/0fhzf,,Serbia
Belgrade,/m/0x1xx,,United States
Belgrade,/m/0wk2t,,United States
Belhaven,/m/0yd5t,,United States
Beli Manastir,/m/07cpww,,Croatia
Belize City,/m/0177xm,,Belize
Belišće,/m/013501,,Croatia
Bell,/m/0q_zz,,United States
Bell,/m/0z3s4,,United States
Bell City,/m/0x0g6,,United States
Bell Gardens,/m/0q__d,,United States
Bell Ville,/m/0cpt86,,Argentina
Bella Unión,/m/0b353g,,Uruguay
Bella Villa,/m/0w_jn,,United States
Bella Vista,/m/0g_q_p,,Argentina
Bella Vista,/m/0b6hss1,,Bolivia
Bella Vista,/m/0qrkr,,United States
Bella Vista,/m/02rsj3v,,Argentina
Belladère,/m/02w_tzz,,Haiti
Bellaire,/m/0102gs,,United States
Bellavista,/m/047pcnp,,Peru
Bellbrook,/m/0yx9p,,United States
Belle,/m/013h34,,United States
Belle Fourche,/m/0_pfw,,United States
Belle Glade,/m/0rpz4,,United States
Belle Isle,/m/0rpgw,,United States
Belle Meade,/m/0_tf_,,United States
Belle Plaine,/m/0srml,,United States
Belle Plaine,/m/0tc00,,United States
Belle Plaine,/m/0whcl,,United States
Belleair Beach,/m/0rqxw,,United States
Belleair Bluffs,/m/0rqy6,,United States
Bellechester,/m/013fn0,,United States
Belleek,/m/05y9ly,,United Kingdom
Bellefontaine,/m/0yzqr,,United States
Bellefontaine Neighbors,/m/0w_j_,,United States
Bellefonte,/m/0tdsy,,United States
Bellemeade,/m/0tfbj,,United States
Belleview,/m/0rm_x,,United States
Belleville,/m/018dhx,,Canada
Belleville,/m/0sgtz,,United States
Belleville,/m/0qxtr,,United States
Belleville,/m/0t9_d,,United States
Belleville,/m/0vrl9,,United States
Bellevue,/m/06blzf,,Switzerland
Bellevue,/m/0x99q,,United States
Bellevue,/m/010r6f,,United States
Bellevue,/m/0s_qh,,United States
Bellevue,/m/013jmt,,United States
Bellevue,/m/0s0_9,,United States
Bellevue,/m/0__1_,,United States
Bellevue,/m/0td2p,,United States
Bellewood,/m/0tfbw,,United States
Bellflower,/m/0q__t,,United States
Bellflower,/m/0wy1n,,United States
Bellingham,/m/09snz,,United States
Bellingham,/m/0w45d,,United States
Bellinzona,/m/033v4v,,Switzerland
Bellmead,/m/01067y,,United States
Bells,/m/0_tbh,,United States
Bellville,/m/0_xqt,,United States
Bellville,/m/0rw9t,,United States
Belmond,/m/0t4tj,,United States
Belmont,/m/0ygdl,,United States
Belmont,/m/0r5nt,,United States
Belmont,/m/010y8p,,United States
Belmonte,/m/0h4vbs,,Brazil
Belmopan,/m/0fn4c,,Belize
Belo Horizonte,/m/0l3q2,,Brazil
Beloit,/m/0nj9_,,United States
Beloit,/m/0t8r9,,United States
Belovo,/m/0g51nk,,Russia
Belpre,/m/0z31q,,United States
Belpre,/m/0t6jb,,United States
Beltinci,/m/02n0_s,,Slovenia
Belton,/m/0_xzt,,United States
Belton,/m/0wt9t,,United States
Belton,/m/0_kg5,,United States
Beltrami,/m/0wdfv,,United States
Belvedere,/m/0r1bq,,United States
Belvidere,/m/0s33l,,United States
Belview,/m/0wfvd,,United States
Belville,/m/0ydgd,,United States
Belvue,/m/0t9ll,,United States
Belwood,/m/0yfd0,,United States
Belz,/m/046vbz,,Ukraine
Belzoni,/m/0wqbx,,United States
Belém,/m/024x1x,,Brazil
Belén de Escobar,/m/03m43k4,,Argentina
Bembla,/m/0b6nlbn,,Tunisia
Bemidji,/m/0vtbw,,United States
Ben Ahmed,/m/09rvhm6,,Morocco
Ben Guerir,/m/0h3mypm,,Morocco
Bena,/m/0xcyp,,United States
Benapole,/m/0bprkk,,Bangladesh
Benavides,/m/0100fm,,United States
Benbrook,/m/01097_,,United States
Bend,/m/0zchj,,United States
Bender,/m/029vw8,,Moldova
Bendern,/m/03wd5n0,,Liechtenstein
Bendigo,/m/0gxbl,,Australia
Bendorf,/m/0bshx3,,Germany
Benedict,/m/0ypr5,,United States
Benedict,/m/0tcdr,,United States
Benena,/m/05ms1tx,,Mali
Benešov,/m/04jyr4,,Czech Republic
Bengaluru,/m/09c17,,India
Bengbu,/m/03lrkp,,People's Republic of China
Benghazi,/m/01czt9,,Libya
Bengkalis City,/m/02x8m20,,Indonesia
Bengkulu,/m/0gc8cf,,Indonesia
Benguela,/m/048jlr,,Angola
Benha,/m/08bskx,,Egypt
Benham,/m/0tdz3,,United States
Beni,/m/0655jz,,Democratic Republic of the Congo
Beni Ansar,/m/0b6nnd7,,Morocco
Beni Mazar,/m/02qqc1x,,Egypt
Beni Suef,/m/0dvpbt,,Egypt
Beniane,/m/0bwfsp5,,Algeria
Benicia,/m/0gjdb,,United States
Benidorm,/m/01qzd3,,Spain
Benin City,/m/01v24k,,Nigeria
Benjamin,/m/01057z,,United States
Benjamin Constant,/m/026w_zc,,Brazil
Benkelman,/m/0x6g6,,United States
Benkovac,/m/0ccst1,,Croatia
Benld,/m/0sbyr,,United States
Bennane,/m/0b6dssz,,Tunisia
Bennet,/m/0x7y7,,United States
Bennett,/m/0ssqp,,United States
Bennettsville,/m/0_mnm,,United States
Bennington,/m/0x6d4,,United States
Bennington,/m/0t9dp,,United States
Benoni,/m/02h2j9,,South Africa
Benque Viejo del Carmen,/m/01786g,,Belize
Bensheim,/m/02f6ct,,Germany
Benslimane,/m/05m3bj,,Morocco
Benson,/m/0yhd9,,United States
Benson,/m/0qnr2,,United States
Benson,/m/0wl0c,,United States
Benteng,/m/0j29nm7,,Indonesia
Bentley,/m/0tbk1,,United States
Bento Gonçalves,/m/07mns_,,Brazil
Benton,/m/0qwwz,,United States
Benton,/m/0t5gz,,United States
Benton,/m/0wz_t,,United States
Benton,/m/0tg_r,,United States
Benton,/m/0t2rs,,United States
Benton City,/m/010ppw,,United States
Benton Harbor,/m/0v2bb,,United States
"Benton, Illinois",/m/0s6_2,,United States
Bentonville,/m/0qrl3,,United States
Benwood,/m/010xln,,United States
Benxi,/m/04msjd,,People's Republic of China
Beppu,/m/01wqyp,,Japan
Berane,/m/078p_2,,Montenegro
Berat,/m/01m3lg,,Albania
Berazategui,/m/03hfwv5,,Argentina
Berbera,/m/03q237,,Somalia
Berbera,/m/03q237,,Somaliland
Berbești,/m/04ghmzt,,Romania
Berbérati,/m/05ydyf,,Central African Republic
Berchtesgaden,/m/0b076,,Germany
Berdiansk,/m/03c8yn,,Ukraine
Berdsk,/m/0761vm,,Russia
Berdychiv,/m/05tz1n,,Ukraine
Berea,/m/0yv9l,,United States
Berea,/m/0tgy9,,United States
Beregsurány,/m/026ryww,,Hungary
Berehove,/m/042jkw,,Ukraine
Berenice Epideires,/m/0df__0,,Djibouti
Berenice Panchrysos,/m/0df_q1,,Sudan
Berenike,/m/07s44_v,,Greece
Beresford,/m/013l66,,United States
Berestechko,/m/0g5jdv,,Ukraine
Berestove,/m/0pdn_qb,,Ukraine
Berestyn,/m/0gt4dt,,Ukraine
Berettyóújfalu,/m/02h11n,,Hungary
Berezan,/m/0gtq7h,,Ukraine
Berezhany,/m/06xdmf,,Ukraine
Berezivka,/m/0gt2nz,,Ukraine
Berezne,/m/0g5hx3,,Ukraine
Berezniki,/m/06dptd,,Russia
Berești,/m/04ghqf0,,Romania
Berga,/m/0f8nrv,,Germany
Bergama,/m/02vyfz,,Turkey
Bergamo,/m/01jp4s,,Italy
Berge,/m/03h13xf,,Greece
Bergen,/m/0fm7s,,Norway
Bergen,/m/0bk4ps,,Germany
Bergen,/m/0ypgx,,United States
Bergen auf Rügen,/m/0c4s18,,Germany
Bergen op Zoom,/m/0vl48,,Netherlands
Bergepolis,/m/07s45m4,,Greece
Berger,/m/0wvgl,,United States
Bergheim,/m/090yx_,,Germany
Bergisch Gladbach,/m/01zn4h,,Germany
Bergkamen,/m/0bn52q,,Germany
Bergneustadt,/m/04zbvj,,Germany
Berhampore,/m/09d9p2,,India
Berhida,/m/0dj4yr,,Hungary
Beringen,/m/017nkb,,Belgium
Berissa,/m/0f_2cl,,Turkey
Berisso,/m/02z1d82,,Argentina
Berka/Werra,/m/0f8nz5,,Germany
Berkeley,/m/01jr6,,United States
Berkeley,/m/0w_kp,,United States
Berkeley Lake,/m/0rwwt,,United States
Berkley,/m/0vg74,,United States
Berkley,/m/0srwh,,United States
Berlin,/m/0156q,,Germany
Berlin,/m/02nlwm,,United States
Berlin,/m/0ypbd,,United States
Berlin,/m/0xfhc,,United States
Bermejo,/m/0gttk6f,,Bolivia
Bermuda Run,/m/0yg1h,,United States
Bern,/m/0d6nx,,Switzerland
Bern,/m/0t8_x,,United States
Bernal,/m/02wwlws,,Argentina
Bernard,/m/0svdv,,United States
Bernau bei Berlin,/m/08qkyn,,Germany
Bernburg,/m/04v242,,Germany
Berne,/m/0sjxk,,United States
Bernie,/m/0x0gk,,United States
Bernissart,/m/017p7c,,Belgium
Bernkastel-Kues,/m/05tn4z,,Germany
Bernsdorf,/m/0f8ppf,,Germany
Bernstadt auf dem Eigen,/m/0f8py6,,Germany
Beroun,/m/059_w1,,Czech Republic
Berovo,/m/051994,,North Macedonia
Berrechid,/m/06_wh_9,,Morocco
Berroea,/m/0gmr3k,,Greece
Berry,/m/0tf0w,,United States
Berry Hill,/m/0_tgb,,United States
Berryville,/m/0qs01,,United States
Bersenbrück,/m/0c8tzj,,Germany
Bershad,/m/09j1kx,,Ukraine
Bertha,/m/0wl99,,United States
Berthold,/m/0ys18,,United States
Bertoua,/m/05r_f5,,Cameroon
Bertram,/m/0_z13,,United States
Bertram,/m/0t0mv,,United States
Bertrand,/m/0wxxt,,United States
Berwick-upon-Tweed,/m/0mcmc,,United Kingdom
Berwyn,/m/0s4j6,,United States
Beryozovsky,/m/0282bdr,,Russia
Beryslav,/m/0gtqwn,,Ukraine
Besançon,/m/0ly4n,,France
Besenyszög,/m/026n9dq,,Hungary
Besigheim,/m/09yrd1,,Germany
Bessemer,/m/0q7xl,,United States
Bessemer,/m/0v64b,,United States
Bessemer City,/m/0ygdy,,United States
Beth Nimrah,/m/03sczl,,Jordan
Bethania,/m/0yg80,,United States
Bethany,/m/0rfc1,,United States
Bethany,/m/0wvt_,,United States
Bethany,/m/0z8h3,,United States
Bethel,/m/0yjt7,,United States
Bethel,/m/01z1p0g,,United States
Bethel,/m/0vsq7,,United States
Bethel Heights,/m/0qrlj,,United States
Bethlehem,/m/01cy_,,Palestine
Bethlehem,/m/0rdtj,,United States
Bethlehem,/m/013ksx,,United States
Bethsaida,/m/04hv10,,Israel
Betim,/m/0f92v4,,Brazil
Betong,/m/0f7fv1,,Thailand
Betoukoumba,/m/09v99cz,,Republic of the Congo
Bettendorf,/m/0t2ym,,United States
Bettiah,/m/05pnrl,,India
Bettignies,/m/03mgzhh,,France
Bettles,/m/0qj0c,,United States
Bettrechies,/m/03mgzhv,,France
Betzdorf,/m/0bfc7f,,Germany
Betzenstein,/m/0f8p_b,,Germany
Beulah,/m/0ypwn,,United States
Beulaville,/m/0yg2j,,United States
Beverly,/m/0xl2j,,United States
Beverly,/m/0ty_b,,United States
Beverly,/m/0t83n,,United States
Beverly Hills,/m/0k049,,United States
Beverly Hills,/m/0w_l0,,United States
Beverly Hills,/m/010689,,United States
Beverungen,/m/0bhr82,,Germany
Bevier,/m/0wxkt,,United States
Bevil Oaks,/m/0104m4,,United States
Bevington,/m/013cm7,,United States
Bexbach,/m/0c0ynq,,Germany
Bexley,/m/0ywtq,,United States
Beykoz,/m/05z3cm,,Turkey
Beyla,/m/09c6vg,,Guinea
Beylagan,/m/02plq6c,,Azerbaijan
Beyren-lès-Sierck,/m/03qdwln,,France
Bezer,/m/05q9djp,,
Bezledy,/m/05myntz,,Poland
Bełchatów,/m/0228tm,,Poland
Bełżyce,/m/08bzyt,,Poland
Beşiktaş,/m/03phk4,,Turkey
Bhadrapur,/m/04zvfkm,,Nepal
Bhadreswar,/m/0f0dym,,India
Bhagalpur,/m/02xkdj,,India
Bhakkar,/m/0bnv_7,,Pakistan
Bhaktapur,/m/02jk8d,,Nepal
Bhalwal,/m/088nqs,,Pakistan
Bhamo,/m/06qj07,,Myanmar
Bharatpur,/m/02r82ff,,India
Bharatpur,/m/0flnwl,,Nepal
Bharuch,/m/030928,,India
Bhatpara,/m/06j8vh,,India
Bhavnagar,/m/04ply2,,India
Bhawana,/m/0dry32_,,Pakistan
Bhawanipatna,/m/0cmlbd,,India
Bhera,/m/04bj12,,Pakistan
Bhilai,/m/07bwqj,,India
Bhilai Charoda,/m/0f0gt9,,India
Bhilwara,/m/06gr0t,,India
Bhimdatta,/m/0f430f,,Nepal
Bhimeshwar,/m/047rb60,,Nepal
Bhiria road,/m/0wypgzg,,Pakistan
Bhiwandi,/m/026ly6t,,India
Bhiwani,/m/0980dp,,India
Bhopal,/m/0cw51,,India
Bhubaneswar,/m/03czqs,,India
Bhuj,/m/045d7j,,India
Biankouma,/m/056knz,,Ivory Coast
Biatorbágy,/m/03c603b,,Hungary
Biawak,/m/0g57drh,,Malaysia
Biała,/m/0f2t9l,,Poland
Biała Piska,/m/0284qf9,,Poland
Biała Podlaska,/m/022hmn,,Poland
Biała Rawska,/m/0c2prr,,Poland
Białobrzegi,/m/0c0cgr,,Poland
Białogard,/m/01zkd_,,Poland
Biały Bór,/m/027_sz2,,Poland
Biały Bór,/m/027_sz2,,Kingdom of Poland
Białystok,/m/0cvdh,,Poland
Biba,/m/0j45jv5,,Egypt
Biberach an der Riss,/m/02kxl0,,Germany
Bibracte,/m/042hv5,,France
Bibrka,/m/0dcdwd,,Ukraine
Bicaz,/m/04j1f9,,Romania
Bichena,/m/02z26lc,,Ethiopia
Bicknell,/m/0smtq,,United States
Bicske,/m/0b7_qq,,Hungary
Bidar,/m/03pfvk,,India
Biddeford,/m/0tsxj,,United States
Bidhannagar,/m/08q84s,,India
Bidjabidjan,/m/03cpnx1,,Equatorial Guinea
Bidor,/m/0c40xl,,Malaysia
Bidur,/m/03wclcd,,Nepal
Biecz,/m/08hx69,,Poland
Biedenkopf,/m/0ct4h4,,Germany
Biel/Bienne,/m/02h_4f,,Switzerland
Bielawa,/m/022b00,,Poland
Bielefeld,/m/018m98,,Germany
Biella,/m/042yvt,,Italy
Bielsa,/m/02z9nh_,,Spain
Bielsk,/m/04qb2wm,,Poland
Bielsk,/m/03h4ccd,,Poland
Bielsk Podlaski,/m/022lvw,,Poland
Bielsko-Biała,/m/0jx2b,,Poland
Bierutów,/m/0289mj1,,Poland
Bieruń,/m/022bqq,,Poland
Biesenthal,/m/0f8q5n,,Germany
Bietigheim-Bissingen,/m/0d8d1d,,Germany
Bieżuń,/m/0287m2h,,Poland
Big Bear Lake,/m/0r4d4,,United States
Big Falls,/m/0w42z,,United States
Big Lake,/m/0107ym,,United States
Big Lake,/m/0whlv,,United States
Big Rapids,/m/0vd53,,United States
Big Spring,/m/01046p,,United States
Big Stone City,/m/0_qdx,,United States
Big Timber,/m/0x3yt,,United States
Big Wells,/m/0100bw,,United States
Bigelow,/m/0w8nr,,United States
Bigfork,/m/0w28g,,United States
Biggar,/m/024_kx,,United Kingdom
Biggs,/m/0qy5h,,United States
Bignona,/m/09h36y,,Senegal
Biharkeresztes,/m/026mcwn,,Hungary
Bihać,/m/02n4mk,,Bosnia and Herzegovina
Bijeljina,/m/02p7nv,,Bosnia and Herzegovina
Bijelo Polje,/m/06fc11,,Montenegro
Bijie,/m/03wclzf,,People's Republic of China
Bijnor,/m/07tq45,,India
Bikaner,/m/03csrc,,India
Bila Tserkva,/m/0457mr,,Ukraine
Bilara,/m/0f0hy_,,India
Bilaspur,/m/06h6vg,,India
Bilecik,/m/0b32qw,,Turkey
Bilene,/m/09yngt,,Mozambique
Bilesuvar,/m/03md1gs,,Iran
Bilhorod-Dnistrovskyi,/m/03kk9g,,Ukraine
Biliaivka,/m/0gt2nm,,Ukraine
Bilisht,/m/08mxzb,,Albania
Billerbeck,/m/0bfknb,,Germany
Billings,/m/0x44q,,United States
Billings,/m/0wtlr,,United States
Bilohirsk,/m/08sbdm,,Ukraine
Bilopillia,/m/0gt2cn,,Ukraine
Biloxi,/m/0wq36,,United States
Bilozerske,/m/0gtpxp,,Ukraine
Bilozerske,/m/0gtpxp,,Soviet Union
Biltine,/m/03cgk4,,Chad
Biltmore Forest,/m/0ydqh,,United States
Bilwi,/m/02631dq,,Nicaragua
Bilytske,/m/0gtq25,,Ukraine
Bilytske,/m/0gtq25,,Soviet Union
Bilzen,/m/017n_v,,Belgium
Bima,/m/02qc7w3,,Indonesia
Bimbo,/m/09vbl9,,Central African Republic
Bin-Houyé,/m/05p14zc,,Ivory Coast
Bina-Etawa,/m/0f0jfw,,India
Binche,/m/017q8b,,Belgium
Bindura,/m/097y49,,Zimbabwe
Binford,/m/0yp68,,United States
Bingen,/m/021gdm9,,United States
Bingen am Rhein,/m/044s2n,,Germany
Bingerville,/m/05b5j8,,Ivory Coast
Bingham Lake,/m/0vy5w,,United States
Binghamton,/m/0g5rg,,United States
Bingöl,/m/01g2n1,,Turkey
Binhai New Area,/m/027dqbl,,People's Republic of China
Binjai,/m/0570k_,,Indonesia
Binningen,/m/0g77h7,,Switzerland
Bintuni,/m/0cc9td0,,Indonesia
Binzhou,/m/08987d,,People's Republic of China
Biograd na Moru,/m/06w3yj,,Croatia
Bir Lehlou,/m/082br3,,Western Sahara
Bir Salah,/m/0b6mk58,,Tunisia
Biratnagar,/m/04gr4_,,Nepal
Birch Tree,/m/0w_2k,,United States
Birchwood Village,/m/0wmkj,,United States
Bird City,/m/0t5tc,,United States
Bird Island,/m/0xfm5,,United States
Birendranagar,/m/02qtvqy,,Nepal
Bireuen,/m/02v_6xt,,Indonesia
Birgu,/m/027p53,,Malta
Birgunj,/m/0f28yt,,Nepal
Birigui,/m/03yst5,,Brazil
Birjand,/m/0546sw,,Iran
Birka,/m/01grz,,Sweden
Birkenfeld,/m/04qtwv,,Germany
Birkenhead,/m/01km6_,,United Kingdom
Birkerød,/m/0128ls,,Denmark
Birkirkara,/m/030nt9,,Malta
Birmingham,/m/0k33p,,United Kingdom
Birmingham,/m/0bxz69d,,United States
Birmingham,/m/0lphb,,United States
Birmingham,/m/0vg8j,,United States
Birmingham,/m/0t3sv,,United States
Birsfelden,/m/0g77qb,,Switzerland
Birtha,/m/02pt6s5,,Iraq
Biruința,/m/06wc9p3,,Moldova
Biruința,/m/06wc9p3,,Soviet Union
Birzeit,/m/09h2cf,,Palestine
Birán,/m/04jv76,,Cuba
Birštonas,/m/0bpsyk,,Lithuania
Birżebbuġa,/m/02mt1v,,Malta
Bisbee,/m/0qnrg,,United States
Bisbee,/m/0yrrm,,United States
Biscay,/m/0w6m2,,United States
Bischofsheim in der Rhön,/m/0f8qbw,,Germany
Bischofswerda,/m/031s94,,Germany
Biscoe,/m/0yhx1,,United States
Bishkek,/m/01g9_,,Kyrgyzstan
Bishnupur,/m/0bl944,,India
Bishnupur,/m/0bl944,,Mallabhum
Bishoftu,/m/06rz0h,,Ethiopia
Bishop,/m/01077w,,United States
Bishop,/m/0qzvm,,United States
Bishopbriggs,/m/01h09p,,United Kingdom
Bishopville,/m/0_mdx,,United States
Biskra,/m/05s7mg,,Algeria
Biskupiec,/m/06r7cf,,Poland
Bislig,/m/04m8rf,,Philippines
Bismarck,/m/0fvyz,,United States
Bismarck,/m/0w_dj,,United States
Bismark,/m/015xby,,Germany
Bison,/m/0tb8t,,United States
Bissau,/m/0fn57,,Guinea-Bissau
Bissorã,/m/09c600,,Guinea-Bissau
Bistrica ob Sotli,/m/0bdg9r,,Slovenia
Bistrița,/m/025qq7,,Romania
Biswanath Chariali,/m/0f0jv2,,India
Bisztynek,/m/0287vm7,,Poland
Bisztynek,/m/0287vm7,,Kingdom of Poland
Bitam,/m/04jl6f8,,Gabon
Bitburg,/m/04t3bw,,Germany
Bitlis,/m/06k85g,,Turkey
Bitola,/m/01814,,North Macedonia
Bitterfeld-Wolfen,/m/02vvvs5,,Germany
Bitung,/m/027rckf,,Indonesia
Biwabik,/m/0wj3b,,United States
Bixby,/m/013kgc,,United States
Biysk,/m/01q97f,,Russia
Bizerte,/m/02l4zf,,Tunisia
Biên Hòa,/m/0788ty,,Vietnam
Biñan,/m/04p2dm,,Philippines
Biłgoraj,/m/0229wf,,Poland
Bjelovar,/m/03qc50,,Croatia
Blachownia,/m/0ct67t,,Poland
Black Creek,/m/0ymkb,,United States
Black Diamond,/m/010r6t,,United States
Black Hawk,/m/0rb5f,,United States
Black Jack,/m/0w_lc,,United States
Black Mountain,/m/0ydqv,,United States
Black River,/m/0636yc,,Jamaica
Black River Falls,/m/0113kg,,United States
Black Rock,/m/0qv3h,,United States
Blackburn,/m/013h1s,,United States
Blackduck,/m/0vtd7,,United States
Blackey,/m/0tgp_,,United States
Blackfoot,/m/0s0z7,,United States
Blacklion,/m/0bhh7r,,Ireland
Blackrock,/m/01jr02,,Ireland
Blackshear,/m/0ryn2,,United States
Blackwater,/m/0wv0h,,United States
Blackwell,/m/013m31,,United States
Blackwell,/m/0z6s9,,United States
Bladenboro,/m/0ydbm,,United States
Blagaj Japra,/m/0cnxj69,,Bosnia and Herzegovina
Blahovishchenske,/m/0gt536,,Ukraine
Blaine,/m/0_tzw,,United States
Blaine,/m/010vpk,,United States
Blaine,/m/013f6r,,United States
Blaine,/m/0tgnm,,United States
Blair,/m/011brm,,United States
Blair,/m/0xbjm,,United States
Blairgowrie and Rattray,/m/02940v,,United Kingdom
Blairsburg,/m/0szy0,,United States
Blairstown,/m/0wvx2,,United States
Blairstown,/m/0srmy,,United States
Blairsville,/m/0rzmb,,United States
Blakely,/m/0rw49,,United States
Blakesburg,/m/0t3xm,,United States
Blanchard,/m/013k8r,,United States
Blanchard,/m/0t1_q,,United States
Blanco,/m/0_ybk,,United States
Bland,/m/013h0b,,United States
Blanding,/m/010fxs,,United States
Blandville,/m/0tck_,,United States
Blangkejeren,/m/02z02dy,,Indonesia
Blangpidie,/m/02xc8yc,,Indonesia
Blankenberge,/m/0144c2,,Belgium
Blankenburg,/m/0bbh01,,Germany
Blankenhain,/m/0f91z_,,Germany
Blankensee,/m/03bzr1r,,Germany
Blansko,/m/05n5s_,,Czech Republic
Blantyre,/m/02zv5r,,Malawi
Blatná,/m/0gyhxj,,Czech Republic
Blaubeuren,/m/04q5jq,,Germany
Blaundos,/m/0hhs_xz,,Turkey
Blaustein,/m/0csz0x,,Germany
Bleckede,/m/0c82k7,,Germany
Bled,/m/0h44d,,Slovenia
Bleicherode,/m/0f92b1,,Germany
Blencoe,/m/0t1lm,,United States
Blevins,/m/0qtg2,,United States
Blida,/m/04rdmj,,Algeria
Blieskastel,/m/0c0yqv,,Germany
Bliss,/m/0s1t4,,United States
Blitar,/m/0gc7df,,Indonesia
Bllatë e Sipërme,/m/0nbtx7n,,Albania
Blockton,/m/0t3nc,,United States
Bloemfontein,/m/0c499,,South Africa
Blois,/m/0n5n1,,France
Bloléquin,/m/05p81ms,,Ivory Coast
Blomberg,/m/03fgwz,,Germany
Blomkest,/m/0w3bx,,United States
Bloomer,/m/02nlwz,,United States
Bloomfield,/m/0x0gx,,United States
Bloomfield,/m/0x7tt,,United States
Bloomfield,/m/0xvxq,,United States
Bloomfield,/m/0stz1,,United States
Bloomfield,/m/0thg6,,United States
Bloomfield Hills,/m/0vg8x,,United States
Blooming Prairie,/m/013fl_,,United States
Bloomingdale,/m/0rts_,,United States
Bloomington,/m/0snty,,United States
Bloomington,/m/0xddr,,United States
Bloomington,/m/0sd7v,,United States
Bloomington,/m/0s0v3,,United States
Bloomsdale,/m/0x0dh,,United States
Blora,/m/0g9t4d_,,Indonesia
Blossom,/m/0105bd,,United States
Blountstown,/m/0rjrf,,United States
Blovice,/m/06_ljj,,Czech Republic
Blowing Rock,/m/013hsn,,United States
Blue Ash,/m/0yxlb,,United States
Blue Earth,/m/0vzs4,,United States
Blue Grass,/m/0t2yz,,United States
Blue Hill,/m/0xbtk,,United States
Blue Island,/m/0s4jk,,United States
Blue Lake,/m/0qzh4,,United States
Blue Mound,/m/01098c,,United States
Blue Mound,/m/0t84p,,United States
Blue Rapids,/m/0t8hr,,United States
Blue Ridge,/m/09pcm6,,United States
Blue Ridge,/m/0__75,,United States
Blue Ridge,/m/0rwc5,,United States
Blue Ridge Manor,/m/0tfc6,,United States
Blue Springs,/m/0xhhd,,United States
Blue Springs,/m/0x6t8,,United States
Bluefield,/m/010xv6,,United States
Bluff,/m/02gz1z,,New Zealand
Bluff City,/m/0_wxl,,United States
Bluff City,/m/0t76l,,United States
Bluffdale,/m/010fmt,,United States
Bluffton,/m/0sr0z,,United States
Bluffton,/m/0w9lp,,United States
Blumberg,/m/04wncj,,Germany
Blumenau,/m/02yghz,,Brazil
Blunt,/m/0_qsd,,United States
Blythe,/m/0rtfl,,United States
Blythe,/m/0r3f_,,United States
Blytheville,/m/0qvrv,,United States
Bláskógabyggð,/m/03g_ydn,,Iceland
Blönduós,/m/07q4r9,,Iceland
Bnei Brak,/m/01tpc2,,Israel
Bni Drar,/m/0j_4lq_,,Morocco
Bo,/m/05bjh1,,Sierra Leone
Bo Waterside,/m/02rsky8,,Liberia
Bo'ka,/m/012mzpk0,,Uzbekistan
Bo'ness,/m/01_41m,,United Kingdom
Boa Vista,/m/033b_r,,Brazil
Boaco,/m/06xgt4,,Nicaragua
Boardman,/m/0zfgf,,United States
Boardman,/m/0yfk_,,United States
Boaz,/m/0q740,,United States
Bobingen,/m/0c7kfg,,Germany
Bobo-Dioulasso,/m/02752b,,Burkina Faso
Bobolice,/m/0274sgv,,Poland
Bobonong,/m/09cwyg,,Botswana
Boboszów,/m/03cthgt,,Poland
Bobowa,/m/0gfj5g,,Poland
Bobrovytsia,/m/0gtrtz,,Ukraine
Bobrowniki,/m/026753m,,Poland
Bobrowniki,/m/04gn2m0,,Poland
Bobrynets,/m/0gtrs7,,Ukraine
Boca Raton,/m/0c5v2,,United States
Bocas del Toro,/m/05k_9s,,Panama
Bocchoris,/m/0nb8fqn,,Spain
Bochnia,/m/022b8t,,Poland
Bocholt,/m/03b6z0,,Germany
Bochum,/m/018f94,,Germany
Bock,/m/0w72k,,United States
Bockenem,/m/03zjhc,,Germany
Boconó,/m/03c7rgg,,Venezuela
Bocșa,/m/0gtvy,,Romania
Bodajk,/m/0dhkbd,,Hungary
Bode,/m/0s_gl,,United States
Bodenwerder,/m/05cqzl,,Germany
Boditi,/m/03d026w,,Ethiopia
Bodzentyn,/m/0284bfg,,Poland
Bodø,/m/018b68,,Norway
Boende,/m/06b20k,,Democratic Republic of the Congo
Boerne,/m/01054g,,United States
Boeschepe,/m/03mh45q,,France
Bogalusa,/m/0tn6f,,United States
Bogard,/m/0wt60,,United States
Bogata,/m/0107_s,,United States
Bogatynia,/m/0ct61k,,Poland
Bogen,/m/0dqfy4,,Germany
Bogo,/m/06h489,,Philippines
Bogor,/m/0469v3,,Indonesia
Bogotá,/m/01dzyc,,Colombia
Boguchwała,/m/03h5lfp,,Poland
Bogue,/m/0yf16,,United States
Bogue,/m/0t6z_,,United States
Bogura,/m/06z0zy,,Bangladesh
Boguszów-Gorce,/m/0f49t0,,Poland
Bohechío,/m/03qp2vv,,Dominican Republic
Bohinj,/m/08y6kd,,Slovenia
Bohodukhiv,/m/03jt2_,,Ukraine
Bohumín,/m/0894rk,,Czech Republic
Bohuslav,/m/0wj8v1l,,Ukraine
Boibe,/m/09gc8db,,Greece
Boiling Spring Lakes,/m/0ydgr,,United States
Boiling Springs,/m/0yfdc,,United States
Boise,/m/099ty,,United States
Boise City,/m/0z4xl,,United States
Boizenburg,/m/0dz6ng,,Germany
Bojanowo,/m/0fhm2_,,Poland
Bojnord,/m/04d_x57,,Iran
Bokaro Steel City,/m/06qd_v,,India
Bokhtar,/m/028qml,,Tajikistan
Bokovo-Khrustalne,/m/0gtqzf,,Ukraine
Bokspits,/m/03gx_2p,,Botswana
Bol,/m/03cgm1,,Chad
Bola shareef,/m/03d6dwf,,Pakistan
Bolae,/m/047s0yw,,Italy
Bolckow,/m/0ws7c,,United States
Boldești-Scăeni,/m/0bfd9q,,Romania
Bolekhiv,/m/0gts4d,,Ukraine
Bolesławiec,/m/04jc_gx,,Poland
Bolesławiec,/m/022bd_,,Poland
Bolgatanga,/m/049jdf,,Ghana
Bolgatanga,/m/06znvqw,,Ghana
Bolhrad,/m/06jx3x,,Ukraine
Bolimów,/m/02z4pw9,,Poland
Bolina,/m/0520lvs,,Greece
Bolintin-Vale,/m/0bfddg,,Romania
Bolivar,/m/0wzd6,,United States
Bolivar,/m/0_v85,,United States
Bolivia,/m/0ydh2,,United States
Bollendorf,/m/0f5r7f,,Germany
Bollenduerfer Bréck,/m/0cy9zw,,Luxembourg
Bollineni Hillside,/m/0j7j071,,India
Bolnisi,/m/05wptd,,Georgia
Bolo,/m/0fxych,,Ethiopia
Bolobo,/m/05c0dr8,,Democratic Republic of the Congo
Bologna,/m/096g3,,Italy
Bolskan,/m/0crd8vd,,Spain
Bolsward,/m/0vhqb,,Netherlands
Bolton,/m/0yflb,,United States
Bolton,/m/01zfrt,,United Kingdom
Bolu,/m/05_ndc,,Turkey
Bolungarvík,/m/058lpx,,Iceland
Bolzano,/m/01b3xv,,Italy
Bom Jesus do Sul,/m/09rv0bf,,Brazil
Boma,/m/05cxtv,,Democratic Republic of the Congo
Bonanza,/m/0zdlx,,United States
Bonaparte,/m/0t3t5,,United States
Bondoukou,/m/08n5tk,,Ivory Coast
Bondurant,/m/0t2fg,,United States
Bonesteel,/m/020w9z7,,United States
Bonfim,/m/026cdk5,,Brazil
Bonga,/m/06rxw7,,Ethiopia
Bongor,/m/03cgnt,,Chad
Bongouanou,/m/02pqm36,,Ivory Coast
Bongoville,/m/06tm66,,Gabon
Bonham,/m/0100_b,,United States
Bonifay,/m/0rljw,,United States
Bonita Springs,/m/0rm7r,,United States
Bonn,/m/0150n,,Germany
Bonndorf im Schwarzwald,/m/0f93fk,,Germany
Bonne Terre,/m/0w_dw,,United States
Bonner Springs,/m/013cy1,,United States
Bonners Ferry,/m/0s17y,,United States
Bonney Lake,/m/010str,,United States
Bonnieville,/m/0tf1l,,United States
Bono,/m/0qshz,,United States
Bonon,/m/05p7q3w,,Ivory Coast
Bonoua,/m/05p28bq,,Ivory Coast
Bontang,/m/02pzmbg,,Indonesia
Bonthe,/m/0cbh47,,Sierra Leone
Bonyhád,/m/02rc__n,,Hungary
Boone,/m/01fxl,,United States
Boone,/m/0srwv,,United States
Booneville,/m/0qvf3,,United States
Booneville,/m/0thpf,,United States
Booneville,/m/0wrf5,,United States
Boonville,/m/0ymp6,,United States
Boonville,/m/0wv0v,,United States
Boonville,/m/0sqrp,,United States
Bopfingen,/m/07p81l,,Germany
Boppard,/m/07_ffj,,Germany
Bor,/m/0707zh,,South Sudan
Bor,/m/0707zh,,Kingdom of Egypt
Bor,/m/032r4_,,Serbia
Bor-Öndör,/m/02rrz52,,Mongolia
Borama,/m/0b56fh,,Somalia
Borama,/m/0b56fh,,Somaliland
Bordeaux,/m/01b85,,France
Bordentown City,/m/0xl2w,,United States
Bordj Bou Arreridj,/m/05s7_w,,Algeria
Borek Wielkopolski,/m/0284bgh,,Poland
Borgarbyggð,/m/03qkszg,,Iceland
Borgarnes,/m/033cfn,,Iceland
Borgentreich,/m/0bhr9h,,Germany
Borger,/m/0104dk,,United States
Borgholm,/m/03zv84,,Sweden
Borgholzhausen,/m/0bfpq2,,Germany
Borgloon,/m/017p07,,Belgium
Bori,/m/02vzct7,,Nigeria
Borjomi,/m/0448pn,,Georgia
Borken,/m/0190nt,,Germany
Borken,/m/0dkvgl,,Germany
Borkum,/m/016bc1,,Germany
Bormla,/m/05m5nw,,Malta
Borna,/m/0dlfdp,,Germany
Borne Sulinowo,/m/06r364,,Poland
Bornheim,/m/05dtp2,,Germany
Borongan,/m/06qvlf,,Philippines
Borovnica,/m/0dnq7q,,Slovenia
Borsec,/m/05xtxx,,Romania
Borshchiv,/m/0dqg52,,Ukraine
Borsippa,/m/02yz5k,,Iraq
Borsippa,/m/02yz5k,,Seleucid Empire
Borsippa,/m/02yz5k,,Achaemenid Empire
Borsippa,/m/02yz5k,,Neo-Babylonian Empire
Borsippa,/m/02yz5k,,Old Babylonian Empire
Borsodnádasd,/m/05n034,,Hungary
Borujerd,/m/069td7,,Iran
Borup,/m/0w902,,United States
Boryeong,/m/03v743,,South Korea
Boryslav,/m/02ny4y,,Ukraine
Boryspil,/m/046xy0,,Ukraine
Borzna,/m/0gtrxd,,Ukraine
Borås,/m/0yqqm,,Sweden
Borș,/m/04g1kxx,,Romania
Borșa,/m/04pjgh,,Romania
Boscobel,/m/01mkt6,,United States
Boskovice,/m/03nxly,,Czech Republic
Bosor,/m/07p3yv,,Syria
Bosra,/m/02sqgw,,Syria
Bossangoa,/m/09vbpg,,Central African Republic
Bosseval-et-Briancourt,/m/03m8c59,,France
Bossier City,/m/0tjtx,,United States
Bostic,/m/0ykj4,,United States
Boston,/m/01cx_,,United States
Boston,/m/0rzcz,,United States
Bostwick,/m/0rybn,,United States
Bosworth,/m/0wt6c,,United States
Bothell,/m/013nnt,,United States
Botoșani,/m/023r92,,Romania
Bottineau,/m/0yn1t,,United States
Bottrop,/m/01lsgk,,Germany
Botucatu,/m/03y_z5,,Brazil
Bou Omrane,/m/0135x97g,,Tunisia
Bouaflé,/m/02pqm3k,,Ivory Coast
Bouaké,/m/0491m9,,Ivory Coast
Bouar,/m/05ydxq,,Central African Republic
Boujad,/m/026kdh5,,Morocco
Bouknadel,/m/03mbd2j,,Morocco
Boukoumbé,/m/05m4rf,,Benin
Boulder,/m/0ncj8,,United States
Boulder City,/m/0xc7s,,United States
Boulogne Sur Mer,/m/02x6sw0,,Argentina
Boulogne-Billancourt,/m/011wdm,,France
Boumalne Dades,/m/0b6hc73,,Morocco
Boumerdès,/m/0b95c8,,Algeria
Bouna,/m/056km6,,Ivory Coast
Boundiali,/m/056kvz,,Ivory Coast
Bouneima,/m/07s3q9f,,Greece
Bountiful,/m/010dpm,,United States
Boura,/m/03_yjm,,Greece
Bourbon,/m/0xh8t,,United States
Bourg-Madame,/m/09f09r,,France
Bournemouth,/m/0161jj,,United Kingdom
Bourtange,/m/01z6cf,,Netherlands
Bousbecque,/m/080g1l,,France
Bousignies-sur-Roc,/m/03mgzw5,,France
Bouskoura,/m/0h1d2x2,,Morocco
Bousso,/m/0c70ws,,Chad
Boussé,/m/0b4d9c,,Burkina Faso
Bouton,/m/0sts5,,United States
Bovec,/m/06m82p,,Slovenia
Bovey,/m/0w29h,,United States
Bovill,/m/0s24w,,United States
Bovillae,/m/08hry2,,Italy
Bovina,/m/0107p8,,United States
Bowbells,/m/0yn72,,United States
Bowdle,/m/0_q6_,,United States
Bowdon,/m/0rtn5,,United States
Bowdon,/m/0ys67,,United States
Bowen,/m/0237vw,,Australia
Bowie,/m/0twf_,,United States
Bowie,/m/0106m3,,United States
Bowling Green,/m/0wz4_,,United States
Bowling Green,/m/0tj4y,,United States
Bowling Green,/m/0z3f3,,United States
Bowling Green,/m/0rkwr,,United States
Bowlus,/m/0w7d5,,United States
Bowman,/m/0rw6c,,United States
Bowman,/m/0yn5q,,United States
Box Elder,/m/013l71,,United States
Boxberg,/m/0f93ts,,Germany
Boxholm,/m/0srx6,,United States
Boy River,/m/0vwg2,,United States
Boyarka,/m/0gt3dt,,Ukraine
Boyd,/m/010c7z,,United States
Boyd,/m/0w45r,,United States
Boyden,/m/0t36l,,United States
Boyne City,/m/0v3jq,,United States
Boynton Beach,/m/0rp_m,,United States
Boysun,/m/05mts03,,Uzbekistan
Bozeman,/m/0x1y7,,United States
Bozhou,/m/01vj30,,People's Republic of China
Bozoum,/m/09vbpv,,Central African Republic
Brackenheim,/m/0dpfck,,Germany
Brackettville,/m/01056y,,United States
Bradbury,/m/0r006,,United States
Braddock,/m/0yny7,,United States
Braddyville,/m/0t201,,United States
Bradenton,/m/0rmwd,,United States
Bradenton Beach,/m/01zy996,,United States
Bradford,/m/020d8d,,United Kingdom
Bradford,/m/0_581,,United States
Bradford,/m/0qxm5,,United States
Bradfordsville,/m/0tgzb,,United States
Bradgate,/m/0s_gy,,United States
Bradley,/m/0qv1s,,United States
Brady,/m/010677,,United States
Bragadiru,/m/06_6xp,,Romania
Bragado,/m/05yd63,,Argentina
Bragança,/m/09rw5t_,,Brazil
Bragança Paulista,/m/03y__n,,Brazil
Bragg City,/m/0wyty,,United States
Braham,/m/013frj,,United States
Brahmanbaria,/m/0123rcn1,,Bangladesh
Braidwood,/m/0sj81,,United States
Braine-le-Comte,/m/017q4c,,Belgium
Brainerd,/m/0vyfs,,United States
Braintree,/m/01cj4g,,United States
Brak,/m/02d94v,,Libya
Brake,/m/0c8gz5,,Germany
Brakel,/m/07plcf,,Germany
Brampton,/m/0154fs,,Canada
Bramsche,/m/019v0d,,Germany
Branch,/m/0qt4d,,United States
Brand-Erbisdorf,/m/0f9422,,Germany
Brandenburg,/m/0th7b,,United States
Brandenburg an der Havel,/m/014zvv,,Germany
Brandis,/m/0f9483,,Germany
Brandon,/m/01kxnd,,Canada
Brandon,/m/0_rm7,,United States
Brandon,/m/0ss1c,,United States
Brandon,/m/0vzgg,,United States
Brandon,/m/0wrhl,,United States
Brandsen,/m/03hfwwn,,Argentina
Brandsville,/m/0ww5c,,United States
Brandýs nad Labem-Stará Boleslav,/m/07prtq,,Czech Republic
Braniewo,/m/0120wl,,Poland
Branson,/m/013h6q,,United States
Branson West,/m/0xjbj,,United States
Brantford,/m/018djs,,Canada
Brashear,/m/0ws5n,,United States
Brasiléia,/m/0c_plv,,Brazil
Brasília,/m/01hy_,,Brazil
Bratislava,/m/015g7,,Slovakia
Braubach,/m/0bt3y6,,Germany
Braunau am Inn,/m/0196c5,,Austria
Braunfels,/m/0dxt_h,,Germany
Braunlage,/m/04q21b,,Germany
Braunsbedra,/m/0c_6m1,,Germany
Brawley,/m/0qznr,,United States
Bray,/m/03gx_4d,,Botswana
Bray-Dunes,/m/06t35_,,France
Braymer,/m/0xh2m,,United States
Brayton,/m/0srkw,,United States
Brazil,/m/0skhw,,United States
Brazoria,/m/0_ylk,,United States
Brazos Country,/m/0fxpnl,,United States
Brazzaville,/m/0dvlx,,Republic of the Congo
Brańsk,/m/022m18,,Poland
Brașov,/m/0hjtg,,Romania
Brdów,/m/05b3hkg,,Poland
Brea,/m/0r2b0,,United States
Breaux Bridge,/m/01_gt8w,,United States
Breaza,/m/04pjnk,,Romania
Brebes,/m/0czdlxt,,Indonesia
Brechin,/m/024_f4,,United Kingdom
Breckenridge,/m/0wsz1,,United States
Breckenridge,/m/01095j,,United States
Breckenridge,/m/0wn32,,United States
Breckenridge Hills,/m/0w_lq,,United States
Breckerfeld,/m/041h06,,Germany
Brecksville,/m/0yvb8,,United States
Breda,/m/045vhb,,Netherlands
Breda,/m/0ssht,,United States
Bredevoort,/m/025s57f,,Netherlands
Bredstedt,/m/0cm_zq,,Germany
Bree,/m/017nvt,,Belgium
Breese,/m/0s47l,,United States
Breezy Point,/m/0vyg3,,United States
Brega,/m/02q_hy3,,Libya
Bregana,/m/051vgf1,,Croatia
Bregovo,/m/055jqv,,Bulgaria
Breil-sur-Roya,/m/02w94qp,,France
Breisach,/m/05wmpz,,Germany
Brekstad,/m/0267pm1,,Norway
Bremen,/m/017w_,,Germany
Bremen,/m/014rd8,,Germany
Bremen,/m/0rtnj,,United States
Bremen,/m/0thct,,United States
Bremerhaven,/m/017x_,,Germany
Bremerton,/m/010rvx,,United States
Bremervörde,/m/05gwm_,,Germany
Bremond,/m/01083z,,United States
Brenham,/m/010blp,,United States
Brent,/m/0pmzf,,United States
Brentwood,/m/0qylc,,United States
Brentwood,/m/0w_m1,,United States
Brentwood,/m/0_xcq,,United States
Brescia,/m/01tsq8,,Italy
Brest,/m/015jsm,,Belarus
Brest,/m/0fwfm,,France
Bretten,/m/088xj9,,Germany
Breuberg,/m/0f98k2,,Germany
Breux,/m/03qdpt4,,France
Brevard,/m/0yl65,,United States
Breves,/m/064l350,,Brazil
Brevig Mission,/m/0qgdn,,United States
Brewer,/m/0tr4s,,United States
Brewster,/m/010sgr,,United States
Brewster,/m/0w8ps,,United States
Brewster,/m/0tc33,,United States
Brewton,/m/0q71z,,United States
Brezina,/m/03cyhhp,,Algeria
Brezoi,/m/04gqtc9,,Romania
Brežice,/m/0539ml,,Slovenia
Bria,/m/039yxl,,Central African Republic
Brianka,/m/0gt39b,,Russia
Brianka,/m/0gt39b,,Ukraine
Briaroaks,/m/0104wh,,United States
Briarwood,/m/0ynd7,,United States
Briarwood,/m/0tfck,,United States
Bribri,/m/0gfdcjl,,Costa Rica
Bricelyn,/m/0vzsw,,United States
Briceni,/m/03w7gn,,Moldova
Bridge City,/m/0kpk1,,United States
Bridgeport,/m/0167q3,,United States
Bridgeport,/m/0q7rd,,United States
Bridgeport,/m/0sbcs,,United States
Bridgeport,/m/0x87x,,United States
Bridgeport,/m/010c89,,United States
Bridgeport,/m/010qbg,,United States
Bridgeport,/m/021l06h,,United States
Bridgeport,/m/0z4fg,,United States
Bridgeton,/m/0xm9g,,United States
Bridgeton,/m/0yfq8,,United States
Bridgeton,/m/0w_md,,United States
Bridgetown,/m/0fn5r,,Barbados
Bridgewater,/m/0_rd0,,United States
Bridgewater,/m/0sr7w,,United States
Bridgman,/m/0v2df,,United States
Brier,/m/010tgz,,United States
Briga Alta,/m/0gb86t,,Italy
Brigantine,/m/0xkc8,,United States
Brigham City,/m/010cp8,,United States
Brighton,/m/0d6yv,,United Kingdom
Brighton,/m/0q7xz,,United States
Brighton,/m/0r8jg,,United States
Brighton,/m/0vbvp,,United States
Brighton,/m/0t434,,United States
Brighton and Hove,/m/0j2nk,,United Kingdom
Brillion,/m/01mjpn,,United States
Brilon,/m/07rcxp,,Germany
Brinkley,/m/0qvy0,,United States
Brinsmade,/m/0ymy8,,United States
Brisbane,/m/01b8jj,,Australia
Brisbane,/m/0r5p6,,United States
Bristol,/m/095l0,,United Kingdom
Bristol,/m/01hzlm,,United States
Bristol,/m/0mp4w,,United States
Bristol,/m/0rmsx,,United States
Bristol,/m/0_wxy,,United States
Bristol,/m/0_pyp,,United States
Bristow,/m/0ss8y,,United States
Bristow,/m/0z57r,,United States
Britt,/m/0sz_t,,United States
Britton,/m/0_rb9,,United States
Brixia,/m/08qcjh,,Italy
Brno,/m/0fs_s,,Czech Republic
Broadview Heights,/m/0yvbm,,United States
Brocket,/m/0yq9r,,United States
Brockton,/m/0t_hx,,United States
Brockville,/m/018dk4,,Canada
Brocēni,/m/0c3y6g,,Latvia
Brod,/m/0fcrpz,,Bosnia and Herzegovina
Brod Moravice,/m/02659yf,,Croatia
Brod na Kupi,/m/09lnc6,,Croatia
Brodhead,/m/0112_t,,United States
Brodhead,/m/0thwm,,United States
Brodnica,/m/022b57,,Poland
Brody,/m/03qsz1,,Ukraine
Broeck Pointe,/m/0tfd7,,United States
Brok,/m/027mx0n,,Poland
Broken Arrow,/m/013kgq,,United States
Broken Bow,/m/0x5x_,,United States
Broken Bow,/m/0z7ww,,United States
Broken Hill,/m/013bbf,,Australia
Bromley,/m/0tgcl,,United States
Bromölla,/m/02p3gkv,,Sweden
Bronaugh,/m/0x0s5,,United States
Bronson,/m/0v2vb,,United States
Bronson,/m/0t58r,,United States
Bronson,/m/01_42hm,,United States
Brook Park,/m/0yvbz,,United States
Brook Park,/m/0wcr0,,United States
Brookfield,/m/01mnz1,,United States
Brookfield,/m/0wxfb,,United States
Brookford,/m/0yf5r,,United States
Brookhaven,/m/0glrg79,,United States
Brookhaven,/m/0xgq5,,United States
Brookings,/m/0zcg4,,United States
Brookings,/m/0_p6l,,United States
Brookland,/m/0qsj9,,United States
Brooklet,/m/0rtd6,,United States
Brooklyn,/m/0yvc9,,United States
Brooklyn,/m/0t2np,,United States
Brooklyn Center,/m/0w0rq,,United States
Brooklyn Park,/m/0w0sy,,United States
Brookport,/m/0scvr,,United States
Brooks,/m/042pw0,,Canada
Brooks,/m/0wfnx,,United States
Brookshire,/m/010bg8,,United States
Brookside Village,/m/0_ylx,,United States
Brookston,/m/0wj4q,,United States
Brooksville,/m/09bhp5,,United States
Brooksville,/m/0tcw1,,United States
Brookville,/m/0y_x4,,United States
Brookville,/m/0tbg9,,United States
Brookwood,/m/0qc5g,,United States
Broomfield,/m/0r8jv,,United States
Brooten,/m/013g0h,,United States
Brotterode-Trusetal,/m/0hndcmh,,Germany
Broumov,/m/04s6fh,,Czech Republic
Broussard,/m/013d98,,United States
Brovary,/m/03c9gt,,Ukraine
Browerville,/m/0wl9_,,United States
Brown City,/m/013f2k,,United States
Brown's Town,/m/0748zt,,Jamaica
Browndell,/m/0104jb,,United States
Brownell,/m/0t952,,United States
Brownfield,/m/0109p_,,United States
Browning,/m/013h2g,,United States
Brownington,/m/0wvxf,,United States
Browns Valley,/m/0wlpb,,United States
Brownsboro,/m/020_5ms,,United States
Brownsboro Farm,/m/0tfdl,,United States
Brownsboro Village,/m/0tfdy,,United States
Brownsdale,/m/0w7w_,,United States
Brownsville,/m/0zdz8,,United States
Brownsville,/m/0_z91,,United States
Brownsville,/m/0_vfb,,United States
Brownsville,/m/0tdjm,,United States
Brownsville,/m/0xdhw,,United States
Brownton,/m/0w6mf,,United States
Brownwood,/m/0_y_1,,United States
Broxton,/m/0rvc1,,United States
Broșteni,/m/04f_rs0,,Romania
Bruce,/m/0_p6y,,United States
Bruceville-Eddy,/m/013ml0,,United States
Bruchköbel,/m/0dkz2b,,Germany
Bruchsal,/m/0452j1,,Germany
Bruges,/m/0k424,,Belgium
Brugg,/m/042bl1,,Switzerland
Brundidge,/m/0qbj0,,United States
Bruno,/m/0wcrq,,United States
Brunsbüttel,/m/02_6wc,,Germany
Brunsville,/m/0t267,,United States
Brunswick,/m/0dgfx,,Germany
Brunswick,/m/0yflp,,United States
Brunswick,/m/0y_d7,,United States
Brunswick,/m/0tvk0,,United States
Brunswick,/m/0wth_,,United States
Brunswick,/m/0rwq6,,United States
Bruntál,/m/04s6k4,,Czech Republic
Brush,/m/0rc4_,,United States
Brusque,/m/047fhgz,,Brazil
Brussels,/m/02rnbv,,Belgium
Brussels,/m/0177z,,Belgium
Brussels-Capital Region,/m/02rhpm,,Belgium
Brusy,/m/02hpqw,,Poland
Bruzual,/m/071stc,,Venezuela
Brwinów,/m/0284tz2,,Poland
Bry,/m/03mh42z,,France
Bryan,/m/0_ytj,,United States
Bryan,/m/0z39p,,United States
Bryansk,/m/02f482,,Russia
Bryant,/m/0qwxb,,United States
Bryant,/m/0_qlr,,United States
Brygindara,/m/06w8mvq,,Greece
Bryson,/m/0104fy,,United States
Bryson City,/m/0yl5v,,United States
Brzeg,/m/02299z,,Poland
Brzeg Dolny,/m/06qfcj,,Poland
Brzesko,/m/0b_t4y,,Poland
Brzeszcze,/m/0dcssl,,Poland
Brzeziny,/m/0c1kls,,Poland
Brześć Kujawski,/m/05zy95,,Poland
Brzostek,/m/04jg7np,,Poland
Brzozów,/m/02_gc6,,Poland
Brätte,/m/0gg99bg,,Sweden
Bräunlingen,/m/0f94bk,,Germany
Brójce,/m/05f6g82,,Poland
Brønshøj,/m/0bgk5r,,Denmark
Brück,/m/06x277,,Germany
Brüel,/m/0f98vg,,Germany
Brühl,/m/090z5h,,Germany
Brüssow,/m/0f98z9,,Germany
Brăila,/m/01wbwn,,Romania
Brčko,/m/08nqdq,,Bosnia and Herzegovina
Bu'ale,/m/0cb5ck,,Somalia
Buba,/m/058w9m,,Guinea-Bissau
Bubanza,/m/07gys5,,Burundi
Bubaque,/m/058wb9,,Guinea-Bissau
Bucak,/m/0bhpwb,,Turkey
Bucaramanga,/m/037ysc,,Colombia
Bucecea,/m/04gjwy0,,Romania
Bucha,/m/094v64,,Ukraine
Buchach,/m/066m39,,Ukraine
Buchanan,/m/05bhxk,,Liberia
Buchanan,/m/0rx4g,,United States
Buchanan,/m/0yrm9,,United States
Buchanan,/m/0v2ds,,United States
Bucharest,/m/096gm,,Romania
Buchen,/m/0dmg21,,Germany
Bucheon,/m/03v6kb,,South Korea
Buchholz in der Nordheide,/m/0c721f,,Germany
Buchloe,/m/0c8vw3,,Germany
Buchs,/m/0gn8l4,,Switzerland
Buck Grove,/m/0stnc,,United States
Buckeye,/m/0qphp,,United States
Buckeye,/m/0s_2x,,United States
Buckhannon,/m/010y_3,,United States
Buckhaven and Methil,/m/05578jf,,United Kingdom
Buckhorn,/m/0thqg,,United States
Buckie,/m/0334vt,,United Kingdom
Buckland,/m/0qgq_,,United States
Buckley,/m/010sv2,,United States
Bucklin,/m/0wxfp,,United States
Bucklin,/m/0t6r7,,United States
Buckman,/m/0w7dj,,United States
Buckner,/m/0qv23,,United States
Buckner,/m/0xhhr,,United States
Buckow,/m/0f992h,,Germany
Bucovăț,/m/04g201t,,Moldova
Bucyrus,/m/0ymqy,,United States
Bucyrus,/m/0yv5s,,United States
Buda,/m/0nm0h,,Hungary
Buda,/m/0102ys,,United States
Budai Township,/m/02x6gqf,,Taiwan
Budakalász,/m/02rrp2w,,Hungary
Budakeszi,/m/08cbnf,,Hungary
Budapest,/m/095w_,,Hungary
Budaun,/m/07kr_4,,India
Budaörs,/m/02rd04t,,Hungary
Budești,/m/084xpq,,Romania
Budinci,/m/080b0q0,,Slovenia
Budva,/m/02pgw9,,Montenegro
Budziszewice,/m/04jh84j,,Poland
Budzyń,/m/05b114b,,Poland
Buea,/m/05r_ns,,Cameroon
Buellton,/m/0r5zt,,United States
Buena Fe,/m/03qp1rd,,Ecuador
Buena Park,/m/0r2bf,,United States
Buena Vista,/m/04yh2r2,,Bolivia
Buena Vista,/m/0mp40,,United States
Buena Vista,/m/0ry1p,,United States
Buenos Aires,/m/010fchdw,,Costa Rica
Buenos Aires,/m/01ly5m,BUE,Argentina
Buey Arriba,/m/03cbh0d,,Cuba
Buffalo,/m/019fh,,United States
Buffalo,/m/0wv5n,,United States
Buffalo,/m/0t2z9,,United States
Buffalo,/m/0105kc,,United States
Buffalo,/m/011fq0,,United States
Buffalo,/m/0wnqr,,United States
Buffalo,/m/0yndl,,United States
Buffalo,/m/0tcf2,,United States
Buffalo Center,/m/0t4fh,,United States
Buffalo City,/m/010_8f,,United States
Buffalo City Metropolitan Municipality,/m/06jb2d,,South Africa
Buffalo Lake,/m/0wgb7,,United States
Buford,/m/0rwx4,,United States
Buftea,/m/04fbhv,,Romania
Buhl,/m/0s2p1,,United States
Buhl,/m/0wj51,,United States
Buhler,/m/0t9vy,,United States
Buhuși,/m/044h3t,,Romania
Buin,/m/02p_d10,,Chile
Buin,/m/05zxw_h,,Papua New Guinea
Buitepos,/m/04y6gdd,,Namibia
Buje,/m/03cvz5,,Croatia
Bujumbura,/m/0fn67,,Burundi
Buk,/m/02xxw7,,Poland
Buk,/m/05pbtnt,,Poland
Buka,/m/02pb6dk,,Papua New Guinea
Bukama,/m/043p_m9,,Democratic Republic of the Congo
Bukan,/m/08z63r,,Iran
Bukavu,/m/029pz0,,Democratic Republic of the Congo
Bukhara,/m/0lxlg,,Uzbekistan
Bukit Bunga,/m/03gz1qp,,Malaysia
Bukit Kayu Hitam,/m/0c3gg6,,Malaysia
Bukit Merah,/m/05r6k5,,Singapore
Bukittinggi,/m/05g63n,,Indonesia
Bukoba,/m/02l4b3,,Tanzania
Bukowno,/m/02pk_vf,,Poland
Bukwa,/m/026wj32,,Uganda
Bula,/m/013d7gpk,,Indonesia
Bulandshahr,/m/07r693,,India
Bulawayo,/m/01zsfx,,Zimbabwe
Bulembu,/m/03c92rf,,Eswatini
Bulgan,/m/07wdkk,,Mongolia
Bull Shoals,/m/0qvnc,,United States
Bulle,/m/0fmmfs,,Switzerland
Bullhead City,/m/0qpvj,,United States
Bulnes,/m/04q3d32,,Chile
Bulqizë,/m/043prsp,,Albania
Bulverde,/m/020_hcf,,United States
Bumba,/m/06b254,,Democratic Republic of the Congo
Bumbești-Jiu,/m/02bqrl,,Romania
Bunagana,/m/0j9km31,,Democratic Republic of the Congo
Bunagana,/m/0j9pjrr,,Uganda
Bunbury,/m/012q71,,Australia
Bunceton,/m/0wv15,,United States
Bundaberg,/m/0jlwv,,Australia
Bundi,/m/073rvr,,India
Bungoma,/m/050n3p,,Kenya
Bunhe,/m/0gtp_2,,Ukraine
Bunhe,/m/0gtp_2,,Soviet Union
Bunia,/m/066kr4,,Democratic Republic of the Congo
Bunker,/m/013g_n,,United States
Bunker Hill,/m/0sbz2,,United States
Bunker Hill,/m/0tbc6,,United States
Bunker Hill Village,/m/0102h4,,United States
Bunkie,/m/0tjlp,,United States
Bunn,/m/0ygbw,,United States
Bunnell,/m/0rkmc,,United States
Buol,/m/03nr8cb,,Indonesia
Buraan,/m/063_dhd,,Somalia
Buraan,/m/063_dhd,,Somaliland
Burao,/m/04m827,,Somalia
Burao,/m/04m827,,Somaliland
Burayda,/m/0496vd,,Saudi Arabia
Burbank,/m/0r00l,,United States
Burbank,/m/0s4l9,,United States
Burden,/m/0t62_,,United States
Burdett,/m/0t9gd,,United States
Burdur,/m/07n8st,,Turkey
Bure,/m/03d3s7d,,Ethiopia
Burewala,/m/09v8wt,,Pakistan
Burg,/m/046lt1,,Germany
Burg Stargard,/m/0dp2k0,,Germany
Burgas,/m/0lxft,,Bulgaria
Burgau,/m/0bmvch,,Germany
Burgaw,/m/0yjpq,,United States
Burgbernheim,/m/0f99bs,,Germany
Burgdorf,/m/0cmgmc,,Germany
Burgdorf,/m/02_dtl,,Switzerland
Burghausen,/m/08y35m,,Germany
Burghead,/m/024_g6,,United Kingdom
Burgin,/m/0th8c,,United States
Burgkunstadt,/m/0f9y0k,,Germany
Burglengenfeld,/m/0dx323,,Germany
Burgstädt,/m/0dsrjr,,Germany
Burgwedel,/m/0cmgqh,,Germany
Burhanpur,/m/03ng3n,,India
Buri Ram,/m/04qtl9,,Thailand
Buridava,/m/0gff5k8,,Romania
Burien,/m/010r7h,,United States
Burkburnett,/m/010bw3,,United States
Burke,/m/0_xjl,,United States
Burke,/m/0_qh_,,United States
Burkesville,/m/0tdhl,,United States
Burladingen,/m/0dq64n,,Germany
Burleson,/m/013m_6,,United States
Burley,/m/0s1g4,,United States
Burlingame,/m/0r5py,,United States
Burlingame,/m/0t97v,,United States
Burlington,/m/018dk_,,Canada
Burlington,/m/01mmx8,,United States
Burlington,/m/0ycvf,,United States
Burlington,/m/0hpyv,,United States
Burlington,/m/0sv6n,,United States
Burlington,/m/010t81,,United States
Burlington,/m/0rbk8,,United States
Burlington,/m/0t5_6,,United States
Burlington,/m/0ys1m,,United States
Burlington City,/m/0xl36,,United States
Burlington Junction,/m/0wyjz,,United States
Burnaby,/m/01d26y,,Canada
Burnet,/m/0_z1g,,United States
Burnie,/m/0289dl,,Australia
Burns,/m/0zd0l,,United States
Burns,/m/0t8by,,United States
Burnside,/m/0thtx,,United States
Burnsville,/m/0ymql,,United States
Burnsville,/m/0vyy7,,United States
Burntisland,/m/024_cn,,United Kingdom
Burnum,/m/027l68n,,Croatia
Burr Oak,/m/0t7kn,,United States
Burrel,/m/01rybf,,Albania
Burrton,/m/0t789,,United States
Bursa,/m/0160d,,Turkey
Burscheid,/m/05gqcp,,Germany
Burshtyn,/m/06ws2d,,Ukraine
Burt,/m/0t0fm,,United States
Burton,/m/020ryf,,United States
Burtrum,/m/0wlc0,,United States
Burutu,/m/047srxh,,Nigeria
Burwell,/m/0x6yd,,United States
Buryn,/m/0gt2c_,,Ukraine
Burzaco,/m/0cnvg9,,Argentina
Busan,/m/0hv7l,,South Korea
Bushehr,/m/01d52c,,Iran
Bushnell,/m/0scxg,,United States
Bushnell,/m/0rsck,,United States
Bushong,/m/0t88v,,United States
Bushton,/m/0tb26,,United States
Busia,/m/0642y97,,Kenya
Busia,/m/0641qsb,,Uganda
Busk,/m/0gtsh3,,Ukraine
Busko-Zdrój,/m/0c0tkn,,Poland
Busselton,/m/03n6ww,,Australia
Bussey,/m/0t163,,United States
Bussigny,/m/02v6bj,,Switzerland
Buston,/m/0405cyg,,Tajikistan
Buta,/m/06b1y2,,Democratic Republic of the Congo
Butajira,/m/02z6mf9,,Ethiopia
Butare,/m/097xvl,,Rwanda
Butembo,/m/0655gv,,Democratic Republic of the Congo
Butere,/m/0gxrxy,,Kenya
Buteridava,/m/0gff3qb,,Romania
Butha-Buthe,/m/029vqj,,Lesotho
Butler,/m/0znd7,,United States
Butler,/m/0wsnf,,United States
Butler,/m/0thps,,United States
Butler,/m/0sk_2,,United States
Butler,/m/0rz85,,United States
Butner,/m/0yglg,,United States
Butrint,/m/018mk9,,Albania
Butte,/m/01m2v2,,United States
Butte,/m/0yprj,,United States
Butte City,/m/0s18z,,United States
Butte Falls,/m/0zd6p,,United States
Buttelstedt,/m/0f9ych,,Germany
Butterfield,/m/0xg4c,,United States
Butterfield,/m/0wsfx,,United States
Butuan,/m/06bbcy,,Philippines
Butwal,/m/0f29s0,,Nepal
Butzbach,/m/0dkh97,,Germany
Buuhoodle,/m/04lf8w9,,Somalia
Buuhoodle,/m/04lf8w9,,Somaliland
Buuhoodle,/m/04lf8w9,,Waqooyibari State Condominium
Buxtehude,/m/041599,,Germany
Buxton,/m/0yrv0,,United States
Buzema,/m/0gjf1vg,,Libya
Buzet,/m/03cvq2,,Croatia
Buziaș,/m/07rr83,,Romania
Buzău,/m/024z7z,,Romania
Buôn Ma Thuột,/m/0cbfs9,,Vietnam
Bučovice,/m/027lpxb,,Czech Republic
Bușteni,/m/021t9j,,Romania
Byblos,/m/017ygw,,Lebanon
Bychawa,/m/0ctlnv,,Poland
Byczyna,/m/02pk_s0,,Poland
Bydgoszcz,/m/0jwzp,,Poland
Byers,/m/0__2b,,United States
Byers,/m/0t9q0,,United States
Bylazora,/m/05d3h9,,North Macedonia
Byram,/m/0wq61,,United States
Byrnes Mill,/m/0wwnw,,United States
Byron,/m/0sf1_,,United States
Byron,/m/0rylq,,United States
Byron,/m/0w99q,,United States
Bystrzyca Kłodzka,/m/03nlxk,,Poland
Bystřice nad Pernštejnem,/m/0gfymw,,Czech Republic
Bystřice pod Hostýnem,/m/0gfygq,,Czech Republic
Bytom,/m/0jx1x,,Poland
Bytów,/m/01zknx,,Poland
Byumba hospital,/m/07bxwp,,Rwanda
Byzantium,/m/017dc,,Roman Empire
Byzantium,/m/017dc,,Roman Republic
Byzantium,/m/017dc,,Classical Athens
Bábolna,/m/02r2xs4,,Hungary
Bácsalmás,/m/0b4t99,,Hungary
Báguanos,/m/03cb9gl,,Cuba
Bátaszék,/m/02rd02r,,Hungary
Bátonyterenye,/m/02rl8__,,Hungary
Bärnau,/m/0f7zb0,,Germany
Béchar,/m/0b95gg,,Algeria
Bédy-Goazon,/m/05p67z0,,Ivory Coast
Béjaïa,/m/05s7ny,,Algeria
Békés,/m/03qkkw,,Hungary
Békéscsaba,/m/03znf1,,Hungary
Bélabo,/m/05tqw1,,Cameroon
Bélapátfalva,/m/02684r,,Hungary
Béoumi,/m/02pqm2w,,Ivory Coast
Béziers,/m/01n0b1,,France
Bíldudalur,/m/09240h,,Iceland
Bílina,/m/05mp2l,,Czech Republic
Bílovec,/m/0gnbmt,,Czech Republic
Bílý Potok,/m/047b6vm,,Czech Republic
Bóly,/m/0djltl,,Hungary
Böblingen,/m/04rr8s,,Germany
Böhlen,/m/03r8bq,,Germany
Bönnigheim,/m/0f93k0,,Germany
Búðardalur,/m/033c93,,Iceland
Bückeburg,/m/013yz2,,Germany
Büdelsdorf,/m/0csdhf,,Germany
Büdingen,/m/06j5hx,,Germany
Bühl,/m/04zhhl,,Germany
Bük,/m/02rjmc8,,Hungary
Bülach,/m/03l6zg,,Switzerland
Bünde,/m/06g2z2,,Germany
Büren,/m/0bjmk_,,Germany
Bürgel,/m/0f99f6,,Germany
Büsum,/m/0cmm4j,,Germany
Bützow,/m/085n0r,,Germany
Băbeni,/m/05h5qv4,,Romania
Băicoi,/m/04q1vp,,Romania
Băile Govora,/m/08mgqk,,Romania
Băile Herculane,/m/0gtw8,,Romania
Băile Olănești,/m/04gl45r,,Romania
Băile Tușnad,/m/05xtsp,,Romania
Băilești,/m/04kg2c,,Romania
Bălan,/m/05xv0t,,Romania
Bălcești,/m/04gswcn,,Romania
Bănița Fortress,/m/0h97blp,,Romania
Będzin,/m/022bv9,,Poland
Błaszki,/m/02pkyr1,,Poland
Błażowa,/m/0gzjk8,,Poland
Błonie,/m/028878_,,Poland
Břeclav,/m/04_c8w,,Czech Republic
Ca n'Oliver Iberian Settlement and Museum,/m/0j44zjb,,Spain
Caaguazú District,/m/025_q3g,,Paraguay
Cabadbaran,/m/06hjjv,,Philippines
Caballococha,/m/09rmzn,,Peru
Cabana,/m/07_q_y,,Peru
Cabanatuan,/m/056jyl,,Philippines
Cabezas,/m/0b6m9_r,,Bolivia
Cabimas,/m/08v3qq,,Venezuela
Cabinda,/m/09dlpn,,Angola
Cabixi,/m/027dqyv,,Brazil
Cabo Frio,/m/09p2yh,,Brazil
Cabo San Lucas,/m/02dfgb,,Mexico
Cabo de Santo Agostinho,/m/0c1xfy,,Brazil
Cabool,/m/0x0r4,,United States
Cabot,/m/0qvjk,,United States
Cabrero,/m/09v141z,,Chile
Cabudare,/m/0cm606,,Venezuela
Cabuyao,/m/04p6q7,,Philippines
Cabyle,/m/06_v_vg,,Bulgaria
Cache,/m/0z51h,,United States
Cacheu,/m/058wcs,,Guinea-Bissau
Cachoeirinha,/m/07zzvv,,Brazil
Cachoeiro de Itapemirim,/m/02ynhx,,Brazil
Cacocum,/m/02pldr2,,Cuba
Cactus,/m/0106vr,,United States
Caddo Mills,/m/01048s,,United States
Cadillac,/m/01xxp,,United States
Cadiz,/m/06hnt9,,Philippines
Cadiz,/m/0tj25,,United States
Caen,/m/0m_1s,,France
Caenina,/m/06w796z,,Italy
Caenophrurium,/m/0w7pmbk,,Turkey
Caere,/m/0785zk,,Italy
Caesarea,/m/09jt1l,,Israel
Caesarea Maritima,/m/0kjrf,,Israel
Caesarea Philippi,/m/0f4mkl,,Israel
Caesarea Philippi,/m/0f4mkl,,Syria
Caesarea of Mauretania,/m/0114g4nr,,Mauretania Caesariensis
Cafayate,/m/0bvnp8,,Argentina
Cagayan de Oro,/m/01sntm,,Philippines
Cagua,/m/0270b95,,Venezuela
Caguas,/m/0ld4v,,United States
Cahokia,/m/01yzw6,,United States
Cahokia,/m/06_0t1z,,United States
Cahul,/m/0361qk,,Moldova
Caia,/m/03cz65j,,Mozambique
Caibarién,/m/06bphh,,Cuba
Caicara del Orinoco,/m/05fbmv8,,Venezuela
Caimanera,/m/02v_qld,,Cuba
Caimito,/m/03c94qq,,Cuba
Cainsville,/m/0wvvp,,United States
Cairns,/m/01sgmd,,Australia
Cairo,/m/01w2v,,Egypt
Cairo,/m/0s2zq,,United States
Cairo,/m/0rwtc,,United States
Cajabamba,/m/047t3t0,,Peru
Cajah's Mountain,/m/0ydys,,United States
Cajamarca,/m/02pgm5,,Peru
Cajvana,/m/0bhlhg,,Romania
Calabar,/m/051xn1,,Nigeria
Calabasas,/m/0kkph,,United States
Calabash,/m/0202w5t,,United States
Calabozo,/m/085jfv,,Venezuela
Calaca,/m/06nrmz,,Philippines
Calafat,/m/024_4d,,Romania
Calais,/m/0lps0,,France
Calais,/m/0lpsj,,United States
Calama,/m/0114g4zy,,Algeria
Calama,/m/045535,,Chile
Calamba,/m/02c5sr,,Philippines
Calamus,/m/0sth6,,United States
Calang,/m/04w4vx,,Indonesia
Calapan,/m/06s602,,Philippines
Calatia,/m/08y33j,,Italy
Calau,/m/0f9yny,,Germany
Calbayog,/m/06nscs,,Philippines
Calbe,/m/0b6cf_,,Germany
Calbuco,/m/03cl91v,,Chile
Caldera,/m/08jfd5,,Chile
Caldwell,/m/0s19_,,United States
Caldwell,/m/0_z02,,United States
Caldwell,/m/0tc0c,,United States
Caldwell,/m/0qx7r,,United States
Caledonia,/m/0w1j0,,United States
Calera,/m/0q5sg,,United States
Caleta Olivia,/m/0ckfxb,,Argentina
Calexico,/m/0qzp4,,United States
Calexico–Mexicali,/m/0gmf2tm,,United States
Calgary,/m/01r32,,Canada
Calheta de São Miguel,/m/03gq53t,,Cape Verde
Calhoun,/m/0wvxs,,United States
Calhoun,/m/0rwrm,,United States
Calhoun,/m/0th5m,,United States
Cali,/m/01pssf,,Colombia
Calico Rock,/m/0qtrs,,United States
Caliente,/m/0xd2j,,United States
California,/m/0wxz5,,United States
California,/m/0td30,,United States
California City,/m/01zc850,,United States
Calimesa,/m/0r3gs,,United States
Calimete,/m/03c8xwc,,Cuba
Calio,/m/0ynmy,,United States
Calion,/m/0qxc6,,United States
Calipatria,/m/0qzpl,,United States
Calisia,/m/01cs5d,,
Calistoga,/m/0r25p,,United States
Callander,/m/024kzz,,United Kingdom
Callao,/m/01r2dw,,Peru
Callao,/m/0wxl4,,United States
Callaway,/m/01zybsh,,United States
Callaway,/m/0vsx2,,United States
Calle Larga,/m/0bx_c88,,Chile
Callender,/m/0t49b,,United States
Calleva Atrebatum,/m/0141s1,,United Kingdom
Calliope,/m/0h53gb8,,United States
Callisburg,/m/0__lk,,United States
Calmar,/m/0t4hk,,United States
Caloocan,/m/02gpq5,,Philippines
Caluma,/m/07sbbbl,,Ecuador
Calumet,/m/0t1wy,,United States
Calumet,/m/0w2b5,,United States
Calumet City,/m/0s4mb,,United States
Calvert City,/m/0th02,,United States
Calvin,/m/0ynn8,,United States
Calw,/m/0qn7d,,Germany
Calydon,/m/034v2_,,Greece
Calynda,/m/0g4c2j,,Turkey
Calypso,/m/0yg2w,,United States
Camagüey,/m/04xvf9,,Cuba
Camaiore,/m/0dz3jt,,Italy
Camanche,/m/0sthk,,United States
Camaná,/m/05f3gr,,Peru
Camaragibe,/m/01p7f6,,Brazil
Camargo,/m/04080kl,,Bolivia
Camargo,/m/0thbf,,United States
Camarillo,/m/0r85v,,United States
Camarones,/m/03cbg_q,,Chile
Camars,/m/0j26tc7,,
Camas,/m/010p_f,,United States
Camaçari,/m/0f6_26,,Brazil
Cambridge,/m/0978r,,United Kingdom
Cambridge,/m/01qh7,,United States
Cambridge,/m/018dmn,,Canada
Cambridge,/m/0yxg6,,United States
Cambridge,/m/0tvfl,,United States
Cambridge,/m/0t63b,,United States
Cambridge,/m/0x6qj,,United States
Cambridge,/m/0s2sw,,United States
Cambridge,/m/0w228,,United States
Cambridge,/m/0t3br,,United States
Cambridge,/m/0tffm,,United States
Cambé,/m/09rwh9x,,Brazil
Camden,/m/0pzmf,,United States
Camden,/m/0qcf0,,United States
Camden,/m/0qw3l,,United States
Camden,/m/0_m6c,,United States
Camden,/m/0_stx,,United States
Camden,/m/0wznt,,United States
Camden Point,/m/0xhxf,,United States
Camdenton,/m/0wt1j,,United States
Camenca,/m/05y3jt,,Moldova
Cameron,/m/0yhz3,,United States
Cameron,/m/013gyx,,United States
Cameron,/m/010xl_,,United States
Cameron,/m/0106jc,,United States
Cametá,/m/064ndwc,,Brazil
Camilla,/m/0ry65,,United States
Camilo Ponce Enríquez,/m/03d47nx,,Ecuador
Camiri,/m/0dm2xf,,Bolivia
Cammack Village,/m/0qwnm,,United States
Camopi,/m/08w24f,,France
Camp Wood,/m/0107y_,,United States
Campana,/m/0b7pqm,,Argentina
Campanero,/m/09v33sn,,Bolivia
Campbell,/m/010493,,United States
Campbell,/m/0wvd5,,United States
Campbell,/m/0y_68,,United States
Campbell,/m/0wn3s,,United States
Campbell River,/m/01wqbh,,Canada
Campbellsburg,/m/0tf39,,United States
Campbellsville,/m/0tj0g,,United States
Campbellton,/m/016yh7,,Canada
Campbeltown,/m/023r26,,United Kingdom
Campestre,/m/0bhcg1v,,Mexico
Camphin-en-Pévèle,/m/03h2ymm,,France
Campina Grande,/m/01p7c6,,Brazil
Campinas,/m/0h1lf,,Brazil
Campo,/m/05tq_9,,Cameroon
Campo Grande,/m/0335dv,,Brazil
Campo Largo,/m/05s_s5r,,Brazil
Campos dos Goytacazes,/m/07mwff,,Brazil
Campton,/m/0tjbf,,United States
Camrose,/m/01glfx,,Canada
Canacona,/m/02p9nnm,,India
Canadian,/m/0102_v,,United States
Canal Fulton,/m/0z1vj,,United States
Canal Winchester,/m/013jp5,,United States
Canalou,/m/0wy6g,,United States
Canandaigua,/m/02br5k,,United States
Canberra,/m/0dp90,,Australia
Canby,/m/0zc1k,,United States
Canby,/m/0wn_q,,United States
Canchungo,/m/09c5zk,,Guinea-Bissau
Cancun,/m/01q98m,,Mexico
Candarave,/m/09r091,,Peru
Candelaria,/m/03c8sxd,,Cuba
Cando,/m/0yrrz,,United States
Candon,/m/06jwr0,,Philippines
Candor,/m/0yhxd,,United States
Canelones,/m/06xk24,,Uruguay
Caney,/m/0t8tc,,United States
Caneyville,/m/0tdrj,,United States
Canfield,/m/020h1y7,,United States
Cangallo,/m/03hj6by,,Peru
Cangzhou,/m/059mcc,,People's Republic of China
Canistota,/m/0_rdc,,United States
Canlaon,/m/0530dz,,Philippines
Cannelton,/m/0sp9w,,United States
Cannes,/m/0kygv,,France
Cannon Beach,/m/0zc61,,United States
Cannon Falls,/m/0v_w9,,United States
Canoas,/m/08wc_p,,Brazil
Canon,/m/0rwhn,,United States
Canopus,/m/0699_5,,Egypt
Cantaura,/m/0k3p6b_,,Venezuela
Cantemir,/m/04mpqh,,Moldova
Canterbury,/m/0cy07,,United Kingdom
Canton,/m/0z1vw,,United States
Canton,/m/0ygyv,,United States
Canton,/m/010b9s,,United States
Canton,/m/0wx74,,United States
Canton,/m/0s76d,,United States
Canton,/m/0_r5v,,United States
Canton,/m/0t8l4,,United States
Canton,/m/0v_3w,,United States
Canton,/m/0wq_c,,United States
Canton,/m/0rt_x,,United States
Canton City,/m/0yq58,,United States
Canton of Basel-Stadt,/m/018m3m,,Switzerland
Cantril,/m/0t3tj,,United States
Canyon,/m/0107x7,,United States
Canyon City,/m/0zcvb,,United States
Canyon Lake,/m/080mbpk,,United States
Canyonville,/m/0zckz,,United States
Caotun Township,/m/047f3bb,,Taiwan
Cap Malheureux,/m/0cm101,,Mauritius
Cap-Haïtien,/m/02cn5j,,Haiti
Cap-d'Ail,/m/06tsx8,,France
Capanema,/m/09rwhb7,,Brazil
Capas,/m/06q0n1,,Philippines
Cape Canaveral,/m/0rhl4,,United States
Cape Carteret,/m/0yf1k,,United States
Cape Coast,/m/01_3yx,,Ghana
Cape Coral,/m/0rm8t,,United States
Cape Girardeau,/m/013gtk,,United States
Cape May,/m/0xm0v,,United States
Cape Town,/m/01yj2,,South Africa
Capel Celyn,/m/0891yf,,Wales
Capera,/m/0zbvhgs,,Spain
Capera,/m/0zbvhgs,,Ancient Rome
Capernaum,/m/01yrdx,,Israel
Caphyae,/m/02pmhp_,,Greece
Capilla del Monte,/m/0cn1y6,,Argentina
Capitola,/m/0r6hy,,United States
Capixaba,/m/026bf01,,Brazil
Caracaraí,/m/026cdqb,,Brazil
Caracas,/m/0fcyj,,Venezuela
Caracol,/m/027cfl8,,Brazil
Caraguatatuba,/m/03y803,,Brazil
Carahue,/m/03c1gnz,,Chile
Caranavi,/m/08nb2z,,Bolivia
Carapicuíba,/m/03y80g,,Brazil
Caravelí,/m/03h5x48,,Peru
Caraway,/m/0qsjn,,United States
Caraz,/m/0cxk7w,,Peru
Carbon,/m/0sr9y,,United States
Carbon Hill,/m/0qc80,,United States
Carbondale,/m/0_1tk,,United States
Carbondale,/m/0t985,,United States
Carbondale,/m/0pv4r,,United States
Carcar,/m/02vn49r,,Philippines
Cardia,/m/07w1qt,,Turkey
Cardiff,/m/01s3v,,United Kingdom
Cardwell,/m/0wvdj,,United States
Carei,/m/042jn1,,Romania
Carencro,/m/0tl61,,United States
Carey,/m/0s0_n,,United States
Carhuaz,/m/0cxk9b,,Peru
Cariacica,/m/02ymzc,,Brazil
Cariamanga,/m/03qp1s2,,Ecuador
Caripito,/m/0k0w2gz,,Venezuela
Carissa,/m/02pmt9c,,Spain
Carissa,/m/02pmtdg,,Turkey
Carl Junction,/m/0wwgp,,United States
Carlin,/m/0xcvj,,United States
Carlinville,/m/0sbzf,,United States
Carlisle,/m/0gj95,,United Kingdom
Carlisle,/m/0qvjy,,United States
Carlisle,/m/013crx,,United States
Carlisle,/m/0thh7,,United States
Carlos,/m/0vzh4,,United States
Carlos Manuel de Céspedes,/m/03cb5b5,,Cuba
Carlos Paz,/m/0chspm,,Argentina
Carlos Spegazzini,/m/0wylr_c,,Argentina
Carlsbad,/m/0r4wn,,United States
Carlsbad,/m/0xv2j,,United States
Carlton,/m/0zglw,,United States
Carlton,/m/0rx_m,,United States
Carlton,/m/0t6b0,,United States
Carlton,/m/0vvxj,,United States
Carlyle,/m/0s47y,,United States
Carmel,/m/0slwz,,United States
Carmel City,/m/0fc7wn,,Israel
Carmel-by-the-Sea,/m/0r1yc,,United States
Carmelo,/m/0dqn3s,,Uruguay
Carmen de Patagones,/m/09j9h0,,Argentina
Carmen de Patagones,/m/09j9h0,,United Provinces of the Río de la Plata
Carmen de Patagones,/m/09j9h0,,Argentine Confederation
Carmi,/m/0sj1g,,United States
Carmine,/m/01012t,,United States
Carmona,/m/06f931,,Philippines
Carnation,/m/010r7v,,United States
Carnesville,/m/0rwh_,,United States
Carnot,/m/09vbrk,,Central African Republic
Carnoustie,/m/03kb5r,,United Kingdom
Carnuntum,/m/0swyb,,Austria
Caro,/m/0vqr3,,United States
Caroebe,/m/026cd_m,,Brazil
Carolina Beach,/m/0yj50,,United States
Carolina Shores,/m/0ydhs,,United States
Carora,/m/080ch4,,Venezuela
Carouge,/m/0641lj,,Switzerland
Carpenter,/m/0t1j6,,United States
Carpia,/m/06xmvc,,Spain
Carpinteria,/m/0r5_5,,United States
Carpio,/m/0203xl1,,United States
Carrabelle,/m/0rkp5,,United States
Carrara,/m/02bj9z,,Italy
Carrboro,/m/0yjky,,United States
Carrefour,/m/05tvwy,,Haiti
Carrickmacross,/m/03xrmd,,Ireland
Carrington,/m/0ynzz,,United States
Carrizo Springs,/m/0100cx,,United States
Carroll,/m/0ssj4,,United States
Carrollton,/m/013m3d,,United States
Carrollton,/m/0wt6q,,United States
Carrollton,/m/0s7g9,,United States
Carrollton,/m/0rtnw,,United States
Carrollton,/m/0td8l,,United States
Carrsville,/m/0tgtg,,United States
Carsidava,/m/0gfhnmk,,Moldova
Carson,/m/0yp4w,,United States
Carson,/m/0r010,,United States
Carson,/m/0t2jk,,United States
Carson City,/m/0235l,,United States
Carson City,/m/0vf7f,,United States
Carsulae,/m/07y9bs,,Italy
Cartagena,/m/0h45n,,Colombia
Cartago,/m/01g3cr,,Costa Rica
Cartavio,/m/02pwnb_,,Peru
Carteia,/m/0n5wtgw,,Spain
Cartennas,/m/0114jp3g,,Algeria
Carter Lake,/m/0t2jx,,United States
Cartersville,/m/0rt45,,United States
Carterville,/m/0wwh0,,United States
Carterville,/m/01_6ntb,,United States
Carthage,/m/01xpg,,Tunisia
Carthage,/m/0yhzg,,United States
Carthage,/m/0qswf,,United States
Carthage,/m/0wwhc,,United States
Carthage,/m/0107jt,,United States
Carthage,/m/0s7tn,,United States
Carthage,/m/0_rkj,,United States
Carthage,/m/0wqss,,United States
Caruaru,/m/01m4xw,,Brazil
Carura,/m/04gs7w6,,Turkey
Caruthersville,/m/0wyv8,,United States
Carver,/m/0vw5g,,United States
Cary,/m/013htp,,United States
Caryanda,/m/0h3p5v_,,Turkey
Carúpano,/m/080clr,,Venezuela
Casa Grande,/m/0pd9d4q,,Peru
Casa Grande,/m/0qqnk,,United States
Casablanca,/m/02qb_03,,Chile
Casablanca,/m/022b_,,Morocco
Casar,/m/0yfdq,,United States
Cascade,/m/0s2rv,,United States
Cascade,/m/0svf5,,United States
Cascade Locks,/m/0zd2h,,United States
Cascas,/m/03qjk9m,,Peru
Cascavel,/m/04ndxt,,Brazil
Caseros,/m/03qkx2l,,Argentina
Caserta,/m/087hys,,Italy
Caseville,/m/0v7g8,,United States
Casey,/m/0s42s,,United States
Casey,/m/0sr86,,United States
Cash,/m/0qsj_,,United States
Cashion Community,/m/02qtqbm,,United States
Cashmere,/m/010prl,,United States
Casilda,/m/085rvz,,Argentina
Casma,/m/0cxk9q,,Peru
Casmenae,/m/05p34bw,,Italy
Casper,/m/0k39j,,United States
Caspian,/m/0v8kb,,United States
Cass Lake,/m/0vwht,,United States
Cassandreia,/m/06c11z,,Greece
Casselberry,/m/01zycgy,,United States
Casselton,/m/0yndy,,United States
Cassoday,/m/0t5h9,,United States
Cassville,/m/0wsg7,,United States
Castabala,/m/03d600z,,Turkey
Castalia,/m/0yj28,,United States
Castalia,/m/0t4hx,,United States
Castana,/m/0t1lz,,United States
Castanhal,/m/0ggt51,,Brazil
Castelar,/m/0bt0kf,,Argentina
Castell de la Fosca,/m/0gtw1c7,,Spain
Castellammare di Stabia,/m/05tbhx,,Italy
Castellar,/m/03m4_f3,,France
Castellón de la Plana,/m/0jx9f,,Spain
Castelo Branco,/m/029t_2,,Portugal
Castelvecchio Subequo,/m/0fg4kj,,Italy
Castle Dale,/m/010d_4,,United States
Castle Douglas,/m/011wjv,,United Kingdom
Castle Hills,/m/0_y3b,,United States
Castle Pines,/m/01zt51d,,United States
Castle Pines North,/m/03cwfkq,,United States
Castle Rock,/m/010q81,,United States
Castleford,/m/0s2pd,,United States
Castlegar,/m/04d6qb,,Canada
Castlemaine,/m/028kgx,,Australia
Castlewood,/m/0_qm2,,United States
Castra Lambaesis,/m/04b9wk,,Algeria
Castra Praetoria Augusta,/m/0h1gjwq,,Romania
Castries,/m/0fn6r,,Saint Lucia
Castro,/m/07mrc0,,Chile
Castro Urdiales,/m/08vl7s,,Spain
Castro of Monte Valinhas,/m/05v_3n,,Portugal
Castrop-Rauxel,/m/08wt5q,,Germany
Castroville,/m/0106fz,,United States
Castrum Album,/m/0f8r14,,Spain
Caswell Beach,/m/0ydj3,,United States
Catacaos,/m/0cxj66,,Peru
Catacocha,/m/03qp1sf,,Ecuador
Catalão,/m/09q927,,Brazil
Catamayo,/m/02qz7xy,,Ecuador
Catandica,/m/09m11h,,Mozambique
Catanduva,/m/03z99d,,Brazil
Catania,/m/0c630,,Italy
Catanzaro,/m/046jpv,,Italy
Catarama,/m/03qp1vh,,Ecuador
Cataviña,/m/0bjcs5,,Mexico
Catawba,/m/0yf62,,United States
Catbalogan,/m/02p_dgf,,Philippines
Catemu,/m/0cp13mr,,Chile
Cathay,/m/0ys6l,,United States
Cathedral City,/m/0r3hj,,United States
Catia La Mar,/m/0gmm9x,,Venezuela
Catió,/m/03ccw4f,,Guinea-Bissau
Catlettsburg,/m/0tct9,,United States
Catoosa,/m/013kd_,,United States
Catriel,/m/096d1_,,Argentina
Catron,/m/0wy6t,,United States
Cauayan,/m/06k0qy,,Philippines
Caucaia,/m/0ggtdb,,Brazil
Caucete,/m/0g5d6g,,Argentina
Caudium,/m/02ph4n3,,Italy
Caulonia,/m/0zwlsj2,,Italy
Cauquenes,/m/0dbypy,,Chile
Cauto Cristo,/m/03cbh2g,,Cuba
Cavalier,/m/0yq5m,,United States
Cave City,/m/0qtp0,,United States
Cave City,/m/0tcmc,,United States
Cave Junction,/m/0zdk4,,United States
Cave Spring,/m/0rwfy,,United States
Cave Springs,/m/0qrlw,,United States
Cavite City,/m/02lmxj,,Philippines
Cavnic,/m/01zf04,,Romania
Cawker City,/m/0t8rn,,United States
Caxias,/m/09rs9td,,Brazil
Caxias do Sul,/m/03dyk5,,Brazil
Caxito,/m/09dl5h,,Angola
Cayambe,/m/06bp1k,,Ecuador
Cayce,/m/0_mfl,,United States
Cayenne,/m/02hjhr,,France
Cayuga,/m/0yr94,,United States
Cazenga,/m/03m5k1f,,Angola
Cazin,/m/04qk63,,Bosnia and Herzegovina
Cañada de Gómez,/m/085s_n,,Argentina
Cañete,/m/05y869,,Chile
Cañon City,/m/0rb0v,,United States
Cañuelas,/m/03hmwqd,,Argentina
Ceadîr-Lunga,/m/0dys8v,,Moldova
Cebrene,/m/0bkg4d,,Turkey
Cebu City,/m/01p_ly,,Philippines
Cedar,/m/0tbvh,,United States
Cedar City,/m/010f6q,,United States
Cedar Falls,/m/01yh8,,United States
Cedar Hill,/m/013m8v,,United States
Cedar Hill,/m/0_wk6,,United States
Cedar Hills,/m/010gp9,,United States
Cedar Key,/m/0rmpt,,United States
Cedar Mills,/m/0xf06,,United States
Cedar Park,/m/013n96,,United States
Cedar Point,/m/0yf29,,United States
Cedar Point,/m/0t5lt,,United States
Cedar Rapids,/m/0t0n5,,United States
Cedar Rock,/m/0ydz3,,United States
Cedar Springs,/m/0v9nd,,United States
Cedar Vale,/m/0t5nj,,United States
Cedar Valley,/m/0z799,,United States
Cedarburg,/m/01mmd1,,United States
Cedartown,/m/0ryrw,,United States
Cedarville,/m/0qsm2,,United States
Cedynia,/m/02hps8,,Poland
Cegléd,/m/07bdpl,,Hungary
Cegłów,/m/04q3mv_,,Poland
Cehu Silvaniei,/m/03kkds,,Romania
Ceke Gacha,/m/0ynrlmt,,People's Republic of China
Celaenae,/m/07f71g,,Turkey
Celaenae,/m/07f71g,,Persian Empire
Celendín,/m/0gx0tg,,Peru
Celeste,/m/01049g,,United States
Celina,/m/0__7j,,United States
Celina,/m/0y_kj,,United States
Celina,/m/0_t8s,,United States
Celje,/m/0d8fp,,Slovenia
Celldömölk,/m/027clf1,,Hungary
Celle,/m/013b2w,,Germany
Cenabum,/m/0404s6v,,France
Cenad,/m/02rcscn,,Romania
Centennial,/m/02vxh5,,United States
Center,/m/0108st,,United States
Center,/m/0wzl1,,United States
Center,/m/0yq4l,,United States
Center City,/m/0xd25,,United States
Center Hill,/m/0rscx,,United States
Center Junction,/m/0t04p,,United States
Center Line,/m/0vc6w,,United States
Center Point,/m/01z2qfd,,United States
Center Point,/m/0t0nl,,United States
Centerfield,/m/010g11,,United States
Centerton,/m/0qrm6,,United States
Centertown,/m/0thhy,,United States
Centerview,/m/0wwv0,,United States
Centerville,/m/0219znf,,United States
Centerville,/m/0wzsl,,United States
Centerville,/m/0xcmj,,United States
Centerville,/m/0105kq,,United States
Centerville,/m/0srfq,,United States
Centerville,/m/011qdx,,United States
Centerville,/m/0rxb_,,United States
Centerville,/m/0_sgh,,United States
Centrahoma,/m/0z4_s,,United States
Central,/m/0c2kj7,,United States
Central City,/m/0x85v,,United States
Central City,/m/0thd4,,United States
Central City,/m/0d27m,,United States
Central City,/m/0_r3r,,United States
Central City,/m/0t0ny,,United States
Central Falls,/m/0_jwf,,United States
Central Point,/m/0zd7v,,United States
Central Pueblo,/m/09g7bxb,,United States
Centralia,/m/0s488,,United States
Centralia,/m/013gnr,,United States
Centralia,/m/010s73,,United States
Centralia,/m/0t908,,United States
Centralia,/m/0svfj,,United States
Centre,/m/0q5qr,,United States
Centre de Flacq,/m/0ck9sh,,Mauritius
Centreville,/m/0pmzs,,United States
Centreville,/m/0sgwf,,United States
Centum Prata,/m/0127yjkj,,Switzerland
Centurion,/m/02l9nb,,South Africa
Ceramus,/m/06l_0k,,Turkey
Cerbère,/m/026pmzm,,France
Ceredo,/m/010y_g,,United States
Ceres,/m/0r7bc,,United States
Ceres,/m/0gx28zq,,Argentina
Cerknica,/m/05q2lm,,Slovenia
Cernavodă,/m/020qm4,,Romania
Cerritos,/m/0r01g,,United States
"Cerro Gordo, North Carolina",/m/0yfm0,,United States
Cerro de Pasco,/m/03rbmg,,Peru
Cessnock,/m/045sb8,,Australia
Cesvaine,/m/0b7p8g,,Latvia
Cetate,/m/04f_1l9,,Romania
Cetinje,/m/01pjnw,,Montenegro
Ceuta,/m/01x1k,,Spain
Ceyhan,/m/03kr4h,,Turkey
Ceylanpınar district,/m/0bnmr8,,Turkey
Ceylon,/m/0w693,,United States
Chacas,/m/03gqcbt,,Peru
Chachapoyas,/m/07x438,,Peru
Chadbourn,/m/0yfmc,,United States
Chadron,/m/0x61g,,United States
Chaetae,/m/03gq4xr,,Greece
Chaffee,/m/0w_0h,,United States
Chaghcharan,/m/07n8d2,,Afghanistan
Chagni,/m/03d1fpd,,Ethiopia
Chaguanas,/m/03_dbb,,Trinidad and Tobago
Chajarí,/m/02ptpk3,,Argentina
Chakdaha,/m/0f0l_g,,India
Chakradharpur,/m/09ryls,,India
Chakwal,/m/09xl9f,,Pakistan
Chalampé,/m/03nss4v,,France
Chalan Kanoa,/m/05b6mz8,,United States
Chalan Piao,/m/03m51mm,,United States
Chalandri,/m/02fyg6,,Greece
Chalatenango,/m/0780cw,,El Salvador
Chalcedon,/m/0144pt,,Turkey
Chalco,/m/02pqhz2,,Mexico
Chalhuanca,/m/03h2m1p,,Peru
Challapata,/m/0b6gyp6,,Bolivia
Challex,/m/085lht,,France
Challis,/m/0s1kl,,United States
Chalong,/m/0f2_xw,,Thailand
Cham,/m/08kydf,,Germany
Cham,/m/04232y,,Switzerland
Chaman,/m/0712n_,,Pakistan
Chamangá,/m/03h1z2p,,Uruguay
Chambas,/m/0847jy,,Cuba
Chamberlain,/m/0_pd3,,United States
Chamblee,/m/0rvt7,,United States
Chambéry,/m/03lj05,,France
Chamchamal,/m/02p_0t9,,Iraq
Chamdo,/m/09r2xm,,People's Republic of China
Chamois,/m/0wyqt,,United States
Chamonix-Mont-Blanc,/m/0ps3g,,France
Champaign,/m/0s3pw,,United States
Champdani,/m/0f0m6b,,India
Champigny-sur-Marne,/m/02msd1,,France
Champlin,/m/01_y6mv,,United States
Chamrajpet,/m/0n5wggw,,India
Chancay,/m/0gyw45f,,Peru
Chandannagar,/m/05420b,,India
Chandigarh,/m/01f1q8,,India
Chandler,/m/0qpjt,,United States
Chandler,/m/01031l,,United States
Chandler,/m/0w86n,,United States
Chandler,/m/0z75w,,United States
Chandpur,/m/0_x8_rq,,Bangladesh
Chandrapur,/m/096wmk,,India
Chane Independencia,/m/0b6ld74,,Bolivia
Changbin Township,/m/047pdz0,,Taiwan
Changchun,/m/01l3md,,People's Republic of China
Changde,/m/090bpw,,People's Republic of China
Changhua City,/m/03r_zd,,Taiwan
Changjhih Township,/m/0261tw0,,Taiwan
Changsha,/m/01cw6l,,People's Republic of China
Changwon,/m/02j05p,,South Korea
Changzhi,/m/05x3x_,,People's Republic of China
Changzhou,/m/05zf12,,People's Republic of China
Chanhassen,/m/013fff,,United States
Chania,/m/0g86h,,Greece
Channing,/m/0102w0,,United States
Chanute,/m/0t92b,,United States
Chaojhou Township,/m/03tbwc,,Taiwan
Chaoyang,/m/06fjsn,,People's Republic of China
Chaozhou,/m/012vvg,,People's Republic of China
Chapecó,/m/03nfr0,,Brazil
Chapel Hill,/m/0jfqp,,United States
Chapman,/m/0t6bc,,United States
Chappell,/m/0x65m,,United States
Charagua,/m/026k64x,,Bolivia
Charallave,/m/02rqfvv,,Venezuela
Charax Spasinu,/m/0d3z1k,,Iraq
Chardon,/m/0yx7z,,United States
Charency-Vezin,/m/03qdg4m,,France
Charisia,/m/0522vt6,,Greece
Chariton,/m/0t0xh,,United States
Charkhi Dadri,/m/090zch,,India
Charlack,/m/0w_n2,,United States
Charles City,/m/0szfw,,United States
Charles Town,/m/010x0y,,United States
Charleston,/m/0fw2f,,United States
Charleston,/m/0gkgp,,United States
Charleston,/m/0qt4r,,United States
Charleston,/m/0wxy4,,United States
Charleston,/m/0s4cd,,United States
Charleston,/m/0wrs5,,United States
Charleston,/m/0_sx_,,United States
Charlestown,/m/0skds,,United States
Charlevoix,/m/0v3l2,,United States
Charlotte,/m/0fsb8,,United States
Charlotte,/m/0_xp2,,United States
Charlotte,/m/0sthx,,United States
Charlotte,/m/0v51v,,United States
Charlotte Amalie,/m/0fw4c,,United States Virgin Islands
Charlottesville,/m/0mp3l,,United States
Charlottetown,/m/0fnx1,,Canada
Charnois,/m/03m8cj9,,France
Charsadda,/m/083g7d,,Pakistan
Charter Oak,/m/0stnq,,United States
Chartierville,/m/0f7_nj,,Canada
Chas,/m/0f0mz3,,India
Chascomús,/m/0h2dng,,Argentina
Chase,/m/0tb2k,,United States
Chasiv Yar,/m/0gtqcz,,Ukraine
Chaska,/m/0vw5t,,United States
Chatfield,/m/013fmp,,United States
Chatham-Kent,/m/018f7d,,Canada
Chatsworth,/m/0t36y,,United States
Chatsworth,/m/0ryd0,,United States
Chattahoochee,/m/0rkpw,,United States
Chattahoochee Hills,/m/0dl_8x,,United States
Chattanooga,/m/0pzpz,,United States
Chautauqua,/m/0t5nw,,United States
Chaveña,/m/0hzrqmv,,Mexico
Chavuma,/m/08n37k,,Zambia
Chañaral,/m/0c6yj3,,Chile
Chbar Mon,/m/0ggfhc,,Cambodia
Cheb,/m/01jgym,,Czech Republic
Cheboksary,/m/02dn0_,,Russia
Cheboygan,/m/0v3sn,,United States
Checheng Township,/m/0261tvb,,Taiwan
Chefchaouen,/m/06f4pk,,Morocco
Chefornak,/m/0qcv8,,United States
Chehalis,/m/010s7g,,United States
Cheimerion,/m/07s3b46,,Greece
Chelan,/m/010pry,,United States
Chelghoum Laïd,/m/064l1vr,,Algeria
Chelmsford,/m/017_4z,,United Kingdom
Chelsea,/m/0z9rf,,United States
Chelsea,/m/0t_wz,,United States
Chelsea,/m/0qbmw,,United States
Chelsea,/m/0vrcf,,United States
Chelsea,/m/0t3h6,,United States
Cheltenham,/m/015cj9,,United Kingdom
Chelyabinsk,/m/01kg39,,Russia
Chemnitz,/m/01bgkq,,Germany
Chemtou,/m/02vr6jp,,Tunisia
Chencha,/m/07nv0w,,Ethiopia
Cheney,/m/010v31,,United States
Cheney,/m/0tbkd,,United States
Chengalpattu,/m/04w_4c,,India
Chengde,/m/03lfl0,,People's Republic of China
Chengdu,/m/016v46,,People's Republic of China
Chenggong Township,/m/047s6zq,,Taiwan
Chennai,/m/0c8tk,,India
Chenoa,/m/0sd8j,,United States
Chenzhou,/m/090bsp,,People's Republic of China
Cheonan,/m/03v74j,,South Korea
Cheongju,/m/022tg1,,South Korea
Chepén,/m/03nvtf5,,Peru
Cherkasy,/m/04hwts,,Ukraine
Cherkessk,/m/02dvqs,,Russia
Chernihiv,/m/02p1md,,Ukraine
Chernivtsi,/m/01_w5q,,Ukraine
Cherokee,/m/0ssyy,,United States
Cherokee,/m/0t65f,,United States
Cherokee,/m/0z3_q,,United States
Cherokee Village,/m/0qt63,,United States
Cherrapunji,/m/06dqmp,,India
Cherry Hills Village,/m/0r8rs,,United States
Cherry Valley,/m/0qsv1,,United States
Cherryvale,/m/0t8tq,,United States
Cherryville,/m/0ygf8,,United States
Cherrywood Village,/m/0tffz,,United States
Chersonesos,/m/02r5prl,,Italy
Chersonesos,/m/02r5pg_,,Turkey
Chersonesus,/m/04j20h,,Ukraine
Chesapeake,/m/0mp36,,United States
Chesnee,/m/013k_p,,United States
Chester,/m/01423b,,United Kingdom
Chester,/m/0zygc,,United States
Chester,/m/0sfwz,,United States
Chester,/m/0_l1q,,United States
Chester,/m/0s_f6,,United States
Chester,/m/010wv0,,United States
Chesterfield,/m/0xj4p,,United States
Chestermere,/m/07tzwj,,Canada
Chetek,/m/01mjb_,,United States
Chetopa,/m/0t7_4,,United States
Chetumal,/m/01bgx7,,Mexico
Chevak,/m/0qhrl,,United States
Cheviot,/m/0yxn5,,United States
Chewelah,/m/010vbd,,United States
Cheyenne,/m/0fw3f,,United States
Cheyenne,/m/0z9pn,,United States
Chełm,/m/022m3z,,Poland
Chełmek,/m/022m5d,,Poland
Chełmno,/m/022b4h,,Poland
Chełmża,/m/0c2pm3,,Poland
Chhatarpur,/m/03n49z,,India
Chhaya,/m/0f0nrp,,India
Chhoti Sadri,/m/0f0nzm,,India
Chia,/m/06_vrj7,,Italy
Chiang Mai,/m/01hr58,,Thailand
Chiang Rai,/m/01d7bx,,Thailand
Chiasso,/m/03g090,,Switzerland
Chiatura,/m/0276z1,,Georgia
Chiautempan,/m/02qdfgn,,Mexico
Chiayi City,/m/035vmh,,Taiwan
Chiba,/m/0gp5c8,,Japan
Chibombo,/m/02qq467,,Zambia
Chibuto,/m/09m12j,,Mozambique
Chicago,/m/01_d4,CHI,United States
Chicago Heights,/m/0s4n0,,United States
Chicama,/m/0pclwnp,,Peru
Chichen Itza,/m/017kpv,,Mexico
Chichester,/m/01z8f0,,United Kingdom
Chickamauga,/m/0rzq2,,United States
Chickamaw Beach,/m/0vwj4,,United States
Chickasaw,/m/0q989,,United States
Chickasha,/m/0z61k,,United States
Chiclayo,/m/02pg_2,,Peru
Chico,/m/0qy5v,,United States
Chicopee,/m/0tzkd,,United States
Chicualacuala,/m/09m17j,,Mozambique
Chicureo,/m/0j9prtf,,Chile
Chidester,/m/0qw3y,,United States
Chiefland,/m/0rmq4,,United States
Chifeng,/m/05mdpd,,People's Republic of China
Chigasaki,/m/01332f,,Japan
Chignik,/m/0qfxs,,United States
Chiguayante,/m/047dg65,,Chile
Chihshang Township,/m/047rh40,,Taiwan
Chihuahua City,/m/01fvzh,,Mexico
Chikkamagaluru,/m/02p74m6,,India
Chikodi,/m/0f0pbd,,India
Chikusei,/m/06714g,,Japan
Chikushino,/m/01wp_9,,Japan
Chikwawa,/m/09_p5z,,Malawi
Chilas,/m/0c88th,,Pakistan
"Chilca, Cañete",/m/0w1cdv2,,Peru
Childersburg,/m/0qbn6,,United States
Childress,/m/0__1n,,United States
Chile Chico,/m/0c6yc0,,Chile
Chilecito,/m/0d3816,,Argentina
Chilia Veche,/m/0991b8,,Romania
Chililabombwe,/m/09fgn1,,Zambia
Chillanes,/m/07s9tfr,,Ecuador
Chillicothe,/m/0102b_,,United States
Chillicothe,/m/0wxhd,,United States
Chillicothe,/m/0sf6v,,United States
Chillicothe,/m/0t3xz,,United States
Chillicothe,/m/0z1cr,,United States
Chilliwack,/m/01wl84,,Canada
Chillán,/m/01swpx,,Chile
Chillán Viejo,/m/04yb_rb,,Chile
Chiloquin,/m/0zdm7,,United States
Chilpancingo de los Bravo,/m/01btw0,,Mexico
Chilton,/m/01mjqc,,United States
Chimbarongo,/m/0bystl,,Chile
Chimbote,/m/01k2l4,,Peru
Chimney Rock,/m/0ykjh,,United States
Chimoio,/m/07v_vj,,Mozambique
Chimoré,/m/03nrct1,,Bolivia
China,/m/0104mv,,United States
China Grove,/m/0ykd7,,United States
Chinandega,/m/078t0v,,Nicaragua
Chincha Alta,/m/027g85t,,Peru
Chinde,/m/0h8ql,,Mozambique
Chingola,/m/039fbp,,Zambia
Chinhoyi,/m/0282b00,,Zimbabwe
Chiniot,/m/06hfkk,,Pakistan
Chinkultic,/m/023x47,,Mexico
Chino,/m/0r4fl,,United States
Chino Hills,/m/0r4f_,,United States
Chinook,/m/0x19h,,United States
Chinsali,/m/02qq5xl,,Zambia
Chiny,/m/017x0y,,Belgium
Chios,/m/04c1t,,Greece
Chios,/m/0b40ng,,Greece
Chipata (Fort Jameson),/m/04s2vl,,Zambia
Chipley,/m/0rsw7,,United States
Chiplun,/m/029z_r,,India
Chipoka,/m/09y7kb,,Malawi
Chippewa Falls,/m/010_tq,,United States
Chiquián,/m/03gqcc5,,Peru
Chiradzulu,/m/07kh84b,,Malawi
Chirchiq,/m/06vdt8,,Uzbekistan
Chireno,/m/0106z5,,United States
Chiro,/m/02rrzws,,Ethiopia
Chirundu,/m/0bn4wq,,Zambia
Chirundu,/m/0bn0yf,,Zimbabwe
Chisago City,/m/0vx66,,United States
Chisholm,/m/0wj6s,,United States
Chishtian,/m/07zdsr,,Pakistan
Chita,/m/02k6j2,,Russia
Chitila,/m/06_6tl,,Romania
Chitipa,/m/0f1z26,,Malawi
Chitré,/m/05k_fm,,Panama
Chittagong,/m/021j38,,Bangladesh
Chittoor,/m/025syw1,,India
Chittorgarh,/m/06k6y8,,India
Chivacoa,/m/0c_5ym,,Venezuela
Chivay,/m/02pk9t3,,Peru
Chivhu,/m/09fvvh,,Zimbabwe
Chivilcoy,/m/0c6gt4,,Argentina
Chizhou,/m/089w_h,,People's Republic of China
Chièvres,/m/017p84,,Belgium
Chiépo,/m/05p29c0,,Ivory Coast
Chișineu-Criș,/m/0b51bt,,Romania
Chișinău,/m/0fn77,,Moldova
Chlef,/m/0b9dc9,,Algeria
Chmielnik,/m/0288m92,,Poland
Chocianów,/m/02pjgww,,Poland
Chociwel,/m/0ct5vj,,Poland
Chocopeu,/m/0pcffdb,,Peru
Chocowinity,/m/0yd64,,United States
Choctaw,/m/020q6wn,,United States
Chocz,/m/05b5w1q,,Poland
Chodecz,/m/02812yt,,Poland
Chodzież,/m/02296v,,Poland
Choele Choel,/m/0b5k99,,Argentina
Chogha Zanbil,/m/05bz0y,,Iran
Choibalsan,/m/03cfxr,,Mongolia
Chojna,/m/0dc_7l,,Poland
Chojnice,/m/013_y9,,Poland
Chojnice,/m/013_y9,,Kingdom of Poland
Chojnów,/m/01wyq,,Poland
Chokio,/m/0wkth,,United States
Chokwe,/m/0284f11,,Mozambique
Cholet,/m/073pm9,,France
Choluteca,/m/0752bd,,Honduras
Chomutov,/m/01kjpm,,Czech Republic
Chonchi,/m/03c3gk1,,Chile
Chone,/m/047fchy,,Ecuador
Chongjin,/m/02j09d,,North Korea
Chongju,/m/026jyjv,,North Korea
Chongqing,/m/017236,,People's Republic of China
Chongzuo,/m/0bmmq9,,People's Republic of China
Choolaimedu,/m/025z1k1,,India
Chop,/m/07mr6c,,Ukraine
Chopda,/m/0f0q04,,India
Chornomorsk,/m/0dqf3j,,Ukraine
Choroszcz,/m/022lxc,,Poland
Chortkiv,/m/06wq0l,,Ukraine
Chortoq,/m/012mz9ff,,Uzbekistan
Chorzele,/m/028777j,,Poland
Chorzów,/m/0jx5j,,Poland
Choszczno,/m/08bb5l,,Poland
Chota,/m/03h5w6b,,Peru
Choteau,/m/0x3zj,,United States
Chotěboř,/m/0gfyl4,,Czech Republic
Chowchilla,/m/0r186,,United States
Chowk Azam,/m/0g57qfn,,Pakistan
Chowmuhani,/m/0123rgn6,,Bangladesh
Chrisman,/m/0s6lc,,United States
Christchurch,/m/02yc5b,,New Zealand
Christiana,/m/09rvtgj,,Jamaica
Christine,/m/0yqk1,,United States
Christopher,/m/0s6_s,,United States
Chrudim,/m/03vmb4,,Czech Republic
Chrysondyon,/m/03wj00r,,Albania
Chrysopolis,/m/01ykx9,,Turkey
Chrzanów,/m/022bsn,,Poland
Chuathbaluk,/m/0qcvm,,United States
Chubbuck,/m/0s0rp,,United States
Chudniv,/m/0gssxk,,Ukraine
Chuhuiv,/m/0b6kk1,,Ukraine
Chula,/m/0wxhr,,United States
Chula Vista,/m/0r4xf,,United States
Chulucanas,/m/0chkks,,Peru
Chulumani,/m/05szltq,,Bolivia
Chumphon,/m/04r6gm,,Thailand
Chunar,/m/095kj1,,India
Chuncheon,/m/02j0c8,,South Korea
Chunchi,/m/07kf1bh,,Ecuador
Chungju,/m/022trw,,South Korea
Chunian,/m/07gps0,,Pakistan
Chunrih Township,/m/07k695k,,Taiwan
Chupaca,/m/03qmmqd,,Peru
Chuquibamba,/m/03gq8dc,,Peru
Chur,/m/016vjp,,Switzerland
Church Hill,/m/0_vcz,,United States
Churchs Ferry,/m/0yqb2,,United States
Churdan,/m/0szp3,,United States
Chutang Township,/m/07khq3h,,Taiwan
Chuy,/m/02py540,,Uruguay
Chuzhou,/m/06btcd,,People's Republic of China
Chuí,/m/0bb4cx,,Brazil
Chyhyryn,/m/05460l,,Ukraine
Chystiakove,/m/0bj1nr,,Ukraine
Chystiakove,/m/0bj1nr,,Soviet Union
Chyton,/m/0bxqnd,,
Chytri,/m/025_1rq,,Cyprus
Châtelet,/m/017ph6,,Belgium
Châu Đốc,/m/0h29ws,,Vietnam
Chêne-Bougeries,/m/05p370,,Switzerland
Chümoukedima,/m/0bchjk,,India
Chęciny,/m/0288lzf,,Poland
Chōfu,/m/01wrk8,,Japan
Chōshi,/m/01whwk,,Japan
Chūō-ku,/m/02r_6y3,,Japan
Ciacova,/m/02rkg39,,Romania
Ciamis,/m/0fk0b4,,Indonesia
Cianjur,/m/03mwxz,,Indonesia
Cibinong,/m/0gc835,,Indonesia
Cibolo,/m/020_vly,,United States
Cichyrus,/m/0bxp7h,,Greece
Ciechanowiec,/m/0c5qd_,,Poland
Ciechanów,/m/022mb4,,Poland
Ciechocinek,/m/0c2pjp,,Poland
Ciego de Ávila,/m/02cbh2,,Cuba
Cienfuegos,/m/05c7m_,,Cuba
Cieszanów,/m/028b9_d,,Poland
Cieszyn,/m/01zmnp,,Poland
Cigánd,/m/05njrs,,Hungary
Cihtong Township,/m/07kh94m,,Taiwan
Cikarang,/m/07s6y4q,,Indonesia
Cilegon,/m/071hlm,,Indonesia
Cimahi,/m/07y22h,,Indonesia
Cimarron,/m/0t70d,,United States
Cimei Township,/m/0bwg3_,,Taiwan
Cimișlia,/m/052jmv,,Moldova
Cincinnati,/m/01snm,,United States
Cincinnati,/m/0srg1,,United States
Cinco Saltos,/m/0fvz30,,Argentina
Ciney,/m/017s6j,,Belgium
Cipolletti,/m/08fwy8,,Argentina
Circesium,/m/04crwhg,,Syria
Circle Pines,/m/0vsqy,,United States
Circleville,/m/0z0rl,,United States
Circleville,/m/0t7cs,,United States
Cirebon,/m/03jd52,,Indonesia
Ciro Redondo,/m/03cbjtj,,Cuba
Cirta,/m/05jtxm,,Kingdom of Numidia
Cisco,/m/0100hb,,United States
Cisnădie,/m/0540ng,,Romania
Cissus,/m/03g_r8k,,Greece
Cisthene,/m/0h1d277,,Turkey
Citharizum,/m/047rkby,,Turkey
Citronelle,/m/0q98n,,United States
Citrus Heights,/m/0r413,,United States
City of Cape Town,/m/0bf4y8,,South Africa
City of David,/m/0j3w2,,Israel
City of Ekurhuleni Metropolitan Municipality,/m/0b4l12,,South Africa
City of Industry,/m/0r0dw,,United States
City of Johannesburg Metropolitan Municipality,/m/06ytvs,,South Africa
City of London,/m/01_c4,,United Kingdom
City of Tshwane Metropolitan Municipality,/m/03p33h,,South Africa
City of Westminster,/m/0f485,,United Kingdom
Cité de Carcassonne,/m/0gmclfp,,France
Ciudad Acuña,/m/01hxgb,,Mexico
Ciudad Bolívar,/m/03518q,,Venezuela
Ciudad Cuauhtémoc,/m/04y6qht,,Mexico
Ciudad Cuauhtémoc,/m/04yf6c_,,Mexico
Ciudad Deportiva,/m/03yf_mn,,Mexico
Ciudad Evita,/m/0275bny,,Argentina
Ciudad Guayana,/m/04g0sh,,Venezuela
Ciudad Hidalgo,/m/04y5kpc,,Mexico
Ciudad Jardín El Libertador,/m/05f55zk,,Argentina
Ciudad Juárez,/m/0n06p,,Mexico
Ciudad Madero,/m/0gx0yrt,,Argentina
Ciudad Mier,/m/02q3402,,Mexico
Ciudad Miguel Alemán,/m/03qhtyh,,Mexico
Ciudad Obregón,/m/0437ry,,Mexico
Ciudad Ojeda,/m/043rq5k,,Venezuela
Ciudad de Armería,/m/04y5mkl,,Mexico
Ciudad de La Mota,/m/0_1h_ff,,Spain
Ciudad de la Costa,/m/0gmcg1w,,Uruguay
Ciudad de la Paz,/m/0p8v_wz,,Equatorial Guinea
Ciudad del Carmen,/m/01bklk,,Mexico
Ciudad del Este,/m/01rd8d,,Paraguay
Ciudad del Plata,/m/0gw_hfw,,Uruguay
Cius,/m/06nmkx,,Turkey
Civitas Tungrorum,/m/0h68ml6,,Belgium
Cizre,/m/0cr6l5,,Turkey
Ciężkowice,/m/02plxv4,,Poland
Claflin,/m/0t55_,,United States
Clairfayts,/m/03qfghl,,France
Clairton,/m/0zhc8,,United States
Clanton,/m/0q5st,,United States
Clara City,/m/0vwzy,,United States
Clare,/m/013d_2,,United States
Clare,/m/0t49p,,United States
Claremont,/m/0yf6f,,United States
Claremont,/m/0r02m,,United States
Claremont,/m/0xk6r,,United States
Claremont,/m/0vz88,,United States
Claremore,/m/0z9rs,,United States
Clarence,/m/0w_3y,,United States
Clarence,/m/0ssr0,,United States
Clarence-Rockland,/m/026lj2,,Canada
Clarendon,/m/0qvyc,,United States
Clarendon,/m/0100dl,,United States
Clarinda,/m/0t20d,,United States
Clarines,/m/0d4jf8,,Venezuela
Clarion,/m/0t4tx,,United States
Clarissa,/m/0wlcc,,United States
Clark,/m/0xh_5,,United States
Clark,/m/0_pmq,,United States
Clark Fork,/m/0s12d,,United States
Clarkedale,/m/0gx1mq7,,United States
Clarkesville,/m/0rx0p,,United States
Clarkfield,/m/0wp01,,United States
Clarks Grove,/m/0v_k9,,United States
Clarksburg,/m/010wxf,,United States
Clarksburg,/m/0wxzj,,United States
Clarksdale,/m/0wptj,,United States
Clarksdale,/m/0wv9f,,United States
Clarkson,/m/0x5q3,,United States
Clarkson,/m/0tdrw,,United States
Clarkson Valley,/m/0xj50,,United States
Clarkston,/m/010pnv,,United States
Clarkston,/m/0vm7k,,United States
Clarkston,/m/0rvtl,,United States
Clarksville,/m/0qv01,,United States
Clarksville,/m/0_w5_,,United States
Clarksville,/m/0wz5b,,United States
Clarksville,/m/010804,,United States
Clarksville,/m/0ss98,,United States
Clarksville City,/m/013ms1,,United States
Clarkton,/m/0ydc9,,United States
Clarkton,/m/0wvdw,,United States
Classical Athens,/m/03nmzqx,,Greece
Classical Athens,/m/03nmzqx,,Classical Athens
Clastidium,/m/08vlcy,,Italy
Clatskanie,/m/0zc7v,,United States
Claude,/m/0_xnr,,United States
Claudiopolis,/m/02pmst6,,Turkey
Clausentum,/m/0hnb9vb,,United Kingdom
Clausthal-Zellerfeld,/m/014r30,,Germany
Clawson,/m/0vg9l,,United States
Claxton,/m/0rwb4,,United States
Clay,/m/0q7_0,,United States
Clay,/m/0tj80,,United States
Clay Center,/m/0t5w2,,United States
Clay Center,/m/0x5lp,,United States
Clay City,/m/0tht6,,United States
"Claypole, Buenos Aires",/m/04gm3xv,,Argentina
Clayton,/m/0yhdn,,United States
Clayton,/m/013cv_,,United States
Clayton,/m/0st8b,,United States
Clayton,/m/0qym3,,United States
Clayton,/m/0y_xv,,United States
Clayton,/m/0xj5c,,United States
Clayton,/m/0s1ky,,United States
Clayton,/m/0rytl,,United States
Cle Elum,/m/010r_v,,United States
Clear Lake,/m/0whmw,,United States
Clear Lake,/m/0ssts,,United States
Clear Lake,/m/0_q1g,,United States
Clear Lake Shores,/m/0101nc,,United States
Clearbrook,/m/0vxvw,,United States
Clearfield,/m/010dqd,,United States
Clearfield,/m/013csl,,United States
Clearlake,/m/0q_pn,,United States
Clearmont,/m/0wyk9,,United States
Clearwater,/m/0rqyx,,United States
Clearwater,/m/013gdl,,United States
Clearwater,/m/0tbkr,,United States
Cleburne,/m/0104wv,,United States
Cleghorn,/m/0ssz8,,United States
Clements,/m/0wfwf,,United States
Clemmons,/m/0yg8q,,United States
Clemons,/m/0t19k,,United States
Clemson,/m/013kx9,,United States
Cleonae,/m/0br40l,,Greece
Cleonae,/m/0br498,,Greece
Clermont,/m/01zyd_6,,United States
Clermont,/m/0sz9r,,United States
Clermont-Ferrand,/m/0lbcg,,France
Cleveland,/m/01sn3,,United States
Cleveland,/m/0yrmn,,United States
Cleveland,/m/0xgbr,,United States
Cleveland,/m/0wtb4,,United States
Cleveland,/m/0_syb,,United States
Cleveland,/m/0105mg,,United States
Cleveland,/m/0w4qy,,United States
Cleveland,/m/0z927,,United States
Cleveland,/m/0r_02,,United States
Cleveland Heights,/m/0yvdb,,United States
Clever,/m/0wtm2,,United States
Clewiston,/m/0rkxs,,United States
Clifford,/m/0yrvr,,United States
Clifton,/m/0xrwc,,United States
Clifton,/m/013ctm,,United States
Clifton,/m/0_ycl,,United States
Clifton,/m/0s1m_,,United States
Clifton,/m/0_x88,,United States
Clifton Hill,/m/0wzmf,,United States
Climax,/m/0t72t,,United States
Climax,/m/0rvrv,,United States
Climax,/m/0wdhx,,United States
Clinge,/m/0d10wz,,Netherlands
Clingen,/m/0f9ywj,,Germany
Clinton,/m/0ykml,,United States
Clinton,/m/010dqs,,United States
Clinton,/m/0wq6d,,United States
Clinton,/m/0sqj8,,United States
Clinton,/m/0s5zt,,United States
Clinton,/m/0qxf_,,United States
Clinton,/m/0wvy3,,United States
Clinton,/m/0stj7,,United States
Clinton,/m/013k7q,,United States
Clinton,/m/0_m9t,,United States
Clinton,/m/0_srh,,United States
Clinton,/m/0tf4p,,United States
Clinton,/m/0vv4c,,United States
Clintonville,/m/011d5_,,United States
Clio,/m/0pmyc,,United States
Clio,/m/0t467,,United States
Clio,/m/0v5my,,United States
Clitherall,/m/0w9nr,,United States
Clive,/m/0stsj,,United States
Cliza,/m/052_h3v,,Bolivia
Clocolan,/m/04_r_q,,South Africa
Clones,/m/02cvgk,,Ireland
Clontarf,/m/0wl1r,,United States
Cloppenburg,/m/04rrtb,,Germany
Cloquet,/m/0vvxw,,United States
Clorinda,/m/0g3403,,Argentina
Clos de Villeneuve,/m/05f360j,,France
Cloverdale,/m/0r72k,,United States
Cloverport,/m/0tcws,,United States
Clovis,/m/0qz4n,,United States
Clovis,/m/0xtw4,,United States
Cluj-Napoca,/m/0p2gq,,Romania
Cluj-Napoca metropolitan area,/m/03d0l98,,Romania
Clunia,/m/0bg9rx,,Spain
Clusium,/m/05_gxf,,Italy
Clute,/m/0_ym7,,United States
Clutier,/m/0t3hk,,United States
Clyde,/m/0ygz5,,United States
Clyde,/m/0z1gh,,United States
Clyde,/m/0_z5z,,United States
Clyde,/m/0t5yh,,United States
Clyde Hill,/m/010r9l,,United States
Clydebank,/m/0287ff,,United Kingdom
Coachella,/m/0r3j7,,United States
Coal Hill,/m/0qv0d,,United States
Coal Run Village,/m/0thrv,,United States
Coalgate,/m/0z503,,United States
Coalinga,/m/0qz50,,United States
Coalmont,/m/0_v1n,,United States
Coalville,/m/010gb0,,United States
Coates,/m/0vyyz,,United States
Coatesville,/m/0zqws,,United States
Coatlichan,/m/02vnd43,,Mexico
Coats,/m/0ygxf,,United States
Coats,/m/0t9qc,,United States
Coatzacoalcos,/m/0260_w,,Mexico
Cobbtown,/m/0rz6g,,United States
Cobden,/m/0xcv5,,United States
Cobh,/m/0229hw,,Ireland
Cobija,/m/06xhdc,,Bolivia
Cobue,/m/02qs9__,,Mozambique
Coburg,/m/0zdpc,,United States
Coburg,/m/05x30m,,Germany
Coburg,/m/0t1r2,,United States
Coca,/m/068lpf,,Ecuador
Cochabamba,/m/03kgct,,Bolivia
Cochem,/m/080cpl,,Germany
Cochran,/m/0rt92,,United States
Cochrane,/m/029m33,,Canada
Cochrane,/m/0d66mx,,Chile
Cockenzie and Port Seton,/m/0452wg,,United Kingdom
Cockrell Hill,/m/0__tk,,United States
Cocoa,/m/0rhlk,,United States
Cocoa Beach,/m/0rhly,,United States
Cocobeach,/m/05xnt0,,Gabon
Coconut Creek,/m/01zyftp,,United States
Codegua,/m/04ycqvv,,Chile
Cody,/m/011g76,,United States
Codó,/m/0ffhht,,Brazil
Coelemu,/m/04y8qr3,,Chile
Coesfeld,/m/04qt_s,,Germany
Coeur d'Alene,/m/0s20r,,United States
Coffeen,/m/0sdq_,,United States
Coffey,/m/0wv70,,United States
Coffeyville,/m/0t8v1,,United States
Coffman Cove,/m/0qgvt,,United States
Coffs Harbour,/m/0ydsk,,Australia
Cofield,/m/0yh3p,,United States
Coggon,/m/0t0p8,,United States
Cogswell,/m/0yr9h,,United States
Cohasset,/m/0w2bw,,United States
Cohoes,/m/0xx29,,United States
Coimbatore,/m/019fc4,,India
Coin,/m/0t20r,,United States
Cojutepeque,/m/078h7x,,El Salvador
Cokato,/m/0wns3,,United States
Colac,/m/028ksj,,Australia
Colatina,/m/02ypjx,,Brazil
Colbert,/m/0rx_z,,United States
Colby,/m/01mjsg,,United States
Colby,/m/0tc3g,,United States
Colcapirhua,/m/09gflgm,,Bolivia
Colchester,/m/01n4nd,,United Kingdom
Colchester,/m/0scxt,,United States
Cold Bay,/m/0qcl0,,United States
Cold Lake,/m/04qjh8,,Canada
Cold Spring,/m/0xfws,,United States
Cold Spring,/m/0td3q,,United States
Colditz,/m/013bw0,,Germany
Coldspring,/m/0108f0,,United States
Coldstream,/m/024k_q,,United Kingdom
Coldstream,/m/0tfg9,,United States
Coldwater,/m/0t618,,United States
Coldwater,/m/0v2wq,,United States
Cole Camp,/m/0wsqv,,United States
Coleharbor,/m/0203x_r,,United States
Coleman,/m/0vdkz,,United States
Coleman,/m/0__5f,,United States
Coleman,/m/0rsd7,,United States
Colerain,/m/0yd8k,,United States
Coleraine,/m/0w2c6,,United States
Colesburg,/m/0sv2w,,United States
Colfax,/m/010vw1,,United States
Colfax,/m/0s_v9,,United States
Colfax,/m/0r2sc,,United States
Colfax,/m/0yqkd,,United States
Colima,/m/01gfg5,,Mexico
Colina,/m/0g017v,,Chile
Collana,/m/09gp748,,Bolivia
Collatia,/m/07v83v,,Italy
College Park,/m/0pc6x,,United States
College Park,/m/0rv2_,,United States
College Place,/m/010vk8,,United States
College Springs,/m/0t212,,United States
College Station,/m/0_ytw,,United States
Collegedale,/m/0_v30,,United States
Colleyville,/m/01098q,,United States
Collins,/m/0wpx9,,United States
Collins,/m/0rz6t,,United States
Collins,/m/0t3c2,,United States
Collinsville,/m/0sc7c,,United States
Collinsville,/m/013kfb,,United States
Collinwood,/m/0_x8m,,United States
Collipulli,/m/0f5rzj,,Chile
Collyer,/m/0tc4v,,United States
Colman,/m/0_rr4,,United States
Colmesneil,/m/010b2v,,United States
Colo,/m/01_4574,,United States
Cologne,/m/01v8c,,Germany
Cologne,/m/0vw6h,,United States
Coloma,/m/0v2ft,,United States
Colombes,/m/04gpf6,,France
Colombia,/m/03cbm0m,,Cuba
Colombo,/m/0fn7r,,Sri Lanka
Colombo,/m/0ggtg1,,Brazil
Colome,/m/0_sf3,,United States
Colomi,/m/05h3fm7,,Bolivia
Colona,/m/0s840,,United States
Colonia Claudia Ara Agrippinensium,/m/05pd8k9,,Germany
Colonia Iulia Urbs Triumphalis Tarraco,/m/0glqntw,,Spain
Colonia Junonia,/m/03qhsjt,,Tunisia
Colonia del Sacramento,/m/02m0_1,,Uruguay
Colonia del Sol,/m/0gx0_kg,,Mexico
Colonial Heights,/m/0mp2j,,United States
Colony,/m/0t4_1,,United States
Colophon,/m/01fkrk,,Turkey
Colorado City,/m/0106l2,,United States
Colorado Springs,/m/01vsl,,United States
Colossae,/m/01_1f,,Turkey
Colquencha,/m/09gpsgh,,Bolivia
Colquitt,/m/0ry5h,,United States
Colstrip,/m/0x3p1,,United States
Colt,/m/0qx82,,United States
Colton,/m/0r4gc,,United States
Colton,/m/0_rml,,United States
Columbia,/m/0yl6w,,United States
Columbia,/m/0sdn7,,United States
Columbia,/m/0fv_t,,United States
Columbia,/m/01z1c,,United States
Columbia,/m/0_p9b,,United States
Columbia,/m/0tcjm,,United States
Columbia,/m/0wr0r,,United States
Columbia,/m/0_v_t,,United States
Columbia,/m/0cy8v,,United States
Columbia City,/m/0zc85,,United States
Columbia City,/m/0sr63,,United States
Columbia City,/m/032xwg,,United States
Columbia Falls,/m/0x1tf,,United States
Columbia Heights,/m/0vsr8,,United States
Columbiana,/m/0qbnk,,United States
Columbiana,/m/013jhr,,United States
Columbus,/m/0rydq,,United States
Columbus,/m/01mjx7,,United States
Columbus,/m/0yjw_,,United States
Columbus,/m/01smm,,United States
Columbus,/m/0x8v1,,United States
Columbus,/m/01zzc,,United States
Columbus,/m/0__gr,,United States
Columbus,/m/0wqzb,,United States
Columbus,/m/0t5qz,,United States
Columbus,/m/0tf50,,United States
Columbus,/m/0yn7f,,United States
Columbus,/m/0vsrm,,United States
Columbus,/m/0xvdv,,United States
Columbus City,/m/0t0td,,United States
Columbus Junction,/m/0t0tr,,United States
Colusa,/m/0qyhg,,United States
Colville,/m/010vbr,,United States
Colwell,/m/0szg6,,United States
Colwich,/m/0tbl2,,United States
Colwood,/m/05rp8d,,Canada
Colybrassus,/m/012n8njh,,Turkey
Colón,/m/0c306r,,Cuba
Colón,/m/085hjn,,Argentina
Colón City,/m/01z4dt,,Panama
Comalcalco,/m/09n03x,,Mexico
Comana,/m/098k62,,Turkey
Comana Pontica,/m/098k7h,,Turkey
Comanche,/m/0__jv,,United States
Comanche,/m/0zb8f,,United States
Comarapa,/m/0b6kln3,,Bolivia
Comarnic,/m/071jt4,,Romania
Comayagua,/m/01drr3,,Honduras
Combarbalá,/m/0cxmyz,,Chile
Combine,/m/013m95,,United States
Comendador,/m/06xhm0,,Dominican Republic
Comer,/m/0ry09,,United States
Comfrey,/m/013fcm,,United States
Comines,/m/0853sl,,France
Comines-Warneton,/m/017pt8,,Belgium
Comitán de Domínguez,/m/01bkzw,,Mexico
Comloșu Mare,/m/0dz4m9,,Romania
Commerce,/m/01049t,,United States
Commerce,/m/0r030,,United States
Commerce,/m/0z8yz,,United States
Commerce,/m/0w_0v,,United States
Commerce,/m/0rxf1,,United States
Commerce City,/m/0r8k6,,United States
Commune of Nyabitsinda,/m/0jl1ryv,,Burundi
Commune of Rome,/m/057j48,,Italy
Como,/m/0ggyr,,Italy
Como,/m/0yh4d,,United States
Comodoro,/m/09rxt6z,,Brazil
Comodoro Rivadavia,/m/036yj_,,Argentina
Compsa,/m/08ykkg,,Italy
Compton,/m/0r03f,,United States
"Compuertas Borough, Baja California",/m/0h1bh_0,,Mexico
Comrat,/m/02s5p5,,Moldova
Comstock,/m/0vxf2,,United States
Comănești,/m/04pwqr,,Romania
Conakry,/m/0fn8p,,Guinea
Concepción,/m/03qm69r,,Peru
Concepción,/m/040xdw,,Paraguay
Concepción,/m/04mx4fh,,Bolivia
Concepción,/m/0k18k,,Chile
Concepción,/m/0b243_,,Argentina
Concepción del Uruguay,/m/07sh04,,Argentina
Conception Junction,/m/0wyk_,,United States
Concord,/m/0qymv,,United States
Concord,/m/01x96,,United States
Concord,/m/0tgrr,,United States
Concord,/m/0ydxr,,United States
Concord,/m/0rypg,,United States
Concordia,/m/043rpc,,Argentina
Concordia,/m/0wx0l,,United States
Concordia,/m/0t5yv,,United States
Concón,/m/02w98jr,,Chile
Conde,/m/0_s6l,,United States
Condon,/m/0zctn,,United States
Condé-sur-l'Escaut,/m/02qhbth,,France
Conesville,/m/0t1tj,,United States
Conetoe,/m/0yg5m,,United States
Confine,/m/0b77kb0,,San Marino
Conger,/m/0v_kn,,United States
Conistorgis,/m/03rn16,,Portugal
Conistorgis,/m/03rn16,,Ancient Rome
Conneaut,/m/0ysnc,,United States
Connell,/m/010qg7,,United States
Connellsville,/m/0zzmc,,United States
Connelly Springs,/m/0ydtm,,United States
Connersville,/m/0sl8q,,United States
Conover,/m/0yf6s,,United States
Conrad,/m/0szrw,,United States
Conrad,/m/0x3bn,,United States
Conroe,/m/0106nh,,United States
Consejo,/m/01s4lh,,Belize
Conselheiro Lafaiete,/m/05x056,,Brazil
Constance,/m/0p60f,,Germany
Constantine,/m/02d4_q,,Algeria
Constantinople,/m/01q0l,,Turkey
Constanța,/m/01nc62,,Romania
Constitución,/m/0dc094,,Chile
Contagem,/m/02mhnq,,Brazil
Contamana,/m/09rn5w,,Peru
Contumazá,/m/05f5gvj,,Peru
Contz-les-Bains,/m/03nq630,,France
Converse,/m/02105lp,,United States
Conway,/m/0yjbz,,United States
Conway,/m/0qt08,,United States
Conway,/m/0_m1t,,United States
Conway,/m/0wwzv,,United States
Conway,/m/0t3nq,,United States
Conway,/m/0yryh,,United States
Conway Springs,/m/0tc0q,,United States
Conyers,/m/0ryxb,,United States
Conímbriga,/m/06z1sl,,Portugal
Cook,/m/0wj89,,United States
Cookeville,/m/0_wfp,,United States
Cool,/m/0107lw,,United States
Cool Valley,/m/0w_nf,,United States
Cooleemee,/m/0yg1v,,United States
Coolidge,/m/0qqp8,,United States
Coolidge,/m/0t756,,United States
Coolidge,/m/0rzd9,,United States
Coon Rapids,/m/0xcmw,,United States
Coon Rapids,/m/0ssjh,,United States
Cooper,/m/0__zd,,United States
Cooper City,/m/0rhyz,,United States
Cooperstown,/m/0yp6m,,United States
Coopersville,/m/0xc60,,United States
Coos Bay,/m/0zccr,,United States
Cooter,/m/0wyvm,,United States
Copae,/m/0glpb7p,,Greece
Copeland,/m/0t70r,,United States
Copenhagen,/m/01lfy,,Denmark
Copiapó,/m/073rct,,Chile
Coppell,/m/013m9j,,United States
Copperas Cove,/m/013lvt,,United States
Copperhill,/m/0_wd9,,United States
Coppock,/m/013cjh,,United States
Copșa Mică,/m/025w22,,Romania
Coquelles,/m/08ts5r,,France
Coquille,/m/0zcd2,,United States
Coquimbo,/m/06hmw7,,Chile
Coquitlam,/m/01vqyd,,Canada
Corabia,/m/03lmh3,,Romania
Coracora,/m/047s1xg,,Peru
Coral Gables,/m/0rn8q,,United States
Coral Springs,/m/0rhzb,,United States
Coralville,/m/0t00h,,United States
Corbin,/m/013d4w,,United States
Corbin City,/m/0xkds,,United States
Corbio,/m/0123kcnt,,Italy
Corcoran,/m/0q_m4,,United States
Corcoran,/m/0w0vt,,United States
Corcyra,/m/080mwg0,,Greece
Cordele,/m/0rvpr,,United States
Corder,/m/0wx0y,,United States
Cordova,/m/01z1pqx,,United States
Cordova,/m/0qc8c,,United States
Corfinium,/m/07xq86,,Italy
Corfu,/m/09lgkz,,Greece
Coria,/m/0280kc5,,United Kingdom
Corinne,/m/010cq1,,United States
Corinth,/m/01_0y,,Greece
Corinth,/m/010005,,United States
Corinth,/m/0wp9q,,United States
Corinth,/m/013d1k,,United States
Corioli,/m/0790nx,,Italy
Cork,/m/0clz7,,Ireland
Cornelia,/m/0rx10,,United States
Cornelius,/m/0zgcx,,United States
Cornelius,/m/0yhvb,,United States
Cornell,/m/010_w2,,United States
Corner Brook,/m/02j83w,,Canada
Cornești,/m/06w5ny8,,Moldova
Corniculum,/m/0dryrhp,,Italy
Corning,/m/02cqs7,,United States
Corning,/m/0qs57,,United States
Corning,/m/0srb8,,United States
Corning,/m/0t90m,,United States
Corning,/m/0r7n0,,United States
Cornwall,/m/018dck,,Canada
Coro,/m/02kc1w,,Venezuela
Corona,/m/0r3jm,,United States
Coronado,/m/0r4xt,,United States
Coronel,/m/08j287,,Chile
Coronel Fabriciano,/m/08h1jp,,Brazil
Coronel Sapucaia,/m/027cfwx,,Brazil
Coronel Suárez,/m/02wx142,,Argentina
Corozal,/m/01784b,,Belize
Corpus Christi,/m/013n0n,,United States
Correctionville,/m/0t4l_,,United States
Correll,/m/0vv4q,,United States
Corrientes,/m/02tbj5,,Argentina
Corriverton,/m/07n32d,,Guyana
Corry,/m/0zz54,,United States
Corsica,/m/0_q5m,,United States
Corsicana,/m/01070n,,United States
Cortez,/m/0rc25,,United States
Cortland,/m/0xzj5,,United States
Cortland,/m/0z29j,,United States
Corumbá,/m/04rs7_,,Brazil
Corunna,/m/0vpxl,,United States
Corvallis,/m/0d234,,United States
Corwith,/m/0s_04,,United States
Corydala,/m/012m5qj0,,Turkey
Corydon,/m/0t46l,,United States
Corydon,/m/0tf28,,United States
Cosa,/m/053vwn,,Italy
Coshocton,/m/0yv41,,United States
Coslada,/m/02pflh9,,Spain
Cosmopolis,/m/010qv1,,United States
Cosmos,/m/0w6wb,,United States
Cosnes-et-Romain,/m/03qdgbt,,France
Cosquín,/m/08kz5j,,Argentina
Costa Marques,/m/027drt0,,Brazil
Costa Mesa,/m/0r2bv,,United States
Costești,/m/06w26db,,Moldova
Costești,/m/02bqwz,,Romania
Coswig,/m/0dkkgm,,Germany
Coswig,/m/0cwfls,,Germany
Cotabato City,/m/01rnc8,,Philippines
Cotacachi,/m/05myzx3,,Ecuador
Cotahuasi,/m/03hg2bq,,Peru
Cotati,/m/0r72x,,United States
Cotia,/m/03y84g,,Brazil
Cotoca,/m/0b6jtjx,,Bolivia
Cotonou,/m/0fn95,,Benin
Cottage Grove,/m/0zdpq,,United States
Cottage Grove,/m/0wmkw,,United States
Cottbus,/m/0pvn6,,Germany
Cotter,/m/0qrh9,,United States
Cotter,/m/0t0v2,,United States
Cottica,/m/0fwbj_,,Suriname
Cottleville,/m/0w_5_,,United States
Cotton Plant,/m/0qxsc,,United States
Cottonwood,/m/0qr26,,United States
Cottonwood,/m/0w55c,,United States
Cottonwood,/m/094c5l,,United States
Cottonwood,/m/01_5pf1,,United States
Cottonwood Falls,/m/0t5m4,,United States
Cottonwood Heights,/m/010fnk,,United States
Cottonwood Shores,/m/0_z1t,,United States
Cotulla,/m/01059c,,United States
Cotuí,/m/05b_vh,,Dominican Republic
Coulter,/m/0szj8,,United States
Council,/m/0s0qn,,United States
Council Bluffs,/m/0ght2,,United States
Council Grove,/m/0t8xg,,United States
Country Club Hills,/m/0s4p2,,United States
Country Club Hills,/m/0w_ns,,United States
Countryside,/m/0s4pf,,United States
County of Brant,/m/021z9m,,Canada
Coupar Angus,/m/045324,,United Kingdom
Coupland,/m/0gyrcl,,United States
Courbevoie,/m/048wqk,,France
Courmayeur,/m/05zstg,,Italy
Courtenay,/m/04hstn,,Canada
Courtenay,/m/0yrm_,,United States
Courtland,/m/0t9_s,,United States
Courtland,/m/0w8h7,,United States
Cousolre,/m/03qfj2w,,France
Couvin,/m/017smp,,Belgium
Cova Figueira,/m/0267lmd,,Cape Verde
Covasna,/m/0297hf,,Romania
Cove,/m/0zg26,,United States
Cove,/m/0_zyw,,United States
Cove City,/m/0yfqm,,United States
Coventry,/m/0c5_3,,United Kingdom
Covina,/m/0r03w,,United States
Covington,/m/0mp25,,United States
Covington,/m/0tgcy,,United States
Covington,/m/0103x7,,United States
Covington,/m/0_x11,,United States
Covington,/m/01_gtg4,,United States
Covington,/m/010rb8,,United States
Covington,/m/0ryf4,,United States
Covington,/m/0slc3,,United States
Cowan,/m/0_tsn,,United States
Cowbridge,/m/02pg_q8,,United Kingdom
Cowdenbeath,/m/02dbjh,,United Kingdom
Coweta,/m/0zbkr,,United States
Cowgill,/m/0xh39,,United States
Cox's Bazar,/m/02vk9mt,,Bangladesh
Coxen Hole,/m/02rf3lp,,Honduras
Coyhaique,/m/05npx1,,Chile
Coyote Flats,/m/0ztbcls,,United States
Coyville,/m/0tcff,,United States
Cozad,/m/0x62v,,United States
Crab Orchard,/m/0_td8,,United States
Crab Orchard,/m/0tgsf,,United States
Craig,/m/0rc1g,,United States
Craig,/m/0ww28,,United States
Craig,/m/0t26l,,United States
Craig,/m/01z1px_,,United States
Craigmont,/m/0s289,,United States
Crail,/m/023r2k,,United Kingdom
Crailsheim,/m/07xcyc,,Germany
Craiova,/m/01nc5p,,Romania
Cramerton,/m/0ygfm,,United States
Cranbrook,/m/02g5cv,,Canada
Crandall,/m/01050p,,United States
Crandon,/m/01mkrv,,United States
Crane,/m/0xjbw,,United States
Crane,/m/0__qc,,United States
Cranfills Gap,/m/0_ycy,,United States
Cranston,/m/0_jws,,United States
Crary,/m/0yqbf,,United States
Crasnoe,/m/06w4jw9,,Moldova
Crasnoe,/m/06w4jw9,,Transnistria
Crato,/m/03l9zr,,Brazil
Crawford,/m/0x61t,,United States
Crawford,/m/0ryjl,,United States
Crawfordsville,/m/0t43h,,United States
Crawfordsville,/m/0snwc,,United States
Crawfordville,/m/0rz5s,,United States
Creal Springs,/m/0sjkb,,United States
Credit River,/m/0whdz,,United States
Creedmoor,/m/0yglt,,United States
Creedmoor,/m/0109wz,,United States
Creekside,/m/0tfgn,,United States
Creglingen,/m/0b6xtn,,Germany
Creighton,/m/0x7vh,,United States
Creighton,/m/0wtbh,,United States
Cremna,/m/0cnxzs,,Turkey
Cremona,/m/01lfvj,,Italy
Creola,/m/0q98_,,United States
Creonion,/m/07s5ybb,,
Cres,/m/02rbd_g,,Croatia
Crescent,/m/01_46hq,,United States
Crescent,/m/0z7bb,,United States
Crescent City,/m/0qy_1,,United States
Crescent City,/m/0rrmg,,United States
Crescent Springs,/m/0tgd9,,United States
Cresco,/m/0s_fk,,United States
Crespin,/m/03mh4y3,,France
Cresson,/m/0ftrvs,,United States
Crest Hill,/m/0sj8d,,United States
Creston,/m/0t3qs,,United States
Crestview,/m/0rp8k,,United States
Crestview,/m/0td41,,United States
Crestview Hills,/m/0tgdn,,United States
Crestwood,/m/0w_pg,,United States
Crestwood,/m/0thk_,,United States
Creswell,/m/0zdq1,,United States
Creswell,/m/0ylxn,,United States
Crete,/m/0x96l,,United States
Creuzburg,/m/0bp870,,Germany
Creußen,/m/0f9_tp,,Germany
Creve Coeur,/m/0w_pt,,United States
Criciúma,/m/04r8m5,,Brazil
Crieff,/m/01x6y0,,United Kingdom
Crikvenica,/m/04t1gj,,Croatia
Crimmitschau,/m/0b0hks,,Germany
Cripple Creek,/m/0c98z,,United States
Crisfield,/m/0tx5g,,United States
Crissier,/m/02p5dz,,Switzerland
Crissiumal,/m/03qm9dh,,Brazil
Cristuru Secuiesc,/m/05xthk,,Romania
Crittenden,/m/0tdps,,United States
Criuleni,/m/083xtf,,Moldova
Crivitz,/m/0f9_y8,,Germany
Crocker,/m/0wzgm,,United States
Crockett,/m/01044z,,United States
Crocodilopolis,/m/06lscw,,Egypt
Crofton,/m/0x7vv,,United States
Crofton,/m/0tdcc,,United States
Croix-des-Bouquets,/m/0268dth,,Haiti
Cromarty,/m/014vkn,,United Kingdom
Cromwell,/m/0vvy6,,United States
Cromwell,/m/0t3rg,,United States
Crooks,/m/0_rmy,,United States
Crookston,/m/0wdjl,,United States
Crosby,/m/0vygt,,United States
Crosby,/m/0ynv4,,United States
Crosbyton,/m/0__r2,,United States
Cross Plains,/m/0_wkx,,United States
Cross Timbers,/m/0wv_j,,United States
Crossett,/m/0qrcg,,United States
Crossgate,/m/0tfg_,,United States
Crosslake,/m/0vyh4,,United States
Crossnore,/m/0yd2c,,United States
Crossville,/m/0_tdm,,United States
Croswell,/m/0vpdc,,United States
Crotone,/m/0kyxp,,Italy
Crouch,/m/0s110,,United States
Crowell,/m/01016m,,United States
Crowley,/m/013m_k,,United States
Crowley,/m/0tjct,,United States
Crown Point,/m/0sn31,,United States
Cruces,/m/0963w_,,Cuba
Crump,/m/0_vbl,,United States
Crustumerium,/m/08vltn,,Italy
Cruz del Eje,/m/08y3rl,,Argentina
Cruzeiro do Sul,/m/0db0wv,,Brazil
Crya,/m/0b755nt,,Turkey
Crystal,/m/0w0wz,,United States
Crystal,/m/0yq5z,,United States
Crystal City,/m/010ckl,,United States
Crystal City,/m/0xhjx,,United States
Crystal Falls,/m/0v8kp,,United States
Crystal Lake,/m/0sc_x,,United States
Crystal Lake,/m/0s_0h,,United States
Crystal Lake Park,/m/0w_q4,,United States
Crystal Lakes,/m/0wzp4,,United States
Crystal River,/m/0gg4z,,United States
Crystal Springs,/m/0wpvy,,United States
Créteil,/m/02dt1y,,France
Csanádpalota,/m/026mkz7,,Hungary
Csenger,/m/026rpbl,,Hungary
Csepreg,/m/02rjm6t,,Hungary
Csongrád,/m/06cd2z,,Hungary
Csorna,/m/0dj884,,Hungary
Csorvás,/m/026l97h,,Hungary
Csurgó,/m/0b80jq,,Hungary
Csákvár,/m/0dj2lc,,Hungary
Ctesiphon,/m/0c3rt,,Iraq
Cuamba,/m/09m13k,,Mozambique
Cuangar,/m/05sxtym,,Angola
Cuatro Cañadas,/m/0b6nn7r,,Bolivia
Cuauhtémoc,/m/02q6kxq,,Mexico
Cuba,/m/0xh94,,United States
Cuba,/m/0s76r,,United States
Cuba,/m/0tb03,,United States
Cuba City,/m/013nzx,,United States
Cubatão,/m/03y8gp,,Brazil
Cudahy,/m/01167q,,United States
Cudahy,/m/01zd5fq,,United States
Cuddalore,/m/04fwj6,,India
Cuenca,/m/02rvjw,,Ecuador
Cuero,/m/01008t,,United States
Cuevo,/m/0b6j41l,,Bolivia
Cugir,/m/04nhvr,,Romania
Cuiabá,/m/033yhk,,Brazil
Culdesac,/m/0s2f3,,United States
Culemborg,/m/0vjyp,,Netherlands
Culiacán,/m/01gmml,,Mexico
Cullaville,/m/0cn3kx,,United Kingdom
Cullen,/m/0453c5,,United Kingdom
Cullison,/m/0t9qq,,United States
Cullman,/m/0q6gx,,United States
Culloden,/m/0ry7k,,United States
Culross,/m/024l02,,United Kingdom
Culver,/m/0zdhs,,United States
Culver,/m/0t9f0,,United States
Culver City,/m/0r04p,,United States
Cumae,/m/018mfz,,Italy
Cumaná,/m/05f6fq,,Venezuela
Cumbe,/m/0bbzjl2,,Ecuador
Cumberland,/m/01mjcp,,United States
Cumberland,/m/0tt6k,,United States
Cumberland,/m/0ssnm,,United States
Cumberland,/m/0tdzg,,United States
Cumbernauld,/m/022jbn,,United Kingdom
Cumby,/m/01043y,,United States
Cumidava,/m/0g56831,,Romania
Cumilla,/m/02rr531,,Bangladesh
Cumming,/m/0rwh9,,United States
Cumming,/m/01_46kg,,United States
Cunco,/m/04f0sqs,,Chile
Cuneo,/m/03tm6s,,Italy
Cunetio,/m/0h54vl5,,United Kingdom
Cunningham,/m/0t7w0,,United States
Cupar,/m/022jc1,,United Kingdom
Cupcini,/m/064l_sl,,Moldova
Cupertino,/m/0r679,,United States
Curacautín,/m/0g7w_r,,Chile
Curacaví,/m/0cc65d8,,Chile
Curanilahue,/m/04q8d_5,,Chile
Cures,/m/02vk5th,,Italy
Cures,/m/02vk5th,,Ancient Rome
Curicó,/m/08ccb6,,Chile
Curitiba,/m/028mpr,,Brazil
Curlew,/m/0t23h,,United States
Currie,/m/0w86_,,United States
Curryville,/m/0wz5p,,United States
Curtici,/m/01v7xc,,Romania
Curtis,/m/0x6n3,,United States
Cusco,/m/0jld3,,Peru
Cushing,/m/0106zj,,United States
Cushing,/m/0z96c,,United States
Cushing,/m/0t4mb,,United States
Cushman,/m/0qtpc,,United States
Cusseta,/m/0rtyh,,United States
Cusseta,/m/026lk4k,,United States
Custer,/m/0_pvl,,United States
Cut Bank,/m/0x202,,United States
Cut and Shoot,/m/0106nv,,United States
Cuthbert,/m/0rywn,,United States
Cutral Có,/m/03d7cq9,,Argentina
Cuttack,/m/05w0kn,,India
Cuxhaven,/m/01ftz4,,Germany
Cuyahoga Falls,/m/0z21x,,United States
Cuyuna,/m/0vyhv,,United States
Cuzamá,/m/0_84kf0,,Mexico
Cyaneae,/m/012g446k,,Turkey
Cyangugu,/m/030rv6,,Rwanda
Cybinka,/m/0284bjy,,Poland
Cyinda,/m/0dgrqtd,,Turkey
Cylinder,/m/0t23v,,United States
Cyme,/m/02pyzh8,,Turkey
Cynaetha,/m/051zt4y,,Greece
Cynopolis,/m/05_92p,,Egypt
Cynthiana,/m/0tf16,,United States
Cynus,/m/03grn9q,,Greece
Cypress,/m/0r2cl,,United States
Cypsela,/m/07s4cqn,,Turkey
Cyrene,/m/0lrkg,,Libya
Cyrus,/m/0wf7n,,United States
Cytinium,/m/0j9m3nr,,Greece
Cyzicus,/m/0l554,,Turkey
Czaplinek,/m/027ybx1,,Poland
Czarna Białostocka,/m/022lxq,,Poland
Czarna Woda,/m/02plxmz,,Poland
Czarne,/m/0gtk76,,Poland
Czarne,/m/0gtk76,,Kingdom of Poland
Czarnków,/m/02chhb,,Poland
Czchów,/m/02plxt3,,Poland
Czechowice-Dziedzice,/m/022bnp,,Poland
Czeladź,/m/022brf,,Poland
Czempiń,/m/0288bc0,,Poland
Czerniejewo,/m/0kw5y2,,Poland
Czersk,/m/04qbdpv,,Poland
Czersk,/m/09b0q1,,Poland
Czerwieńsk,/m/02pjyww,,Poland
Czerwionka-Leszczyny,/m/022bph,,Poland
Czerwińsk nad Wisłą,/m/026754_,,Poland
Czyżew,/m/04gt5m0,,Poland
Częstochowa,/m/0jw_p,,Poland
Człopa,/m/0285p9l,,Poland
Człopa,/m/0285p9l,,Kingdom of Poland
Człuchów,/m/01zkmd,,Poland
Człuchów,/m/01zkmd,,Kingdom of Poland
Cà Mau,/m/07m1rt,,Vietnam
Cáceres,/m/0333td,,Brazil
Cárdenas,/m/024xvq,,Cuba
Câmpeni,/m/08kyb9,,Romania
Câmpulung la Tisa,/m/02x3_7k,,Romania
Cërrik,/m/0261m3x,,Albania
Córdoba,/m/01_690,,Mexico
Córdoba,/m/01k03r,,Argentina
Côte Saint-Luc,/m/036kgv,,Canada
Cúa,/m/02q297,,Venezuela
Cúcuta,/m/02xtlk,,Colombia
Cúpira,/m/02rqf_9,,Venezuela
Căinari,/m/06w7_lm,,Moldova
Călan,/m/0297g9,,Romania
Călimănești,/m/0bfdyk,,Romania
Călărași,/m/082m8s,,Moldova
Călărași,/m/024_8m,,Romania
Căpâlna Fortress,/m/0h97dqh,,Romania
Căușeni,/m/082mm3,,Moldova
Căzănești,/m/04ct0yb,,Romania
Cēsis,/m/019f89,,Latvia
Cần Thơ,/m/03fcm3,,Vietnam
Cẩm Phả,/m/0gg6nd,,Vietnam
D'Iberville,/m/0wq3m,,United States
Da Nang,/m/026yqf,,Vietnam
Daaden,/m/0bnvj4,,Germany
Dabakala,/m/0dm5n6,,Ivory Coast
Dabas,/m/07739f,,Hungary
Dabgram,/m/0gkct6,,India
Dabola,/m/05dm6n,,Guinea
Dabou,/m/0cbmm1,,Ivory Coast
Dachau,/m/02h9w,,Germany
Dacheng Township,/m/07kcl5r,,Taiwan
Dacian fortress of Aghireșu,/m/0nd55nj,,Romania
Dacian fortress of Ardan,/m/0h9474l,,Romania
Dacian fortress of Ardeu,/m/0h94xtf,,Romania
Dacian fortress of Augustin,/m/0n8zyp6,,Romania
Dacian fortress of Beidaud,/m/0nd45cz,,Romania
Dacian fortress of Beștepe,/m/0nd4237,,Romania
Dacian fortress of Biborțeni,/m/0ndk06p,,Romania
Dacian fortress of Bocșa,/m/0nd33h9,,Romania
Dacian fortress of Boroșneu Mic,/m/0n5vk_n,,Romania
Dacian fortress of Boșorod,/m/0nd3_dp,,Romania
Dacian fortress of Breaza,/m/0hzrjst,,Romania
Dacian fortress of Bretea Mureșană,/m/0h97smg,,Romania
Dacian fortress of Bucium,/m/0nd51f6,,Romania
Dacian fortress of Bâzdâna,/m/0hgp2kf,,Romania
Dacian fortress of Băile Tușnad,/m/0h98rp_,,Romania
Dacian fortress of Băleni-Români,/m/0nd4gn7,,Romania
Dacian fortress of Cernat,/m/0h966sp,,Romania
Dacian fortress of Cetățeni,/m/0h97vj6,,Romania
Dacian fortress of Cioclovina,/m/0nd4kl3,,Romania
Dacian fortress of Clopotiva,/m/0nd3n6j,,Romania
Dacian fortress of Cotnari,/m/0h97hm6,,Romania
Dacian fortress of Covasna,/m/0h97rkp,,Romania
Dacian fortress of Cozia,/m/0nd31rx,,Romania
Dacian fortress of Coțofenii din Dos,/m/0nb7yv_,,Romania
Dacian fortress of Crizbav,/m/0h98bgq,,Romania
Dacian fortress of Crăsanii de Jos,/m/0h962ks,,Romania
Dacian fortress of Cuciulata,/m/0h95r79,,Romania
Dacian fortress of Cucuiș – Dealul Golu,/m/0nd2s67,,Romania
Dacian fortress of Cucuiș – Vârful Berianului,/m/0ndk1b6,,Romania
Dacian fortress of Cugir,/m/0h95yy9,,Romania
Dacian fortress of Cârlomănești,/m/0h94wxl,,Romania
Dacian fortress of Dalboșeț,/m/0nd2wm8,,Romania
Dacian fortress of Densuș,/m/0ndhm35,,Romania
Dacian fortress of Divici,/m/0ndjs9t,,Romania
Dacian fortress of Drajna de Sus,/m/0h95wzj,,Romania
Dacian fortress of Dumitrița,/m/0nd4b_v,,Romania
Dacian fortress of Eliseni,/m/0ndhrt0,,Romania
Dacian fortress of Feldioara,/m/0ndjryc,,Romania
Dacian fortress of Feleac,/m/0nd4tv5,,Romania
Dacian fortress of Grădiștea de Munte,/m/0nd3hx0,,Romania
Dacian fortress of Herneacova,/m/0nd51df,,Romania
Dacian fortress of Iedera de Jos,/m/0nd497h,,Romania
Dacian fortress of Jigodin,/m/0h987q0,,Romania
Dacian fortress of Liubcova,/m/0nd3897,,Romania
Dacian fortress of Mala Kopania,/m/0h98d84,,Ukraine
Dacian fortress of Marca,/m/0h96c05,,Romania
Dacian fortress of Mataraua,/m/0nd30jk,,Romania
Dacian fortress of Merești,/m/0h94r__,,Romania
Dacian fortress of Milcovu din Vale,/m/0ndj6fn,,Romania
Dacian fortress of Moinești,/m/0ndj8vl,,Romania
Dacian fortress of Monariu,/m/0ndhntl,,Romania
Dacian fortress of Monor,/m/0nd34zk,,Romania
Dacian fortress of Moșna,/m/0h971c1,,Romania
Dacian fortress of Mărgăritești,/m/0ndjkxq,,Romania
Dacian fortress of Ocolișu Mic,/m/0nd45t0,,Romania
Dacian fortress of Odorheiu Secuiesc,/m/0h97qh1,,Romania
Dacian fortress of Olteni,/m/0h986kh,,Romania
Dacian fortress of Petrila,/m/0nd3xtn,,Romania
Dacian fortress of Petroșani,/m/0nd5k84,,Romania
Dacian fortress of Pietroasa Mică,/m/0y65wtc,,Romania
Dacian fortress of Pinticu,/m/0nd53hk,,Romania
Dacian fortress of Pisculești,/m/0ndhhzc,,Romania
Dacian fortress of Poiana cu Cetate,/m/0ndhp5t,,Romania
Dacian fortress of Polovragi,/m/0h954kw,,Romania
Dacian fortress of Ponor,/m/0nd3lb7,,Romania
Dacian fortress of Popești,/m/0ndhv2y,,Romania
Dacian fortress of Porumbenii Mari,/m/0h978tv,,Romania
Dacian fortress of Praid,/m/0h958p_,,Romania
Dacian fortress of Racoș,/m/0n8_vwt,,Romania
Dacian fortress of Racu,/m/0h94t1v,,Romania
Dacian fortress of Radovanu – Jidovescu,/m/0nd4sjn,,Romania
Dacian fortress of Roadeș,/m/0n8_8k5,,Romania
Dacian fortress of Rușor,/m/0nd41dp,,Romania
Dacian fortress of Sacalasău,/m/0y66zvv,,Romania
Dacian fortress of Satu Mare,/m/0h9709r,,Romania
Dacian fortress of Socol,/m/0nd3b8c,,Romania
Dacian fortress of Sprâncenata,/m/0h97jp9,,Romania
Dacian fortress of Stoina,/m/0nd4p28,,Romania
Dacian fortress of Stâncești,/m/0h961r8,,Romania
Dacian fortress of Sub Cetate,/m/0nd4t4f,,Romania
Dacian fortress of Sânzieni,/m/0h950jp,,Romania
Dacian fortress of Teliu,/m/0h96_gx,,Romania
Dacian fortress of Telița,/m/0nb2_kx,,Romania
Dacian fortress of Tilișca,/m/0h96q7x,,Romania
Dacian fortress of Timișu de Jos,/m/0h96q9f,,Romania
Dacian fortress of Turia,/m/0h963qy,,Romania
Dacian fortress of Tășad,/m/0h964pm,,Romania
Dacian fortress of Unip,/m/0nd2zqr,,Romania
Dacian fortress of Uroi,/m/0ndj817,,Romania
Dacian fortress of Valea Seacă,/m/0h980dc,,Romania
Dacian fortress of Viișoara Moșneni,/m/0ndjx8r,,Romania
Dacian fortress of Zemplín,/m/0h96p7r,,Slovakia
Dacian fortress of Zetea,/m/0y4ycgv,,Romania
Dacian fortress of Șeica Mică,/m/0h95bvm,,Romania
Dacono,/m/0rcx2,,United States
Dacula,/m/0rwxh,,United States
Dacun Township,/m/07kc93g,,Taiwan
Dadda`to,/m/03wf135,,Djibouti
Dade City,/m/0rqnv,,United States
Dadeville,/m/0qc3r,,United States
Dadu,/m/04_6tg,,Pakistan
Daegaya,/m/02d1s0,,
Daegu,/m/01vskn,,South Korea
Daejeon,/m/01pw4k,,South Korea
Daga Post,/m/0fj4gg,,South Sudan
Dagana,/m/089pfx,,Senegal
Dagda,/m/0c3yr3,,Latvia
Daguessa,/m/05c0k_0,,Chad
Dahlen,/m/0f9__3,,Germany
Dahlonega,/m/0rxyx,,United States
Dahme/Mark,/m/0fb043,,Germany
Dahn,/m/0bzfd9,,Germany
Dahra,/m/09h37p,,Senegal
Dahu Township,/m/02w0_5b,,Taiwan
Daik,/m/0ch3hg0,,Indonesia
Daingerfield,/m/0106ws,,United States
Dairut,/m/02r6vts,,Egypt
Daisetta,/m/0105mt,,United States
Daisy,/m/0rwbh,,United States
Daitō-shi,/m/01wn8l,,Japan
Dajabón,/m/0264c1b,,Dominican Republic
Dakar,/m/0c1xm,,Senegal
Dakhla,/m/023_3v,,Morocco
Dakhla,/m/023_3v,,Western Sahara
Dakor,/m/05292f,,India
Dakota,/m/0wnd0,,United States
Dakota City,/m/0x5_r,,United States
Dakota City,/m/0s_h8,,United States
Dakshinkali,/m/04jc4l4,,Nepal
Dalanzadgad,/m/03_n15,,Mongolia
Dalbeattie,/m/0453h5,,United Kingdom
Dalcahue,/m/0cxjh6,,Chile
Daleszyce,/m/02pl8bp,,Poland
Daleu,/m/05p1c42,,Ivory Coast
Daleville,/m/0q6ld,,United States
Dalhart,/m/013m8h,,United States
Dalian,/m/01l3k6,,People's Republic of China
Dalin Township,/m/03d1zxz,,Taiwan
Dalisandus,/m/0b6mnpc,,Turkey
Dalkeith,/m/021qq4,,United Kingdom
Dalkhani,/m/0z2pt6_,,Iran
Dallas,/m/0zfll,,United States
Dallas,/m/0ygfz,,United States
Dallas,/m/0f2rq,,United States
Dallas,/m/0ryk_,,United States
Dallas Center,/m/0stsw,,United States
Dallas City,/m/0s7t_,,United States
Dalton,/m/0r_13,,United States
Dalton,/m/0w9q3,,United States
Dalton Gardens,/m/01_5pp7,,United States
Dalvík,/m/02545j,,Iceland
Dalworthington Gardens,/m/010991,,United States
Daly City,/m/0r5qp,,United States
Daman,/m/0kw7hr,NMB,India
Damanhur,/m/029vv3,,Egypt
Damar,/m/0tb6b,,United States
Damascus,/m/02gjp,,Syria
Damascus,/m/048wv9,,United States
Damastion,/m/03nxhsj,,Greece
Damaturu,/m/08jlmc,,Nigeria
Dambadeniya,/m/0fb96w,,Sri Lanka
Damietta,/m/021f8z,,Egypt
Daminon Teichos,/m/07sb_m8,,Turkey
Dammam,/m/02fgvz,,Saudi Arabia
Damme,/m/0144cj,,Belgium
Damme,/m/0ck31w,,Germany
Damongo,/m/0h3v_bq,,Ghana
Dana,/m/0szpg,,United States
Dana Point,/m/0r2cz,,United States
Danaba,/m/0g95x4,,Syria
Danané,/m/056k9q,,Ivory Coast
Danao,/m/06h4tt,,Philippines
Danbury,/m/0yl2p,,United States
Danbury,/m/0136jw,,United States
Danbury,/m/0_ymz,,United States
Danbury,/m/0t4mp,,United States
Dandenong,/m/02wc9m,,Australia
Dandong,/m/02wq7t,,People's Republic of China
Dangila,/m/03gvn7q,,Ethiopia
Dangjin,/m/03v76y,,South Korea
Dangriga,/m/01780z,,Belize
Dania,/m/05p4sg7,,Ivory Coast
Dania Beach,/m/0rh_g,,United States
Danielsville,/m/0ry0n,,United States
Danilovgrad,/m/09xrp9,,Montenegro
Danish Abad,/m/0gwt53,,Pakistan
Dankuni,/m/0fym9x,,India
Dannenberg (Elbe),/m/0c7ppg,,Germany
Danube,/m/0wgcm,,United States
Danvers,/m/0wl2f,,United States
Danville,/m/0mp08,,United States
Danville,/m/0qxvf,,United States
Danville,/m/0shk6,,United States
Danville,/m/0sv6_,,United States
Danville,/m/0tct_,,United States
Danville,/m/0t76y,,United States
Danyang,/m/0h96b5y,,Chu
Danzhou,/m/02z61t1,,People's Republic of China
Daoukro,/m/0dm5nk,,Ivory Coast
Daphne,/m/0pgrc,,United States
Dapi Township,/m/07khq3w,,Taiwan
Dapitan,/m/06ntc7,,Philippines
Dapu Township,/m/04lj718,,Taiwan
Daqing,/m/02zfb9,,People's Republic of China
Dar el-Salam,/m/0czf1v0,,Egypt
Dar es Salaam,/m/02cdt,,Tanzania
Daraa,/m/01x38c,,Syria
Darabani,/m/02bqsb,,Romania
Darat Izza,/m/0kv64hb,,Syria
Darayya,/m/02qgh10,,Syria
Darbhanga,/m/04hc16,,India
Dardagny,/m/06cmj7,,Switzerland
Dardanelle,/m/0qxvs,,United States
Dardanos,/m/05cpy1,,Turkey
Dardenne Prairie,/m/0w_6b,,United States
Daren Township,/m/047rym_,,Taiwan
Darfur,/m/0wmx6,,United States
Darganata,/m/063zjlb,,Turkmenistan
Dargun,/m/0fb066,,Germany
Darien,/m/0s6cq,,United States
Darien,/m/0ry2q,,United States
Darjazin,/m/0qs8k6q,,Iran
Darjeeling,/m/019jlq,,India
Darkhan,/m/03cfyh,,Mongolia
Darlington,/m/01mlp4,,United States
Darlington,/m/0_lb9,,United States
Darlington,/m/0wvnv,,United States
Darmstadt,/m/0dr31,,Germany
Dartmouth,/m/018trv,,Canada
Dartmouth,/m/0tyms,,United States
Daru,/m/060__l,,Papua New Guinea
Daruvar,/m/0301d9,,Croatia
Darvel,/m/05pl3t,,United Kingdom
Darwin,/m/02bm8,,Australia
Darwin,/m/0w6xc,,United States
Darłowo,/m/01zkd7,,Poland
Dascylium,/m/080htcl,,Turkey
Dascylium,/m/080htcl,,Achaemenid Empire
Dascylium,/m/080htcl,,Lydia
Dascylium,/m/080htcl,,Mysia
Daseae,/m/02wy019,,Greece
Dasharathchand,/m/04jq4rq,,Nepal
Daska,/m/06xv23,,Pakistan
Dasmariñas,/m/02r35f,,Philippines
Dassel,/m/0254r5,,Germany
Dassel,/m/0w6y1,,United States
Dassow,/m/0fb09p,,Germany
Datia,/m/03q7_j,,India
Datong,/m/02gppq,,People's Republic of China
Datong Township,/m/0563lt,,Taiwan
Datos,/m/07s8wmq,,
Datteln,/m/0bkmwz,,Germany
Daugai,/m/0g5jw1,,Lithuania
Daugavpils,/m/019xrv,,Latvia
Daule,/m/060_k6,,Ecuador
Daulis,/m/09hbh0,,Greece
Daun,/m/0653n7,,Germany
Dauphin,/m/02ss6x,,Canada
Daura,/m/0277lyd,,Nigeria
Dausdava,/m/0gfgxsj,,Bulgaria
Davao City,/m/02gn1x,,Philippines
Davenport,/m/02d6c,,United States
Davenport,/m/0rr9t,,United States
Davenport,/m/010scn,,United States
Davenport,/m/0ynf8,,United States
David,/m/031j3l,,Panama
David City,/m/0x4vt,,United States
Davidson,/m/013j1m,,United States
Davis,/m/02hyt,,United States
Davis,/m/013k8d,,United States
Davis City,/m/0st_f,,United States
Davisboro,/m/0rzw7,,United States
Davison,/m/0v5n8,,United States
Davor,/m/0266n2b,,Croatia
Davos,/m/0pbgk,,Switzerland
Davst,/m/0289kz5,,Mongolia
Daw's Castle,/m/0h21f8,,United Kingdom
Dawei,/m/03jfxh,,Myanmar
Dawki,/m/05p0gk1,,India
Dawson,/m/0rzby,,United States
Dawson,/m/0w46s,,United States
Dawson,/m/0stt6,,United States
Dawson,/m/0yp8b,,United States
Dawson Creek,/m/032lt0,,Canada
Dawson Springs,/m/013d0w,,United States
Dawsonville,/m/0rvqf,,United States
Dawu Township,/m/047t77q,,Taiwan
Dayr Hafir,/m/0j9k9pr,,Syria
Dayton,/m/0zgm6,,United States
Dayton,/m/029cr,,United States
Dayton,/m/010q7c,,United States
Dayton,/m/0105n4,,United States
Dayton,/m/0t4bc,,United States
Dayton,/m/0_wgc,,United States
Dayton,/m/013fpt,,United States
Dayton,/m/0s1nb,,United States
Dayton,/m/0td4d,,United States
Dayton Lakes,/m/0105nh,,United States
Daytona Beach,/m/0rsjf,,United States
Daytona Beach Shores,/m/01zyv2k,,United States
Dayville,/m/0zcvp,,United States
Dazaifu,/m/0gyrtxd,,Japan
Dazey,/m/0yms9,,United States
Dazhou,/m/0bfk6k,,People's Republic of China
Dačice,/m/07z8zn,,Czech Republic
Daşoguz,/m/075gcp,,Turkmenistan
De Graff,/m/0wl2s,,United States
De Kalb,/m/0wsw_,,United States
De Kalb,/m/0_yfn,,United States
De Klinge,/m/066gg5,,Belgium
De Leon,/m/0__k5,,United States
De Panne,/m/0145tc,,Belgium
De Pere,/m/010_2k,,United States
De Queen,/m/0qx4n,,United States
De Smet,/m/0_r0n,,United States
De Soto,/m/0xhk7,,United States
De Soto,/m/02sd56m,,United States
De Soto,/m/0sttk,,United States
De Soto,/m/0rz39,,United States
De Witt,/m/0wt71,,United States
DeBary,/m/0rskk,,United States
DeCordova,/m/0ftrs0,,United States
DeFuniak Springs,/m/0rstj,,United States
DeKalb,/m/0s61l,,United States
DeLand,/m/0rskx,,United States
DeQuincy,/m/0tj_d,,United States
DeRidder,/m/013d7g,,United States
DeSoto,/m/0__tx,,United States
DeValls Bluff,/m/0qwlj,,United States
DeWitt,/m/0qr9q,,United States
DeWitt,/m/0stjl,,United States
DeWitt,/m/0v4fg,,United States
Deadwood,/m/0_r42,,United States
Dean,/m/0__2p,,United States
Dearborn,/m/0vrmb,,United States
Dearborn,/m/013gqt,,United States
Dearborn Heights,/m/0vrms,,United States
Dearing,/m/0t8vd,,United States
Deary,/m/0s256,,United States
Debaltseve,/m/0gt3m2,,Russia
Debaltseve,/m/0gt3m2,,Ukraine
Debar,/m/04xbv_,,North Macedonia
Debarq,/m/02rpj7s,,Ethiopia
Debrecen,/m/01gchw,,Hungary
Debrzno,/m/07r21x,,Poland
Debrzno,/m/07r21x,,Kingdom of Poland
Debundscha,/m/0ds1yr5,,Cameroon
Decatur,/m/0qrmk,,United States
Decatur,/m/0sbv7,,United States
Decatur,/m/0q8s4,,United States
Decatur,/m/010c8_,,United States
Decatur,/m/0rvty,,United States
Decatur,/m/0sjxy,,United States
Decatur City,/m/0st_s,,United States
Decherd,/m/0_ts_,,United States
Declo,/m/01_5pp_,,United States
Decorah,/m/0t4j7,,United States
Dedham,/m/0ssjv,,United States
Dediapada,/m/0hhrg4y,,India
Dedoplis Tskaro,/m/03c37hn,,Georgia
Deep River,/m/0t2p0,,United States
Deephaven,/m/0w0y3,,United States
Deepwater,/m/0wvyg,,United States
Deer Creek,/m/0w9r4,,United States
Deer Lodge,/m/0x3dc,,United States
Deer Park,/m/0yxp6,,United States
Deer Park,/m/0102jj,,United States
Deer Park,/m/010v3r,,United States
Deer River,/m/0w2ck,,United States
Deerfield,/m/0t7vb,,United States
Deerfield Beach,/m/0rj06,,United States
Deering,/m/0qgrb,,United States
Deering,/m/0yph7,,United States
Deerwood,/m/0vyjj,,United States
Defiance,/m/0yw2x,,United States
Defiance,/m/0t32t,,United States
Degehabur,/m/027ltn2,,Ethiopia
Deggendorf,/m/04z6h2,,Germany
Dehaq,/m/09gfg0p,,Iran
Dehradun,/m/04bz2f,,India
Deidesheim,/m/0bqfzf,,Germany
Deinze,/m/014978,,Belgium
Deir Atiyah,/m/04cwmpl,,Syria
Deir Mawas,/m/02qqj8k,,Egypt
Deir al-Balah,/m/054231,,Palestine
Deir ez-Zor,/m/050tsl,,Syria
Dekemhare,/m/06j0qh,,Eritrea
Del City,/m/0z8ht,,United States
Del Mar,/m/0r4yh,,United States
Del Rey Oaks,/m/0r1zf,,United States
Del Rio,/m/010b8q,,United States
Delafield,/m/01mnzd,,United States
Delano,/m/0q_35,,United States
Delano,/m/0wnt4,,United States
Delaram,/m/0bmf84g,,Afghanistan
Delavan,/m/01mnr4,,United States
Delavan,/m/0sh98,,United States
Delavan,/m/0vztx,,United States
Delaware,/m/0sv36,,United States
Delaware,/m/0yw4z,,United States
Delaware City,/m/0rgrf,,United States
Delbrück,/m/04gt1f,,Germany
Delft,/m/029t1,,Netherlands
Delfzijl,/m/0v4m9,,Netherlands
Delhi,/m/09f07,,India
Delhi,/m/0sv3k,,United States
Delhi,/m/0wfws,,United States
Delia,/m/0t7d3,,United States
Delight,/m/0qwbh,,United States
Delimammadli,/m/04gpb9g,,Azerbaijan
Delitzsch,/m/03k64k,,Germany
Dell City,/m/01047r,,United States
Dell Rapids,/m/0_rn8,,United States
Delle,/m/03mh9dy,,France
Dellwood,/m/0w_qh,,United States
Dellwood,/m/0wml6,,United States
Delmar,/m/0stjy,,United States
Delmas,/m/0gl7vq,,Haiti
Delmenhorst,/m/03xgqm,,Germany
Delminium,/m/03qdc3n,,Bosnia and Herzegovina
Delmont,/m/0_q5z,,United States
Delnice,/m/07cpxk,,Croatia
Deloit,/m/0stp1,,United States
Delphi,/m/026tq,,Greece
Delphi,/m/0sk9p,,United States
Delphos,/m/013j85,,United States
Delphos,/m/0t9fc,,United States
Delphos,/m/0t2s3,,United States
Delray Beach,/m/0rq1q,,United States
Delta,/m/01wh2r,,Canada
Delta,/m/010fd6,,United States
Delta,/m/0r9f8,,United States
Delta,/m/0t07f,,United States
Delta,/m/0wt3l,,United States
Delta Junction,/m/0qh6x,,United States
Deltona,/m/01zyz6y,,United States
Delvinë,/m/09_6sk,,Albania
Delémont,/m/0293gk,,Switzerland
Delčevo,/m/0bftmm,,North Macedonia
Dembecha,/m/09v8yps,,Ethiopia
Dembi Dollo,/m/06rz16,,Ethiopia
Dembéni,/m/09_ngf,,Comoros
Demecser,/m/026rpd_,,Hungary
Demetrias,/m/02j2wz,,Greece
Demetrias in Assyria,/m/06zkp4n,,Iraq
Deming,/m/0xvf7,,United States
Demmin,/m/04z6hv,,Germany
Demon,/m/043mw51,,Togo
Demopolis,/m/0q91r,,United States
Demorest,/m/0rx1c,,United States
Dendermonde,/m/0148ds,,Belgium
Dengel Ber,/m/03g_9mr,,Ethiopia
Denham,/m/0wcv3,,United States
Denham Springs,/m/01_gthx,,United States
Denison,/m/0101wz,,United States
Denison,/m/0stpd,,United States
Denison,/m/0t7dg,,United States
Denizli,/m/039rrn,,Turkey
Denmark,/m/0_kl9,,United States
Dennison,/m/013fns,,United States
Denpasar,/m/02nbh1,,Indonesia
Dent,/m/0w9rv,,United States
Denton,/m/0yg0f,,United States
Denton,/m/010016,,United States
Denton,/m/0rxht,,United States
Denton,/m/0t6d2,,United States
Denver,/m/02cl1,,United States
Denver,/m/0srzm,,United States
Deoghar,/m/05kfmn,,India
Depoe Bay,/m/0zdw2,,United States
Depok,/m/032wk4,,Indonesia
Deport,/m/013n13,,United States
Der,/m/02628k5,,Iraq
Dera Allah Yar,/m/09z0yk,,Pakistan
Dera Ghazi Khan,/m/07jj81,,Pakistan
Dera Ismail Khan,/m/033l44,,Pakistan
Derazhnia,/m/0gts76,,Ukraine
Derbent,/m/02gnf8,,Russia
Derby,/m/025r_t,,United Kingdom
Derby,/m/0tblf,,United States
Derby,/m/01lxv0,,United States
Derby,/m/0t0xv,,United States
Derecske,/m/026mczd,,Hungary
Dereköy,/m/0n5v3t4,,Turkey
Derhachi,/m/0d5d46,,Ukraine
Derik district,/m/0bj615,,Turkey
Derinkuyu,/m/0bj61j,,Turkey
Dermott,/m/0qs1s,,United States
Derris,/m/07s3mrx,,Turkey
Derrubadas,/m/0bbn9v,,Brazil
Derry,/m/02hgz,,United Kingdom
Des Arc,/m/0qwlw,,United States
Des Lacs,/m/0ys29,,United States
Des Moines,/m/010rbm,,United States
Des Moines,/m/02j3w,,United States
Des Peres,/m/0w_qv,,United States
Des Plaines,/m/0s4qt,,United States
Desa,/m/04fzxrc,,Romania
Desaguadero,/m/04gjz8_,,Peru
Desamparados,/m/02w8fbl,,Costa Rica
Desert Hot Springs,/m/0r3j_,,United States
Deshler,/m/0x9_s,,United States
Desloge,/m/0w_f6,,United States
Desouk,/m/07k1x4,,Egypt
Dessau-Roßlau,/m/02vvv14,,Germany
Dessie,/m/06rxrc,,Ethiopia
Destin,/m/0rp8x,,United States
Desudaba,/m/0gfjmr8,,Bulgaria
Deta,/m/0b518q,,Romania
Detmold,/m/01jf1m,,Germany
Detroit,/m/0zf7x,,United States
Detroit,/m/02dtg,,United States
Detroit,/m/01080h,,United States
Detroit Lakes,/m/0vsz4,,United States
Dettelbach,/m/0fb0fk,,Germany
Dettighofen,/m/02q03wq,,Germany
Deutschneudorf,/m/02vx5h5,,Germany
Deva,/m/0p3nx,,Romania
Devecser,/m/0dj4_g,,Hungary
Devers,/m/0105nv,,United States
Devils Lake,/m/0yqbs,,United States
Devine,/m/0106g9,,United States
Devol,/m/04z_79t,,Albania
Devonport,/m/01jpwq,,Australia
Devínska Nová Ves,/m/0g58xf,,Slovakia
Dewas,/m/03npx0,,India
Dewele,/m/03wgl2r,,Ethiopia
Dewey,/m/0zbnh,,United States
Dexter,/m/0sttx,,United States
Dexter,/m/0x0h7,,United States
Dexter,/m/0w7xp,,United States
Dexter,/m/0t63p,,United States
Dexter,/m/0vrcs,,United States
Deyang,/m/05qvjl,,People's Republic of China
Dezful,/m/04df6n,,Iran
Dezhou,/m/04g4b1,,People's Republic of China
Deán Funes,/m/026xdjp,,Argentina
Deûlémont,/m/03h2b_2,,France
Dhahran,/m/0grydb,,Saudi Arabia
Dhaka,/m/0fnb4,,Bangladesh
Dhamar,/m/0b9gk_,,Yemen
Dhanbad,/m/03vpmb,,India
Dhangadhi,/m/087hp2,,Nepal
Dhar,/m/03p4bq,,India
Dharamshala,/m/0j65lnw,,India
Dharan,/m/04nww3,,Nepal
Dharashiv,/m/02wvb2s,,India
Dharchula,/m/08wm0z,,India
Dharwad,/m/04wd3z,,India
Dhenkanal,/m/0d3lb8,,India
Dholka,/m/0545vn,,India
Dholpur,/m/06zkmc,,India
Dhule,/m/02nphq,,India
Dhurma,/m/02q2dc5,,Saudi Arabia
Diabo,/m/05p30kw,,Ivory Coast
Diadema,/m/02mn6h,,Brazil
Diadochoupolis,/m/06zkp2y,,Iraq
Diagonal,/m/0t2sg,,United States
Diamakani,/m/05p6pdk,,Ivory Coast
Diamond,/m/0xhsh,,United States
Diamond Bar,/m/01zdchq,,United States
Diamond City,/m/0qrvh,,United States
Diamondhead,/m/020059n,,United States
Dianra,/m/05p1b65,,Ivory Coast
Dias,/m/012gbppw,,Turkey
Diaz,/m/0qtw6,,United States
Dibaldi,/m/043khkt,,Togo
Dibba Al-Fujairah,/m/05mr6lg,,United Arab Emirates
Dibiyapur,/m/0f1f12,,India
Diboll,/m/0_xjy,,United States
Dibrugarh,/m/09bg8z,,India
Dickens,/m/01009v,,United States
Dickens,/m/0st4x,,United States
Dickey,/m/0ypbs,,United States
Dickinson,/m/0yrht,,United States
Dickinson,/m/0101nq,,United States
Dickson,/m/0_tlg,,United States
Dieburg,/m/02ftvh,,Germany
Diego de Almagro,/m/04y7f_m,,Chile
Diemelstadt,/m/0fb0m2,,Germany
Diepholz,/m/04s6c0,,Germany
Dieppe,/m/016ydr,,Canada
Dierdorf,/m/0bt163,,Germany
Dierks,/m/0qtm8,,United States
Diest,/m/014wbb,,Belgium
Dietenheim,/m/0fb0r8,,Germany
Dietikon,/m/05nxft,,Switzerland
Dietrich,/m/0s29p,,United States
Dietzenbach,/m/0dg_5g,,Germany
Diez,/m/07ql80,,Germany
Differdange,/m/07nnz2,,Luxembourg
Dighton,/m/0t816,,United States
Digos,/m/0295n9,,Philippines
Dijkot,/m/0kfxf7m,,Pakistan
Dijon,/m/0pbhz,,France
Dikaia,/m/07s9r01,,Greece
Dike,/m/0szs6,,United States
Dikhil,/m/06zxpp,,Djibouti
Dikili,/m/0bj66h,,Turkey
Diksmuide,/m/0145b9,,Belgium
Dila,/m/06rytk,,Ethiopia
Dilberjin Tepe,/m/0gj9p67,,Afghanistan
Dili,/m/0d3zc,,Timor-Leste
Dillard,/m/0ryty,,United States
Dillenburg,/m/03zjp6,,Germany
Dilley,/m/0101jl,,United States
Dillingen,/m/08y3dv,,Germany
Dillingen an der Donau,/m/039qsw,,Germany
Dillingham,/m/01z1q1x,,United States
Dillon,/m/0x15c,,United States
Dillon,/m/0_ld0,,United States
Dillsboro,/m/0yhby,,United States
Dilolo,/m/05mqymy,,Democratic Republic of the Congo
Dilsen-Stokkem,/m/017nw5,,Belgium
Dilworth,/m/0vxfs,,United States
Dimako,/m/084v49,,Cameroon
Dimale,/m/03h4wvw,,Albania
Dimapur,/m/06stgs,,India
Dimbokro,/m/0cbhxf,,Ivory Coast
Dimitrovgrad,/m/05rz15,,Serbia
Dimitrovgrad,/m/04wmvk,,Russia
Dimmitt,/m/0_zx2,,United States
Dimo,/m/09v3_qd,,South Sudan
Dimona,/m/02hty,,Israel
Dina,/m/082cjy,,Pakistan
Dinajpur,/m/06_sh_,,Bangladesh
Dinajpur,/m/0118_182,,Bangladesh
Dinant,/m/017s6y,,Belgium
Dindigul,/m/06dscc,,India
Dinga,/m/03h07cy,,Pakistan
Dingelstädt,/m/03_cbn,,Germany
Dingolfing,/m/0dmksb,,Germany
Dingwall,/m/021qqh,,United Kingdom
Dingxi,/m/0bgph3,,People's Republic of China
Dinhabah,/m/07xhhd,,
Diniktum,/m/0j24kyk,,Iraq
Dinkelsbühl,/m/07p8nb,,Germany
Dinklage,/m/0ck375,,Germany
Dinslaken,/m/01ch7y,,Germany
Dinuba,/m/0r7s5,,United States
Diocletianopolis in Thrace,/m/0gg6gjy,,Bulgaria
Diomede,/m/0qgd_,,United States
Dionísio Cerqueira,/m/09rwxv_,,Brazil
Diourbel,/m/05g3zk,,Senegal
Dipalpur,/m/025wbcp,,Pakistan
Dipolog,/m/027xsw,,Philippines
Dippoldiswalde,/m/0fb14j,,Germany
Dire Dawa,/m/04lj5y,,Ethiopia
Dispur,/m/02_cpn,,India
Dissen am Teutoburger Wald,/m/0c8t74,,Germany
District Heights,/m/0twl5,,United States
Ditzingen,/m/0dkk2x,,Germany
Divinópolis,/m/05ktcz,,Brazil
Divjakë,/m/04y7sl_,,Albania
Divo,/m/02pqmjz,,Ivory Coast
Divuma,/m/05f5rwr,,Democratic Republic of the Congo
Dixon,/m/0sbgj,,United States
Dixon,/m/0wzgz,,United States
Dixon,/m/0gjc5,,United States
Dixon,/m/0tj8c,,United States
Dixon,/m/0t2zp,,United States
Diyarbakır,/m/02zt1g,,Turkey
Diósd,/m/0fdnp3,,Hungary
Djanet,/m/05kwlt,,Algeria
Djelfa,/m/05s7rv,,Algeria
Djemila,/m/0b1nv7,,Algeria
Djibouti,/m/028096h,,Djibouti
Djorergou,/m/04g0yng,,Togo
Djoum,/m/0b2qqs,,Cameroon
Dmanisi,/m/04lljl,,Georgia
Dnestrovsc,/m/02qz56y,,Moldova
Dnestrovsc,/m/02qz56y,,Transnistria
Dnipro,/m/03x45p,,Ukraine
Dniprorudne,/m/0gt23r,,Ukraine
Doba,/m/03cgpy,,Chad
Dobbins Heights,/m/0yj_h,,United States
Dobczyce,/m/022mnh,,Poland
Dobele,/m/0b33w9,,Latvia
Doberlug-Kirchhain,/m/04blgx,,Germany
Dobiegniew,/m/025wvp9,,Poland
Dobieszczyn,/m/05pcl72,,Poland
Doboj,/m/01r1cw,,Bosnia and Herzegovina
Dobra,/m/0288c54,,Poland
Dobra,/m/0288cjh,,Poland
Dobre Miasto,/m/04kdwr,,Poland
Dobrich,/m/01rk13,,Bulgaria
Dobrodzień,/m/02pkmv1,,Poland
Dobromyl,/m/0f7387,,Ukraine
Dobropillia,/m/0gt3fj,,Ukraine
Dobropillia,/m/0gt3fj,,Soviet Union
Dobruška,/m/07j4tm,,Czech Republic
Dobrzany,/m/0274sm_,,Poland
Dobrzyca,/m/03g_9bg,,Poland
Dobrzyń nad Wisłą,/m/06btm6,,Poland
Dobson,/m/0yl3c,,United States
Dobříš,/m/0b03w4,,Czech Republic
Docidava,/m/0gfdynb,,Romania
Dock Sud,/m/03hfx_g,,Argentina
Doclea,/m/026zq8q,,Montenegro
Doddaballapura,/m/0f1fcs,,India
Dodge,/m/0ynw5,,United States
Dodge Center,/m/0vz99,,United States
Dodge City,/m/0t6rl,,United States
Dodgeville,/m/01ml60,,United States
Dodola,/m/03d4tdy,,Ethiopia
Dodoma,/m/0fnbn,,Tanzania
Dodona,/m/0kshh,,Greece
Doerun,/m/0rvdf,,United States
Doesburg,/m/0vjzh,,Netherlands
Dogana,/m/0h5yjc,,San Marino
Dogbo-Tota,/m/09ld9k,,Benin
Dogern,/m/02q03x1,,Germany
Doha,/m/0f2yw,,Qatar
Dohna,/m/04h7wq,,Germany
Doirani,/m/0fwngw,,Greece
Dojran,/m/051bpy,,North Macedonia
Dokuchaievsk,/m/0gt47z,,Ukraine
Dokuchaievsk,/m/0gt47z,,Soviet Union
Doland,/m/0_s6y,,United States
Dolhasca,/m/0b58lj,,Romania
Doliche,/m/0cqm0y,,Greece
Dolikha,/m/0dyn05,,Syria
Dolisie,/m/0602wz,,Republic of the Congo
Doljani,/m/03qnzhy,,Bosnia and Herzegovina
Dollar,/m/0606hp,,United Kingdom
Dolliver,/m/0sz7n,,United States
Dolní Dvořiště,/m/09n63b,,Czech Republic
Dolo,/m/03d4tjd,,Ethiopia
Dolores,/m/0gvsfkr,,Uruguay
Dolow,/m/0463gv3,,Somalia
Dolsk,/m/07qs4f,,Poland
Dolyna,/m/0c1r20,,Ukraine
Dolynska,/m/0gtpv_,,Ukraine
Dom Pedrito,/m/03qm9j8,,Brazil
Domažlice,/m/05gx9w,,Czech Republic
Dombrád,/m/026rpgc,,Hungary
Domburg,/m/0b6kvs2,,Suriname
Dombóvár,/m/02rc__9,,Hungary
Dome,/m/0g9y9q3,,Ghana
Dommitzsch,/m/0fb1q5,,Germany
Dompu,/m/0_1hjw0,,Indonesia
Domžale,/m/05675f,,Slovenia
Don Bosco,/m/03hlz11,,Argentina
Don Torcuato,/m/0gpqsm,,Argentina
Donahue,/m/0t2_0,,United States
Donald,/m/0zf87,,United States
Donaldson,/m/0w3sn,,United States
Donaldsonville,/m/01_gtjx,,United States
Donalsonville,/m/0ry_3,,United States
Donaueschingen,/m/04_xgg,,Germany
Donauwörth,/m/04jfwd,,Germany
Doncaster,/m/0144wg,,United Kingdom
Donchery,/m/03m8cv8,,France
Dondo,/m/09m149,,Mozambique
Dondo,/m/04n6t3t,,Angola
Dondușeni,/m/09bsxq,,Moldova
Donegal,/m/03xrt5,,Ireland
Donetsk,/m/02qbpd,,Ukraine
Dongducheon,/m/03v6ks,,South Korea
Donggang Township,/m/0gkrj9,,Taiwan
Dongguan,/m/03520t,,People's Republic of China
Donghae City,/m/022y9q,,South Korea
Donghe Township,/m/02w5_6h,,Taiwan
Dongnaeeupseong Fortress,/m/03c_97d,,South Korea
Dongola,/m/03490v,,Sudan
Dongou,/m/03cz0dj,,Republic of the Congo
Dongshan Township,/m/0563gw,,Taiwan
Dongshi Township,/m/07khf8n,,Taiwan
Dongshih Township,/m/07kc_pb,,Taiwan
Dongyin Township,/m/08t103,,Taiwan
Dongying,/m/02zfcy,,People's Republic of China
Doniphan,/m/0wzt8,,United States
Donja Stubica,/m/0dn5by,,Croatia
Donji Miholjac,/m/09lnk8,,Croatia
Donji Milanovac,/m/025vp81,,Serbia
Donna,/m/0211bf6,,United States
Donnellson,/m/01_4hlc,,United States
Donnelly,/m/0s2s5,,United States
Donnelly,/m/0wkv5,,United States
Donnybrook,/m/0ys2n,,United States
Donzdorf,/m/0dyj7r,,Germany
Doolittle,/m/0wz2k,,United States
Doon,/m/0t0zk,,United States
Dora,/m/0qc8q,,United States
Doraha,/m/0f1bt6,,India
Doral,/m/0rnbt,,United States
Doran,/m/0wn5h,,United States
Doraville,/m/0rvv9,,United States
Dorchester,/m/0101xb,,United States
Dordrecht,/m/0jcx1,,Netherlands
Dorestad,/m/018n13,,Netherlands
Dorfen,/m/0dqtyx,,Germany
Dorieium,/m/02z8pjm,,Turkey
Doriskos,/m/07s7g1w,,Greece
Dormagen,/m/0629s_,,Germany
Dornbirn,/m/016d33,,Austria
Dornburg-Camburg,/m/05254lc,,Germany
Dornhan,/m/0fb3pf,,Germany
Dornoch,/m/01zfx3,,United Kingdom
Dornstetten,/m/0fb3rw,,Germany
Dorog,/m/0b7_1_,,Hungary
Dorohusk,/m/04f4t_6,,Poland
Dorolț,/m/03g_4cz,,Romania
Dorrance,/m/0tbck,,United States
Dorris,/m/0r6tw,,United States
Dorsten,/m/0b6c5j,,Germany
Dortches,/m/0yj2m,,United States
Dortmund,/m/0135k2,,Germany
Dorud,/m/0bh8w_m,,Iran
Doruma,/m/056y4yc,,Democratic Republic of the Congo
Dorylaeum,/m/01swws,,Turkey
Dos Palos,/m/0r1sr,,United States
Dostyk,/m/0h0yy3,,Kazakhstan
Dothan,/m/0q6lr,,United States
Douala,/m/0dbks,,Cameroon
Dougherty,/m/0ssv4,,United States
Douglas,/m/02075l,,Isle of Man
Douglas,/m/0qnrv,,United States
Douglas,/m/0rvcd,,United States
Douglas,/m/011f9l,,United States
Douglas,/m/01_pyg_,,United States
Douglas,/m/0ys2_,,United States
Douglass,/m/0t5hn,,United States
Douglass Hills,/m/0tfhb,,United States
Douglasville,/m/0rw3m,,United States
Douliou City,/m/050bmh,,Taiwan
Douma,/m/02qgf3r,,Syria
Dounan Township,/m/02qwrtn,,Taiwan
Doune,/m/024l0s,,United Kingdom
Dourados,/m/0dc834,,Brazil
Doutor Maurício Cardoso,/m/03qm9k9,,Brazil
Dover,/m/0fttz,,United States
Dover,/m/0yfqz,,United States
Dover,/m/0qwjr,,United States
Dover,/m/0s12r,,United States
Dover,/m/0xk2y,,United States
Dover,/m/0w9bd,,United States
Dover,/m/0z2k4,,United States
Dover,/m/0_wwk,,United States
Dover,/m/0th1g,,United States
Dovray,/m/0w87p,,United States
Dovzhansk,/m/01tmxj,,Ukraine
Dow City,/m/0stpr,,United States
Dowagiac,/m/01_pyqj,,United States
Downey,/m/0r066,,United States
Downey,/m/0s0s0,,United States
Downing,/m/0wzyd,,United States
Downs,/m/0t9c9,,United States
Dows,/m/013cgs,,United States
Doñihue,/m/04ybzn7,,Chile
Doğubayazıt,/m/0bj6r8,,Turkey
Dr. Ambedkar Nagar,/m/037brx,,India
Dracanum,/m/02683jc,,Greece
Dragomirești,/m/04gk8hx,,Romania
Drain,/m/0zcl9,,United States
Drake,/m/0yphy,,United States
Drakesboro,/m/0thdh,,United States
Drakesville,/m/0stzd,,United States
Drama,/m/01s2br,,Greece
Dransfeld,/m/0c67rf,,Germany
Draper,/m/021b023,,United States
Drasenhofen,/m/02qyg8m,,Austria
Dravograd,/m/02gd9k,,Slovenia
Drawno,/m/027_88_,,Poland
Drawsko Pomorskie,/m/02_t_v,,Poland
Drayton,/m/0203zns,,United States
Drebkau,/m/0fb3t8,,Germany
Dreieich,/m/0d8dd_,,Germany
Drensteinfurt,/m/0bn6mq,,Germany
Drepana,/m/02cvv6,,Italy
Dreros,/m/0bx9n5,,Greece
Dresden,/m/09b9m,,Germany
Dresden,/m/0t685,,United States
Drew,/m/0wrqt,,United States
Drexel,/m/0ydtz,,United States
Drexel,/m/013gq3,,United States
Driggs,/m/0s2n0,,United States
Dripping Springs,/m/0grkwv,,United States
Driscoll,/m/010786,,United States
Drniš,/m/07ll8r,,Croatia
Drnje,/m/026crp7,,Croatia
Drobeta-Turnu Severin,/m/024z9_,,Romania
Drobin,/m/028775t,,Poland
Drochia,/m/05_6p7,,Moldova
Drogheda,/m/0dztt,,Ireland
Drohiczyn,/m/022lwm,,Poland
Drohobych,/m/02k6sz,,Ukraine
Drolshagen,/m/0bjlyb,,Germany
Druid Hills,/m/0tfhp,,United States
Drummond,/m/0s1qd,,United States
Drumright,/m/013k6b,,United States
Drusipara,/m/047rbkc,,Turkey
Druskininkai,/m/01s34n,,Lithuania
Druzhkivka,/m/0gt37m,,Ukraine
Druzhkivka,/m/0gt37m,,Soviet Union
Dry Ridge,/m/0tdq3,,United States
Dryden,/m/018f7r,,Canada
Drys,/m/07s48hx,,Greece
Drânceni,/m/04163w3,,Romania
Drăgănești-Olt,/m/0bfd33,,Romania
Dschang,/m/0b8drs,,Cameroon
Du Quoin,/m/0sfd4,,United States
DuBois,/m/0zsv0,,United States
DuPont,/m/010svs,,United States
Duarte,/m/0r06n,,United States
Dubai,/m/01f08r,,United Arab Emirates
Dubbo,/m/02074s,,Australia
Dubliany,/m/0gt56n,,Ukraine
Dublin,/m/0ydcn,,United States
Dublin,/m/02cft,,Ireland
Dublin,/m/0qxy8,,United States
Dublin,/m/0100y8,,United States
Dublin,/m/013jm1,,United States
Dublin,/m/0rxp_,,United States
Dubno,/m/08z8h4,,Ukraine
Dubois,/m/0s1hj,,United States
Dubrovnik,/m/0fbwq,,Croatia
Dubrovytsia,/m/0gt2fq,,Ukraine
Dubti,/m/09v17nm,,Ethiopia
Dubuque,/m/0ghtf,,United States
Dubăsari,/m/05sxgf,,Moldova
Dubăsari,/m/05sxgf,,Transnistria
Duchesne,/m/010dyb,,United States
Duchy of Mirandola,/m/0h7qpxt,,Italy
Duck,/m/03nkf_,,United States
Ducktown,/m/0_wdn,,United States
Duderstadt,/m/0254xz,,Germany
Dudley,/m/0x0hl,,United States
Dudley,/m/0rxqb,,United States
Duenweg,/m/0wwj1,,United States
Dufftown,/m/021qqv,,United Kingdom
Dufur,/m/0zg7f,,United States
Duga Resa,/m/0266pws,,Croatia
Dugo Selo,/m/0264x0t,,Croatia
Duhok,/m/02qpzy,,Iraq
Duisburg,/m/0ps1q,,Germany
Dukla,/m/05rtb3,,Poland
Duluth,/m/0h1k6,,United States
Duluth,/m/0rwxv,,United States
Dum Dum,/m/028c1b,,India
Dumai,/m/0f0th2,,Indonesia
Dumaria,/m/0115md0l,,India
Dumas,/m/0qsxt,,United States
Dumas,/m/0106w2,,United States
Dumbarton,/m/01_42b,,United Kingdom
Dumbrăveni,/m/0b51cv,,Romania
Dumfries,/m/0zc6f,,United Kingdom
Dumka,/m/05mr4_,,India
Dumont,/m/0wlqq,,United States
Dumont,/m/0ss9m,,United States
Dunaföldvár,/m/02rd021,,Hungary
Dunaharaszti,/m/02rd0cp,,Hungary
Dunaivtsi,/m/0gtqg1,,Ukraine
Dunakeszi,/m/02rd04g,,Hungary
Dunavarsány,/m/02rd0pn,,Hungary
Dunavecse,/m/0c_ggk,,Hungary
Dunaújváros,/m/03znfw,,Hungary
Dunbar,/m/017_0r,,United Kingdom
Dunbar,/m/010x40,,United States
Dunblane,/m/0206w7,,United Kingdom
Duncan,/m/049nqc,,Canada
Duncan,/m/0zb8s,,United States
Duncanville,/m/0__v7,,United States
Duncombe,/m/0t4bq,,United States
Dundas,/m/0wgp7,,United States
Dundee,/m/02fvv,,United Kingdom
Dundee,/m/0zgmk,,United States
Dundee,/m/0sv3x,,United States
Dundee,/m/0w8qg,,United States
Dundo,/m/09r33q,,Angola
Dunedin,/m/02y9wq,,New Zealand
Dunedin,/m/0rqz9,,United States
Dunes City,/m/0zdqd,,United States
Dunfermline,/m/01b1nk,,United Kingdom
Dungarpur,/m/076nl8,,India
Dunkerton,/m/0srs1,,United States
Dunkirk,/m/01mb4t,,United States
Dunkirk,/m/0sk4w,,United States
Dunlap,/m/0s_6b,,United States
Dunlap,/m/0t8xt,,United States
Dunlap,/m/0_wqd,,United States
Dunn,/m/0ygxs,,United States
Dunn Center,/m/0ynwj,,United States
Dunnell,/m/0w69g,,United States
Dunnellon,/m/0rn08,,United States
Dunoon,/m/01h16x,,United Kingdom
Duns,/m/024l13,,United Kingdom
Dunseith,/m/0yr6r,,United States
Dunsmuir,/m/0r6v6,,United States
Dunwich,/m/029z6,,United Kingdom
Dunwoody,/m/0rvv_,,United States
Dupree,/m/0_sr4,,United States
Duque de Caxias,/m/03z6fb,,Brazil
Duquesne,/m/0zhfp,,United States
Duquesne,/m/0wwjd,,United States
"Dura, Hebron",/m/03hp6cj,,Palestine
Dura-Europos,/m/01_v8p,,Syria
Durame,/m/03gvnhv,,Ethiopia
Durand,/m/01mmhk,,United States
Durand,/m/01_pzs8,,United States
Durango,/m/0sz34,,United States
Durango,/m/0rbmc,,United States
Durankulak,/m/04ldh1y,,Bulgaria
Durant,/m/0z4bc,,United States
Durant,/m/0wq8t,,United States
Durant,/m/0ssrc,,United States
Duraykish,/m/02qfsnd,,Syria
Durazno,/m/06xk5b,,Uruguay
Durban,/m/01tjvv,,South Africa
Durbe,/m/0c3z8j,,Latvia
Durbuy,/m/017wsp,,Belgium
Durg,/m/09b6jv,,India
Durgapur,/m/05sjbp,,India
Durham,/m/0hx5f,,United Kingdom
Durham,/m/0zgd7,,United States
Durham,/m/013hxv,,United States
Durham,/m/0t8c8,,United States
Durian Burung,/m/0tkj39w,,Malaysia
Durlești,/m/03hl189,,Moldova
Durnovaria,/m/025rq_g,,United Kingdom
Durocornovium,/m/080dt7p,,United Kingdom
Duroliponte,/m/027_3yb,,United Kingdom
Duroliponte,/m/027_3yb,,Ancient Rome
Durrës,/m/01n2gr,,Albania
Durán,/m/060pn7,,Ecuador
Dusetos,/m/0gg7s7,,Lithuania
Dushanbe,/m/0fnc4,,Tajikistan
Dusheti,/m/03y8dy,,Georgia
Dusmareb,/m/0cb4zd,,Somalia
Duszniki-Zdrój,/m/06nkn2,,Poland
Dutse,/m/08j9qk,,Nigeria
Duvall,/m/021gkwk,,United States
Duékoué,/m/02pqm4y,,Ivory Coast
Dvin,/m/0cz2k3,,Armenia
Dvin,/m/0cz2k3,,Persarmenia
Dvin,/m/0cz2k3,,Sasanian Armenia
Dvor,/m/0fzqgg,,Croatia
Dvůr Králové nad Labem,/m/04b3fz,,Czech Republic
Dwarka,/m/045dgr,,India
Dwight,/m/0yqkr,,United States
Dwight,/m/0t8y4,,United States
Dycusburg,/m/0tdgx,,United States
Dyer,/m/0qsms,,United States
Dyer,/m/0_tw2,,United States
Dyersburg,/m/0_tmv,,United States
Dyersville,/m/0sv47,,United States
Dyme,/m/0bbq65,,Greece
Dynów,/m/0289mcl,,Poland
Dysart,/m/0t3hx,,United States
Dyspontium,/m/04jgd2b,,Greece
Dyykan-Kyshtak,/m/03wcp4p,,Kyrgyzstan
Dzhankoi,/m/0c7t00,,Ukraine
Działdowo,/m/022m8y,,Poland
Działoszyce,/m/0288mrk,,Poland
Działoszyn,/m/02pl6d7,,Poland
Dzierzgoń,/m/08sy3q,,Poland
Dzierzgoń,/m/08sy3q,,Kingdom of Poland
Dzierżoniów,/m/022b0d,,Poland
Dziwnów,/m/0bysc8,,Poland
Dzodze,/m/0b6dpkk,,Ghana
Débété,/m/05p9ssw,,Ivory Coast
Dédougou,/m/09zjg0,,Burkina Faso
Dévaványa,/m/0845x0,,Hungary
Döbeln,/m/04rrxz,,Germany
Döbern,/m/0fb1cf,,Germany
Dömitz,/m/0fb1p3,,Germany
Dübendorf,/m/05rt59,,Switzerland
Dülmen,/m/051_xw,,Germany
Düren,/m/04qv05,,Germany
Düsseldorf,/m/0hf7l,,Germany
Düzce,/m/08n7dk,,Turkey
Dăbuleni,/m/02rwxzp,,Romania
Dărmănești,/m/0965ws,,Romania
Dąbie,/m/038cs6,,Poland
Dąbie,/m/038gmz,,Poland
Dąbrowa Białostocka,/m/022lx0,,Poland
Dąbrowa Górnicza,/m/0c6kz,,Poland
Dąbrowa Tarnowska,/m/0c1g9f,,Poland
Dąbrowice,/m/04gsnwq,,Poland
Dębica,/m/04gnkx,,Poland
Dęblin,/m/054832,,Poland
Dębno,/m/025sctq,,Poland
Děčín,/m/03r7t7,,Czech Republic
Dūkštas,/m/0ghkvg,,Lithuania
Dūkštas,/m/0ghkvg,,Second Polish Republic
Eagan,/m/0fm8f6,,United States
Eagle,/m/01z1q78,,United States
Eagle,/m/0s0ny,,United States
Eagle Bend,/m/0wlcq,,United States
Eagle Butte,/m/013l5w,,United States
Eagle Grove,/m/0t4v7,,United States
Eagle Lake,/m/0211dhx,,United States
Eagle Lake,/m/01zz0qx,,United States
Eagle Lake,/m/0vvcl,,United States
Eagle Mountain,/m/010gq2,,United States
Eagle Pass,/m/010644,,United States
Eagle Point,/m/0zd8l,,United States
Eagle River,/m/011c83,,United States
Eagleville,/m/0_wm8,,United States
Earl,/m/0yff1,,United States
Earle,/m/0qsqk,,United States
Earlham,/m/0t10z,,United States
Earling,/m/0t334,,United States
Earlington,/m/0tf5c,,United States
Earlton,/m/0t92p,,United States
Earlville,/m/0sv4l,,United States
Earlville,/m/0s9lz,,United States
Early,/m/0211fv7,,United States
Early,/m/0t2w6,,United States
Early Pagan Kingdom,/m/0n544kl,,
Earth,/m/0211g03,,United States
Easley,/m/020vy5k,,United States
East Arcadia,/m/0ydc_,,United States
East Bend,/m/0ympk,,United States
East Berlin,/m/02lcc,,German Democratic Republic
East Bernard,/m/0211g33,,United States
East Bethel,/m/01_ybjx,,United States
East Brewton,/m/0q729,,United States
East Carbon,/m/021b0x2,,United States
East Carbon City,/m/0_8ttzr,,United States
East Chicago,/m/0sn3r,,United States
East Cleveland,/m/020lymj,,United States
East Dublin,/m/0rxqp,,United States
East Dubuque,/m/0s8tc,,United States
East Ellijay,/m/0rwnh,,United States
East Grand Forks,/m/0wdk8,,United States
East Grand Rapids,/m/0v9ps,,United States
East Gull Lake,/m/0vwk5,,United States
East Helena,/m/0x2ny,,United States
East Hope,/m/0s132,,United States
East Jordan,/m/0v3ls,,United States
East Kilbride,/m/01vzd3,,United Kingdom
East Lansing,/m/013d_f,,United States
East Laurinburg,/m/0yksh,,United States
East Linton,/m/0458z2,,United Kingdom
East Liverpool,/m/0yt_7,,United States
East London,/m/01tjqp,,South Africa
East Lyme,/m/0rfmd,,United States
East Lynne,/m/0wtbv,,United States
East Moline,/m/0sg3j,,United States
East Mountain,/m/010b3x,,United States
East Orange,/m/0xmlp,,United States
East Palestine,/m/0yt_l,,United States
East Palo Alto,/m/0r5r2,,United States
East Peoria,/m/0sh9m,,United States
East Peru,/m/0t119,,United States
East Point,/m/0rwlf,,United States
East Portland,/m/0fc41j,,United States
East Prairie,/m/0xhqf,,United States
East Providence,/m/0_jxv,,United States
East Ridge,/m/0_v3q,,United States
East Spencer,/m/0ykdy,,United States
East St. Louis,/m/0sgxg,,United States
East Tawakoni,/m/0107w6,,United States
East Tawas,/m/0v8f6,,United States
East Wenatchee,/m/010qbt,,United States
Eastborough,/m/0tbls,,United States
Eastbourne,/m/0174qm,,United Kingdom
Easthampton,/m/0tzry,,United States
Eastlake,/m/0yz79,,United States
Eastland,/m/0100hp,,United States
Eastman,/m/0rv_t,,United States
Easton,/m/0_7z2,,United States
Easton,/m/0wsxb,,United States
Easton,/m/013msd,,United States
Easton,/m/0t81x,,United States
Easton,/m/0vzvy,,United States
Eastpointe,/m/01_q1zc,,United States
Eastport,/m/0tsm6,,United States
Eastvale,/m/026hg1_,,United States
Eaton,/m/0z0_j,,United States
Eaton Rapids,/m/0v549,,United States
Eatonton,/m/0rysx,,United States
Eau Claire,/m/013nws,,United States
Ebeleben,/m/0fb4fp,,Germany
Eberbach,/m/0c9db8,,Germany
Ebermannstadt,/m/0fb4jg,,Germany
Ebern,/m/0fb4lx,,Germany
Ebersbach an der Fils,/m/0dp4rq,,Germany
Ebersbach-Neugersdorf,/m/0g5sgc4,,Germany
Ebersberg,/m/04yjw3,,Germany
Eberswalde,/m/01snpy,,Germany
Ebetsu,/m/01wdw8,,Japan
Ebibeyin,/m/09hfwt,,Equatorial Guinea
Ebikon,/m/0fn6lb,,Switzerland
Ebina,/m/02b2bm,,Japan
Ebla,/m/01slhg,,Syria
Eblana,/m/02xdpt,,Ireland
Ebolowa,/m/06sb2n,,Cameroon
Eboracum,/m/025rp7z,,United Kingdom
Eboracum,/m/025rp7z,,Ancient Rome
Eburobrittium,/m/010hrmp3,,Portugal
Ecbatana,/m/011l00,,Iran
Eceabat,/m/0bhpr3,,Turkey
Ecetra,/m/0w7l40k,,Italy
Echeandía,/m/07s3fbr,,Ecuador
Echetla,/m/05mxydp,,Italy
Echinos,/m/080ngwv,,Greece
Echo,/m/0zfx_,,United States
Echo,/m/0wp0d,,United States
Echternach,/m/02_j8h,,Luxembourg
Echternacherbrück,/m/0f5r2y,,Germany
Eckartsberga,/m/0cz17s,,Germany
Eckernförde,/m/020yzm,,Germany
Ecorse,/m/0vrn3,,United States
Ector,/m/010101,,United States
Ecublens,/m/02v6q2,,Switzerland
Ed Daein,/m/0l8nsln,,Sudan
Eda glasbruk,/m/05zy9rf,,Sweden
Edam,/m/0m4hp,,Netherlands
Edcouch,/m/01039v,,United States
Edd,/m/0b2bx5,,Eritrea
Eddyville,/m/013cmy,,United States
Eddyville,/m/0tgxm,,United States
Edelény,/m/05ldzv,,Hungary
Eden,/m/0ykb5,,United States
Eden,/m/0__kw,,United States
Eden,/m/0s1_c,,United States
Eden Prairie,/m/0w0z7,,United States
Eden Valley,/m/013fzd,,United States
Edenkoben,/m/09vs7l,,Germany
Edenton,/m/0yfbx,,United States
Edessa,/m/0fzsqt,,Greece
Edessa,/m/01pyw9,,Turkey
Edfu,/m/0427wj,,Egypt
Edgar,/m/0x5mc,,United States
Edgar Springs,/m/0wz2x,,United States
Edge Hill,/m/0rwp5,,United States
Edgeley,/m/0ypc3,,United States
Edgemont,/m/0_q8c,,United States
Edgerton,/m/013nzk,,United States
Edgerton,/m/0wz7r,,United States
Edgerton,/m/0wd6z,,United States
Edgerton,/m/0t7nr,,United States
Edgewater,/m/0rbd0,,United States
Edgewater,/m/011m4_,,United States
Edgewood,/m/010swv,,United States
Edgewood,/m/0st8p,,United States
Edgewood,/m/01zz1d4,,United States
Edgewood,/m/0tgd_,,United States
Edina,/m/0w0_2,,United States
Edina,/m/0wwy3,,United States
Edinburg,/m/0103b5,,United States
Edinburg,/m/0yryv,,United States
Edinburgh,/m/02m77,,United Kingdom
Edineț,/m/04tckk,,Moldova
Edirne,/m/01frpx,,Turkey
Edison,/m/0rtk2,,United States
Edmond,/m/0z8j4,,United States
Edmond,/m/0t96t,,United States
Edmonds,/m/010tjp,,United States
Edmonton,/m/0nlh7,,Canada
Edmonton,/m/0th91,,United States
Edmore,/m/0yqc3,,United States
Edmundson,/m/0w_r5,,United States
Edna,/m/0104gm,,United States
Edna,/m/0t7_h,,United States
Edo,/m/02ryg,,Japan
Edo,/m/02ryg,,Tokugawa shogunate
Edom,/m/0211jtj,,United States
Edremit,/m/0jjkr,,Turkey
Edwardsville,/m/0sc8j,,United States
Edwardsville,/m/0tchw,,United States
Edéa,/m/05bdzs,,Cameroon
Eek,/m/0qcw9,,United States
Eeklo,/m/0148k4,,Belgium
Eenhana,/m/02prqpv,,Namibia
Effie,/m/0w2d7,,United States
Effingham,/m/0s6rw,,United States
Effingham,/m/0t51v,,United States
Effon-Alaiye,/m/0g17ty,,Nigeria
Eforie,/m/04pl4z,,Romania
Egan,/m/0_rrj,,United States
Egegik,/m/01z1qty,,United States
Egeland,/m/0yrs9,,United States
Egeln,/m/0cwg9m,,Germany
Eger,/m/02686z,,Hungary
Egg Harbor City,/m/0xkfj,,United States
Eggenfelden,/m/0dsgm_,,Germany
Eggesin,/m/0fb4wx,,Germany
Eggingen,/m/02q03xr,,Germany
Egilsstaðir,/m/03drjd,,Iceland
"Eglon, Canaan",/m/0464wf0,,
Ehingen,/m/0dkh27,,Germany
Ehrenfriedersdorf,/m/0fb4zc,,Germany
Eibar,/m/046ny6,,Spain
Eibelstadt,/m/0fb51h,,Germany
Eibenstock,/m/08t8kq,,Germany
Eijsden,/m/0vj2q,,Netherlands
Eilat,/m/0hhqc,,Israel
Eilenburg,/m/09f39b,,Germany
Einbeck,/m/0254qd,,Germany
Eindhoven,/m/02kx3,,Netherlands
Einsiedeln,/m/05r82s,,Switzerland
Eion,/m/08j20m,,Greece
Eisenach,/m/0g8gq,,Germany
Eisenberg,/m/0dvmbk,,Germany
Eisenberg,/m/0br4gf,,Germany
Eisenhüttenstadt,/m/01h8dk,,Germany
Eisenstadt,/m/026p4f,,Austria
Eisfeld,/m/0fb560,,Germany
Eisleben,/m/044dng,,Germany
Eislingen/Fils,/m/0dkzq5,,Germany
Eitzen,/m/0w1k1,,United States
Ejido,/m/0k0wvq6,,Venezuela
Ekallatum,/m/02vpq0r,,
Ekibastuz,/m/04rc2s,,Kazakhstan
Ekibastuz,/m/04rc2s,,Soviet Union
Ekibastuz,/m/04rc2s,,Russian Empire
Ekron,/m/0th7p,,United States
Ekwendeni,/m/04mb6f,,Malawi
Ekwok,/m/0qdcz,,United States
El Agheila,/m/08d24n,,Libya
El Aioun Sidi Mellouk,/m/0b6mqy4,,Morocco
El Alamein,/m/0ft40,,Egypt
El Alto,/m/09fj2x,,Bolivia
El Badari,/m/03m9h85,,Egypt
El Bayyada,/m/0h7ntwb,,Libya
El Bochinche,/m/05b3pt6,,Venezuela
El Cajon,/m/0r4yw,,United States
El Campo,/m/010bs8,,United States
El Carmen,/m/0b6hvlw,,Bolivia
El Cenizo,/m/010bn1,,United States
El Centro,/m/0qzq8,,United States
El Cerrito,/m/0qypz,,United States
El Chaco,/m/07s8yzf,,Ecuador
El Colorado,/m/0bwg64n,,Argentina
El Consejo,/m/0k0qgmt,,Venezuela
El Dorado,/m/0qxck,,United States
El Dorado,/m/0t5h_,,United States
El Dorado Springs,/m/0wtgm,,United States
El Guabo,/m/06glpd,,Ecuador
"El Hatillo, Miranda, Venezuela",/m/0d7gfq,,Venezuela
El Hiba,/m/02pgm8k,,Egypt
El Jadida,/m/03hv9r,,Morocco
El Lago,/m/0102jw,,United States
El Limón,/m/0k0qs3t,,Venezuela
El Mahalla El Kubra,/m/0py1x,,Egypt
El Marsa,/m/05zwt92,,Morocco
El Marsa,/m/05zwt92,,Western Sahara
El Mirage,/m/0qpk6,,United States
El Monte,/m/0gdcn4,,Chile
El Monte,/m/0r08w,,United States
El Oued,/m/05s7zd,,Algeria
El Pas de la Casa,/m/07dwl_,,Andorra
El Paso,/m/0100mt,,United States
El Paso,/m/0sdb7,,United States
El Paso–Juárez,/m/0b742y1,,United States
El Paso–Juárez,/m/0b742y1,,Mexico
El Portús,/m/0bh8lt6,,Spain
El Quisco,/m/02z1lvb,,Chile
El Quseyya,/m/05ryxg,,Egypt
"El Refugio, Baja California",/m/0gmdm7y,,Mexico
El Reno,/m/0z4jx,,United States
El Rosario de Soapire,/m/02rqfzm,,Venezuela
"El Rosario, Baja California",/m/0bhwdg,,Mexico
El Salahaia El Gadeda,/m/0gy1750,,Egypt
El Salvador,/m/03cb7ys,,Cuba
El Salvador,/m/06s67w,,Philippines
El Salvador,/m/02w0fgf,,Chile
El Segundo,/m/0r099,,United States
El Taref,/m/055mjk,,Algeria
El Tigre,/m/0gyy7y,,Venezuela
El Tocuyo,/m/0cm6mv,,Venezuela
El Torno,/m/0b6pc0y,,Bolivia
El Wak,/m/03qp683,,Kenya
El Zabal,/m/0r3rpjg,,Spain
El Zarqa,/m/0k80knd,,Egypt
El Ángel,/m/012stmnv,,Ecuador
El-Balyana,/m/02qlrpq,,Egypt
El-Obeid,/m/054xcf,,Sudan
El-Qantarah al-Sharqiya,/m/0bsrk_,,Egypt
El-Quseir,/m/0277bxm,,Egypt
El-Tod,/m/0h68mz1,,Egypt
El-Tor,/m/07288p,,Egypt
Elaea,/m/0cdm_7,,Turkey
Elaea,/m/0cdq2b,,Lebanon
Elaea,/m/0cdpv8,,
Elaeas Limen,/m/0cdpq1,,Greece
Elaeus,/m/025t6hh,,Turkey
Elaine,/m/0qw7q,,United States
Elaiussa Sebaste,/m/08fzy0,,Turkey
Elateia,/m/0dtgby,,Greece
Elatreia,/m/07s7b9m,,Greece
Elazığ,/m/0751dr,,Turkey
Elba,/m/0q60j,,United States
Elba,/m/0wndq,,United States
Elbasan,/m/01vmj2,,Albania
Elberon,/m/0t3j7,,United States
Elberton,/m/0rw6q,,United States
Elbing,/m/0t5jb,,United States
Elbląg,/m/02pbl,,Poland
Elbow Lake,/m/0102rf,,United States
Elburg,/m/0vk10,,Netherlands
Eldon,/m/0wxvd,,United States
Eldon,/m/0t3y9,,United States
Eldora,/m/0s_37,,United States
Eldorado,/m/0sg7q,,United States
Eldorado,/m/0108r1,,United States
Eldorado,/m/0269stx,,Argentina
Eldoret,/m/02j_7h,,Kenya
Eldridge,/m/0t2_c,,United States
Electra,/m/010bwg,,United States
Electric City,/m/010qkp,,United States
Elefsina,/m/0kvm9,,Greece
Elek,/m/026l9fb,,Hungary
Elektrėnai,/m/0bjx10,,Lithuania
Elephant Butte,/m/0xwln,,United States
Eleutherna (ancient city),/m/02w1x_h,,Greece
Elez Han,/m/05b_8k_,,Serbia
Elez Han,/m/05b_8k_,,Kosovo
Elgin,/m/01tn8d,,United Kingdom
Elgin,/m/0zg2k,,United States
Elgin,/m/0s4sj,,United States
Elgin,/m/0z51v,,United States
Elgin,/m/013lts,,United States
Elgin,/m/0szb2,,United States
Elgin,/m/0t5p6,,United States
Elgin,/m/0x4bn,,United States
Elgin,/m/0wlww,,United States
Elgin,/m/0yp56,,United States
Elie and Earlsferry,/m/025sy3k,,United Kingdom
Elim,/m/08sjjl,,Egypt
Elim,/m/0qgfb,,United States
Elina,/m/07s7zqw,,Greece
Elista,/m/02fd8s,,Russia
Elizabeth,/m/0xszy,,United States
Elizabeth,/m/0w9ww,,United States
Elizabeth City,/m/025_pp0,,United States
Elizabeth City,/m/013hs_,,United States
Elizabethton,/m/0_t49,,United States
Elizabethtown,/m/0yddb,,United States
Elizabethtown,/m/0tdxc,,United States
Elk City,/m/0z44j,,United States
Elk City,/m/0t8vr,,United States
Elk Falls,/m/0t6kq,,United States
Elk Grove,/m/0r41h,,United States
Elk Horn,/m/0t33h,,United States
Elk Park,/m/0yd2q,,United States
Elk Point,/m/0_skz,,United States
Elk Ridge,/m/010gqs,,United States
Elk River,/m/0whnk,,United States
Elk River,/m/0s1j6,,United States
Elk Run Heights,/m/0srsd,,United States
Elkhart,/m/0t8zw,,United States
Elkhart,/m/0t2ft,,United States
Elkhart,/m/0sl69,,United States
Elkhorn,/m/0204ly4,,United States
Elkhorn,/m/011cdl,,United States
Elkhorn City,/m/0ths5,,United States
Elkin,/m/013j4q,,United States
Elkins,/m/01z42gr,,United States
Elkins,/m/010yqj,,United States
Elko,/m/0xcwx,,United States
Elko New Market,/m/0d4_7n,,United States
Elkton,/m/0zcln,,United States
Elkton,/m/0xf2z,,United States
Elkton,/m/0_tyh,,United States
Elkton,/m/0tj14,,United States
Elkton,/m/0_p7m,,United States
Ellaville,/m/0ryy1,,United States
Ellenboro,/m/0ykjv,,United States
Ellendale,/m/0ynrr,,United States
Ellendale,/m/0wkp0,,United States
Ellensburg,/m/02mdv,,United States
Ellerbe,/m/0yk05,,United States
Ellijay,/m/0rwnv,,United States
Ellingen,/m/0fb5c6,,Germany
Ellinger,/m/026kp6g,,United States
Ellington,/m/0wzsy,,United States
Ellinwood,/m/0t56b,,United States
Elliott,/m/0yqdh,,United States
Elliott,/m/0t1rf,,United States
Ellis,/m/0t6mf,,United States
Ellisville,/m/0wqn9,,United States
Ellisville,/m/01__bx4,,United States
Ellon,/m/03x15r,,United Kingdom
Ellrich,/m/0fb5cy,,Germany
Ellsinore,/m/0wt8f,,United States
Ellston,/m/0t2st,,United States
Ellsworth,/m/0t6nv,,United States
Ellsworth,/m/0szyc,,United States
Ellsworth,/m/0w8r4,,United States
Ellsworth,/m/0tpxk,,United States
Ellwangen,/m/02nqjc,,Germany
Elm City,/m/0ymkp,,United States
Elm Springs,/m/0qrmx,,United States
Elma,/m/010qvd,,United States
Elma,/m/0s_fx,,United States
Elmaady,/m/0dnlck,,Egypt
Elmdale,/m/0w7g7,,United States
Elmdale,/m/0t5mh,,United States
Elmendorf,/m/0_y4q,,United States
Elmer,/m/0wxlh,,United States
Elmhurst,/m/0s4t6,,United States
Elmira,/m/01mb87,,United States
Elmo,/m/0wylb,,United States
Elmore,/m/0vzw8,,United States
Elmshorn,/m/06yc52,,Germany
Elmwood,/m/0sf7j,,United States
Elon,/m/0ycvs,,United States
Eloy,/m/0qqp_,,United States
Elrosa,/m/0wk4w,,United States
Elroy,/m/0113_h,,United States
Elsa,/m/0103bj,,United States
Elsberry,/m/0wx9x,,United States
Elsdorf,/m/0bkph5,,Germany
Elsfleth,/m/09vsl3,,Germany
Elsmere,/m/0tgfb,,United States
Elsmore,/m/0t4x9,,United States
Elsterberg,/m/0fb5g0,,Germany
Elsterwerda,/m/0fb5j3,,Germany
Elstra,/m/0fb5kw,,Germany
Elterlein,/m/0fb5ly,,Germany
Eltmann,/m/0fb5np,,Germany
Eltville am Rhein,/m/09rnjc,,Germany
Elubo,/m/0g55j2j,,Ghana
Eluru,/m/05n57q,,India
Elva,/m/06qd1x,,Estonia
Elwood,/m/0t6df,,United States
Elwood,/m/0snhh,,United States
Ely,/m/01n9tr,,United Kingdom
Ely,/m/0wjbq,,United States
Ely,/m/0xdj6,,United States
Ely,/m/0t0pm,,United States
Elyria,/m/0yzx8,,United States
Elyros,/m/027g4cn,,Greece
Elysian,/m/013fxp,,United States
Elzach,/m/0fb5rh,,Germany
Elze,/m/0c735z,,Germany
Embarcación,/m/0bwk0cx,,Argentina
Embu,/m/057bsh,,Kenya
Embu das Artes,/m/03_s9z,,Brazil
Emden,/m/019y81,,Germany
Emei Township,/m/07k9pht,,Taiwan
Emerado,/m/0yp1c,,United States
Emerald Isle,/m/0yf2n,,United States
Emerita Augusta,/m/094lwp,,Spain
Emerson,/m/0t1ft,,United States
Emerson,/m/0rt4k,,United States
Emery,/m/010f0p,,United States
Emery,/m/0_qq5,,United States
Emeryville,/m/0qxyn,,United States
Emfraz,/m/03c3y6z,,Ethiopia
Emigration Canyon,/m/0d5nk_,,United States
Emily,/m/0vyk6,,United States
Eminabad,/m/03bz79d,,Pakistan
Eminence,/m/0w_2x,,United States
Eminence,/m/0tf3n,,United States
Emma,/m/013h23,,United States
Emmaus,/m/04kcgw,,Palestine
Emmelshausen,/m/0bt1tw,,Germany
Emmen,/m/04cspk,,Switzerland
Emmendingen,/m/04z6sc,,Germany
Emmerich am Rhein,/m/062gj5,,Germany
Emmet,/m/0qtgf,,United States
Emmetsburg,/m/0t245,,United States
Emmett,/m/0s1st,,United States
Emmett,/m/0t9ly,,United States
Emmonak,/m/0qhry,,United States
Emmons,/m/0v_k_,,United States
Emona,/m/02xfmj,,Slovenia
Emory,/m/0107wk,,United States
Empire,/m/0vyzn,,United States
Emporia,/m/0mn_5,,United States
Emporia,/m/0t895,,United States
Empúries,/m/0yfj4,,Spain
Emsdetten,/m/0blz7t,,Germany
Emőd,/m/05mk_l,,Hungary
Enarotali,/m/0vxgk06,,Indonesia
Encarnación,/m/06xh63,,Paraguay
Encinal,/m/01059q,,United States
Encinitas,/m/0q46t,,United States
Encs,/m/05lj9n,,Hungary
Ende,/m/0bdt7b,,Indonesia
Enderby,/m/068dln,,Canada
Enderlin,/m/013j5r,,United States
Endibir,/m/076wvnv,,Ethiopia
Endingen am Kaiserstuhl,/m/02xbpn,,Germany
Enerhodar,/m/0fpzst,,Ukraine
Enez,/m/0bfgdj,,Turkey
Enfield,/m/0ygs9,,United States
Engels,/m/0548bb,,Russia
Engen,/m/0f5dq5,,Germany
Enger,/m/0190lg,,Germany
Enghien,/m/017q53,,Belgium
England,/m/07ltmv,,United States
Englewood,/m/0xkq4,,United States
Englewood,/m/0t5vd,,United States
Englewood,/m/0r8t5,,United States
Englewood,/m/0y_yj,,United States
Engyon,/m/08y4_2,,Italy
Enid,/m/0z5vp,,United States
Enispe,/m/04q8g2v,,Greece
Enišasi,/m/02qztlc,,Lebanon
Enkhuizen,/m/0w0gn,,Netherlands
Ennepetal,/m/0416th,,Germany
Ennigerloh,/m/0bn6vd,,Germany
Ennis,/m/0100th,,United States
Enoch,/m/010f73,,United States
Enschede,/m/0ps4p,,Netherlands
Ensenada,/m/0300r3,,Mexico
Ensign,/m/0t712,,United States
Entebbe,/m/01rhbq,,Uganda
Entella,/m/02p22l7,,Italy
Enterprise,/m/0zg4z,,United States
Enterprise,/m/0q60w,,United States
Enterprise,/m/010h0v,,United States
Enterprise,/m/0t6bq,,United States
Entiat,/m/010ps8,,United States
Entre Rios do Oeste,/m/09rwsh7,,Brazil
Entremont,/m/0h7kzx8,,France
Enugu,/m/02ttyh,,Nigeria
Enumclaw,/m/013np_,,United States
Enying,/m/0dj1s6,,Hungary
Eperjeske,/m/026s9jx,,Hungary
Ephesus,/m/02p8r,,Turkey
Ephraim,/m/010g1f,,United States
Ephrata,/m/010ql0,,United States
Epidamnos,/m/03kq64,,Albania
Epidaurum,/m/07sb68l,,Croatia
Epidaurus,/m/01s7dm,,Greece
Epitaciolândia,/m/026bf0r,,Brazil
Eppe-Sauvage,/m/03qfjc3,,France
Eppelheim,/m/0dphwn,,Germany
Epping,/m/0ys8_,,United States
Eppingen,/m/0b6y3s,,Germany
Eppstein,/m/06ybxt,,Germany
Epworth,/m/0sz3h,,United States
Erana,/m/09gbw_f,,Greece
Erbach,/m/0bnv94,,Germany
Erbach,/m/0bnvf_,,Germany
Erbendorf,/m/085v68,,Germany
Erbil,/m/03n7br,,Iraq
Ercsi,/m/0dfgtk,,Hungary
Erda,/m/010gf_,,United States
Erdenet,/m/03cfzk,,Mongolia
Erding,/m/04z73s,,Germany
Erdut,/m/0c8fw6,,Croatia
Erechim,/m/0f6y7j,,Brazil
Erenhot,/m/0282v5q,,People's Republic of China
Eretum,/m/02phbb3,,Italy
Ereğli,/m/0bj749,,Turkey
Erftstadt,/m/01hjw0,,Germany
Erfurt,/m/02lbc,,Germany
Ergani,/m/0bj74_,,Turkey
Erhard,/m/0w9zy,,United States
Erhlin Township,/m/07kd_jn,,Taiwan
Erhshui Township,/m/02vy172,,Taiwan
Erick,/m/0z44w,,United States
Eridu,/m/0bq10,,Iraq
Erie,/m/0zz6w,,United States
Erie,/m/0t930,,United States
Erigavo,/m/02ypkl,,Somaliland
Erin,/m/0_vjt,,United States
Erkelenz,/m/07r79c,,Germany
Erkeshtam,/m/03wc2dw,,People's Republic of China
Erkeshtam,/m/03wc2dw,,Kyrgyzstan
Erkner,/m/0dwf63,,Germany
Erkrath,/m/03zt_5,,Germany
Erlangen,/m/01cz_1,,Germany
Erlanger,/m/0tgfp,,United States
Erlenbach am Main,/m/0dzq5p,,Germany
Erlensee,/m/0dvnhy,,Germany
Erlun Township,/m/07k74zq,,Taiwan
Erode,/m/0477hd,,India
Erquelinnes,/m/017q94,,Belgium
Errachidia,/m/0b4s46,,Morocco
Errenteria,/m/01r6y2,,Spain
Ersekë,/m/027bw8d,,Albania
Erskine,/m/0wdkz,,United States
Ertis,/m/011jjhfx,,Kazakhstan
Erwin,/m/0ygy4,,United States
Erwitte,/m/0blyhz,,Germany
Erymna,/m/012ngdwt,,Turkey
Erythrae,/m/0n5l2,,Turkey
Erythres,/m/08yj5n,,Greece
Eryx,/m/02qgssq,,Italy
Erzincan,/m/04hk4j,,Turkey
Erzurum,/m/03v2jb,,Turkey
Esbjerg,/m/012nwm,,Denmark
Esbon,/m/0t7k_,,United States
Escalante,/m/06hnws,,Philippines
Escalante,/m/010f38,,United States
Escalon,/m/0r59v,,United States
Escanaba,/m/0v4sx,,United States
Esch-sur-Alzette,/m/01kj75,,Luxembourg
Eschborn,/m/02s824,,Germany
Eschenbach in der Oberpfalz,/m/0fb63s,,Germany
Eschershausen,/m/0c7nyf,,Germany
Eschwege,/m/03c9y6,,Germany
Eschweiler,/m/047snl,,Germany
Escobares,/m/0108zn,,United States
Escombres-et-le-Chesnois,/m/03m8d25,,France
Escondido,/m/0r4z7,,United States
Escuintla,/m/01xywy,,Guatemala
Esens,/m/0cmfcl,,Germany
Esgaroth,/m/025h1_,,
Eshnunna,/m/0b0051,,Iraq
Esik,/m/0271hh4,,Kazakhstan
Esik,/m/0271hh4,,Soviet Union
Esik,/m/0271hh4,,Russian Empire
Esil,/m/0bs9275,,Kazakhstan
Eskifjörður,/m/02scwgb,,Iceland
Eskişehir,/m/072yfv,,Turkey
Eskridge,/m/0tc66,,United States
Eslamshahr,/m/0h14ps,,Iran
Esmeralda,/m/07k280,,Cuba
Esmeraldas,/m/06bnl6,,Ecuador
Esmond,/m/0ymym,,United States
Esna,/m/05y3y_,,Egypt
Espargos,/m/08h4vw,,Cape Verde
Española,/m/013hgt,,United States
Espelkamp,/m/0bjh_q,,Germany
Esperanza,/m/0bg3f0,,Argentina
Esperança do Sul,/m/03qm9q5,,Brazil
Espoo,/m/0c75w,,Finland
Esquel,/m/04_9ks,,Argentina
Esquipulas,/m/01w7fy,,Guatemala
Essam,/m/0k3m_jt,,Ghana
Essaouira,/m/023j7z,,Morocco
Essen,/m/017gry,,Germany
Essen,/m/016pzy,,Belgium
Essex,/m/0x0hy,,United States
Essex,/m/0t21f,,United States
Essex Junction,/m/010j4c,,United States
Essexville,/m/0v1y5,,United States
Esslingen am Neckar,/m/019clp,,Germany
Estacada,/m/0zc28,,United States
Estaimpuis,/m/017qg7,,Belgium
Estell Manor,/m/0xkg8,,United States
Estelline,/m/0_qmf,,United States
Estelí,/m/03_24b,,Nicaragua
Estevan,/m/02ph96,,Canada
Estherville,/m/0sz7_,,United States
Esztergom,/m/03ssy1,,Hungary
Etah,/m/07rpdv,,India
Etam,/m/04cy4q8,,
Eteke,/m/0hncxk7,,Gabon
Etenna,/m/012n8pm5,,Turkey
Eth,/m/02s1p,,France
Ethel,/m/0wxlv,,United States
Etna,/m/0r6vx,,United States
Etowah,/m/0_w1j,,United States
Ettenheim,/m/08y6tp,,Germany
Ettimadai,/m/0f1gbg,,India
Ettlingen,/m/060ktx,,Germany
Eubank,/m/013d61,,United States
Eucarpia,/m/047q_z9,,Turkey
Euclid,/m/0yvfc,,United States
Eudocia,/m/012m2gh_,,Turkey
Eudocias,/m/012m291y,,Turkey
Eudora,/m/0qs23,,United States
Eudora,/m/0t6h6,,United States
Eufaula,/m/0pmyq,,United States
Eufaula,/m/0z7_9,,United States
Eugene,/m/02mf7,,United States
Eugenium,/m/07s4vf9,,Albania
Euharlee,/m/0rt4x,,United States
Euless,/m/0211p1t,,United States
Eunice,/m/013d72,,United States
Eunice,/m/0xv7s,,United States
Eunápolis,/m/03h5jl8,,Brazil
Eupen,/m/017w1k,,Belgium
Eupora,/m/0ws26,,United States
Eureka,/m/0qzhw,,United States
Eureka,/m/010f8j,,United States
Eureka,/m/0sjtf,,United States
Eureka,/m/0_rfr,,United States
Eureka,/m/01071p,,United States
Eureka,/m/02ppk,,United States
Eureka,/m/0t734,,United States
Eureka Springs,/m/0qs0r,,United States
Euripos,/m/080fw7j,,Greece
Euroea in Epiro,/m/047n_md,,Greece
Euroea in Phoenicia,/m/03h4bhx,,Ancient Rome
Euromus,/m/0bqvyf,,Turkey
Europos,/m/06zmgf3,,Greece
Eurymenae,/m/03w9b73,,Greece
Eurymenai,/m/07sbx2w,,Greece
Euskirchen,/m/04qtlq,,Germany
Eustace,/m/01032m,,United States
Eustis,/m/0rlzc,,United States
Eutaw,/m/0q7hn,,United States
Euthydemia,/m/02t4hh,,Afghanistan
Eutin,/m/01d8l8,,Germany
Evan,/m/0vvpy,,United States
Evans,/m/0rcxs,,United States
Evansdale,/m/0srsr,,United States
Evanston,/m/0psxp,,United States
Evanston,/m/011gwz,,United States
Evansville,/m/0118qg,,United States
Evansville,/m/0sqgt,,United States
Evansville,/m/0vzhv,,United States
Evart,/m/0vmwh,,United States
Evarts,/m/0tdzt,,United States
Eveleth,/m/0wjcd,,United States
Everest,/m/0t5bt,,United States
Everett,/m/0t_1r,,United States
Everett,/m/010tkc,,United States
Everetts,/m/0yhp8,,United States
Everglades City,/m/0rk41,,United States
Evergreen,/m/0q64f,,United States
Everly,/m/0st57,,United States
Everman,/m/0109bf,,United States
Eversberg,/m/082gm7,,Germany
Everson,/m/010vql,,United States
Everton,/m/0wv48,,United States
Evinayong,/m/05ntt3,,Equatorial Guinea
Evzonoi,/m/09g94mb,,Greece
Ewarton,/m/080ntbq,,Jamaica
Ewing,/m/0wx7h,,United States
Ewing,/m/0tdk_,,United States
Ewu,/m/0c022rr,,Nigeria
Excelsior,/m/01_yh0t,,United States
Excelsior Springs,/m/013gx3,,United States
Exeter,/m/02m__,,United Kingdom
Exeter,/m/0r7tl,,United States
Exeter,/m/0wsh8,,United States
Exira,/m/0srl6,,United States
Exline,/m/0srgf,,United States
Eyemouth,/m/022jct,,United Kingdom
Eyl,/m/026pt6d,,Somalia
Eynatten,/m/075_jr,,Belgium
Eyota,/m/0w9cf,,United States
Ezbet El Borg,/m/0k90vnw,,Egypt
Ezeiza,/m/02p488c,,Argentina
Ezhou,/m/0bwblv,,People's Republic of China
Ezo,/m/0fqnn0h,,South Sudan
Ełk,/m/022bbm,,Poland
Ežerėlis,/m/0gcsch,,Lithuania
Faaborg,/m/0128xx,,Denmark
Fada,/m/05trkf,,Chad
Fada N’Gourma,/m/04xz61,,Burkina Faso
Faenza,/m/05_w0j,,Italy
Fagernes,/m/052y48,,Norway
Fair Bluff,/m/0yfmq,,United States
Fair Grove,/m/0wvrl,,United States
Fair Oaks Ranch,/m/0211pr_,,United States
Fair Play,/m/0wzdk,,United States
Fairbank,/m/0ss1q,,United States
Fairbanks,/m/0qf5p,,United States
Fairborn,/m/0yxbq,,United States
Fairburn,/m/0rwls,,United States
Fairbury,/m/0sbl_,,United States
Fairbury,/m/0x7hg,,United States
Fairdale,/m/0yrz5,,United States
Fairfax,/m/0mnzd,,United States
Fairfax,/m/0ws9f,,United States
Fairfax,/m/0wgdn,,United States
Fairfax,/m/0t0pz,,United States
Fairfield,/m/0cdzfj,,United States
Fairfield,/m/01z2t90,,United States
Fairfield,/m/0thgk,,United States
Fairfield,/m/0gjbt,,United States
Fairfield,/m/0shz0,,United States
Fairfield,/m/0101gw,,United States
Fairfield,/m/0x5mq,,United States
Fairfield,/m/0gjgc,,United States
Fairfield,/m/0s_zs,,United States
Fairfield,/m/0s19n,,United States
Fairfield Bay,/m/0qs9q,,United States
Fairhope,/m/0pgs3,,United States
Fairlawn,/m/020m10w,,United States
Fairmont,/m/0yk2_,,United States
Fairmont,/m/010xgb,,United States
Fairmont,/m/0w6bh,,United States
Fairmount,/m/0yql2,,United States
Fairmount,/m/0rwrz,,United States
Fairview,/m/0zfjw,,United States
Fairview,/m/02rt4k7,,United States
Fairview,/m/010g1t,,United States
Fairview,/m/0z7gg,,United States
Fairview,/m/0t5c4,,United States
Fairview,/m/0wyc9,,United States
Fairview,/m/0_xd1,,United States
Fairview,/m/0tgg0,,United States
Fairview Heights,/m/01_7wjs,,United States
Fairview Park,/m/0yvfq,,United States
Fairway,/m/0t7p2,,United States
Faisalabad,/m/023zdr,,Pakistan
Faison,/m/013hwg,,United States
Faith,/m/0ykfm,,United States
Faith,/m/0_rht,,United States
Faiyum,/m/0b5jph,,Egypt
Faizabad,/m/042c_p,,India
Fakfak,/m/0cc81tf,,Indonesia
Falciano,/m/0h78nw,,San Marino
Falcon,/m/013hvd,,United States
Falcon Heights,/m/0xfk3,,United States
Falerii Novi,/m/014w5k,,Italy
Falerii Veteres,/m/0j648js,,Italy
Falfurrias,/m/0_yyp,,United States
Falkenberg,/m/025rpjp,,Sweden
Falkenberg/Elster,/m/0fb6k8,,Germany
Falkensee,/m/0dg_hk,,Germany
Falkenstein,/m/0fb6n1,,Germany
Falkenstein/Harz,/m/0cwg5t,,Germany
Falkirk,/m/01zkhk,,United Kingdom
Falkland,/m/06p89g,,United Kingdom
Falkland,/m/0yjtl,,United States
Fall River,/m/0typ5,,United States
Fall River,/m/0t73h,,United States
Fallon,/m/0xc6q,,United States
Falls Church,/m/0mnyn,,United States
Falls City,/m/0zfm8,,United States
Falls City,/m/0104zz,,United States
Falls City,/m/0x92d,,United States
Fallston,/m/0yffd,,United States
Fallujah,/m/02czjf,,Iraq
Falmouth,/m/0thq3,,United States
False Pass,/m/0qclc,,United States
Falsterbo,/m/07v_8w,,Sweden
Famagusta,/m/012g2q,,Cyprus
Famagusta,/m/012g2q,,Northern Cyprus
Famaillá,/m/0b7__v,,Argentina
Fangchenggang,/m/0bm0pv,,People's Republic of China
Fangliao Township,/m/03s84z,,Taiwan
Fangshan Township,/m/07k8vpr,,Taiwan
Fangyuan Township,/m/04gqc8n,,Taiwan
Fanlu Township,/m/07k6gdy,,Taiwan
Fanning Springs,/m/0rks9,,United States
Fara,/m/07s5gx4,,Greece
Farafenni,/m/05hg8q,,The Gambia
Farah,/m/07gp0s,,Afghanistan
Faranah,/m/05dm3r,,Guinea
Faraskur,/m/0kfw_yb,,Egypt
Farber,/m/0wsch,,United States
Farende,/m/04g1nd6,,Togo
Fargo,/m/0ynfz,,United States
Fargo,/m/0rv6t,,United States
Faribault,/m/0wgpy,,United States
Faridabad,/m/04f10t,,India
Faridkot,/m/0548gp,,India
Farim,/m/059lfb,,Guinea-Bissau
Farley,/m/0sz3v,,United States
Farmer City,/m/0s5_j,,United States
Farmers Branch,/m/0__vl,,United States
Farmersburg,/m/0st9q,,United States
Farmersville,/m/0__86,,United States
Farmersville,/m/0r7ty,,United States
Farmington,/m/010dr4,,United States
Farmington,/m/0qxh0,,United States
Farmington,/m/0s783,,United States
Farmington,/m/0xvy1,,United States
Farmington,/m/0vy_b,,United States
Farmington,/m/0vgb8,,United States
Farmington,/m/0w_fk,,United States
Farmington,/m/0t3v6,,United States
Farmington Hills,/m/0vgbm,,United States
Farmville,/m/0yjty,,United States
Farnhamville,/m/0sscb,,United States
Farooqabad,/m/0bbw91w,,Pakistan
Farr West,/m/021b1t5,,United States
Farragut,/m/0szlq,,United States
Farrell,/m/0_5kq,,United States
Farrukhabad,/m/09vcsn,,India
Farwell,/m/0107pm,,United States
Farwell,/m/0wf7_,,United States
Fasa,/m/091c3j,,Iran
Fastiv,/m/039__h,,Ukraine
Fate,/m/01085t,,United States
Fateh Jang,/m/0bvq_x,,Pakistan
Fateh Pur,/m/0bxzvvk,,Pakistan
Fatehgunj,/m/04n2hjz,,India
Fatehpur,/m/05rmn_,,India
Fatehpur Sikri,/m/01vrzw,,India
Fatick,/m/05c3zhs,,Senegal
Faulkton,/m/0_qb2,,United States
Faustinopolis,/m/0463gsd,,Turkey
Faya-Largeau,/m/03cgqq,,Chad
Fayette,/m/0q78q,,United States
Fayette,/m/0wqlv,,United States
Fayette,/m/0ww4p,,United States
Fayette,/m/0szbf,,United States
Fayetteville,/m/0yfvf,,United States
Fayetteville,/m/0_vsw,,United States
Fayetteville,/m/0qxhc,,United States
Fayetteville,/m/0rwdk,,United States
Fayetteville,/m/01013j,,United States
Fayzabad,/m/0d0wyh,,Afghanistan
Fazenda Rio Grande,/m/09rst8g,,Brazil
Federal,/m/026pw16,,Argentina
Federal Dam,/m/0xczc,,United States
Federal Heights,/m/0r8ky,,United States
Federal Way,/m/010rf2,,United States
Fegyvernek,/m/026pwt9,,Hungary
Fehmarn,/m/0pbt4,,Germany
Fehérgyarmat,/m/026rphd,,Hungary
Feijó,/m/026bf2g,,Brazil
Feira de Santana,/m/050x65,,Brazil
Feldkirch,/m/06td4s,,Austria
Fellbach,/m/0639cn,,Germany
Fellsmere,/m/0rllm,,United States
Felsberg,/m/07_qk6,,Germany
Felsőzsolca,/m/046j3m,,Hungary
Felton,/m/0vxh4,,United States
Fengbin Township,/m/02rxscw,,Taiwan
Fenglin Township,/m/02vxd_3,,Taiwan
Feni,/m/05mzxlf,,Bangladesh
Fennimore,/m/01mkvm,,United States
Fennville,/m/0v0sp,,United States
Fenton,/m/0w_rw,,United States
Fenton,/m/0t0fz,,United States
Fenton,/m/0v5nz,,United States
Fenyuan Township,/m/07k542k,,Taiwan
Feodosiia,/m/01kzh9,,Ukraine
Ferdinand,/m/0s1vx,,United States
Feresne,/m/0dh2b1,,Belgium
Ferfer,/m/03m6tl5,,Ethiopia
Fergana,/m/044hb2,,Uzbekistan
Fergus Falls,/m/0wb2f,,United States
Ferguson,/m/0w_s6,,United States
Ferguson,/m/0t19x,,United States
Ferguson,/m/0thv7,,United States
Ferizaj,/m/05w5yx,,Serbia
Ferizaj,/m/05w5yx,,Kosovo
Ferkessédougou,/m/04kr2z,,Ivory Coast
Fernan Lake Village,/m/0s21f,,United States
Fernandina Beach,/m/0rp6t,,United States
Ferndale,/m/0nr3p,,United States
Ferndale,/m/010vqy,,United States
Ferndale,/m/0qzj7,,United States
Ferney-Voltaire,/m/0169kw,,France
Fernie,/m/01jcq6,,Canada
Fernley,/m/0xd3z,,United States
Feronia,/m/0f9_k0,,Italy
Ferrara,/m/0cffd,,Italy
Ferraz de Vasconcelos,/m/03_z40,,Brazil
Ferreñafe,/m/03h5whm,,Peru
Ferris,/m/013mb8,,United States
Ferron,/m/010f11,,United States
Ferrysburg,/m/0vn97,,United States
Fertile,/m/0t4r3,,United States
Fertile,/m/0wdn0,,United States
Fertőd,/m/05d5jf,,Hungary
Fertőszentmiklós,/m/02r5trv,,Hungary
Fescennia,/m/0b8jqy,,Italy
Fessenden,/m/0ys6y,,United States
Festus,/m/0wwpx,,United States
Feuchtwangen,/m/0c9_l5,,Germany
Fez,/m/01vcxq,,Morocco
Fianga,/m/03c2xcb,,Chad
Ficana,/m/05f4w_0,,Italy
Fiche,/m/0262xwh,,Ethiopia
Ficksburg,/m/04_s3k,,South Africa
Ficulea,/m/0ds3rw1,,Italy
Fidenae,/m/0p75g,,Italy
Fieni,/m/0bffvb,,Romania
Fier,/m/02n8jc,,Albania
Fierbinți-Târg,/m/04cxq_8,,Romania
Fife,/m/010sxx,,United States
Fifty Lakes,/m/0xd5q,,United States
Fifty-Six,/m/0qxbj,,United States
Figuig,/m/0b4rt7,,Morocco
Filadelfia,/m/040xgq,,Paraguay
Filderstadt,/m/0d967h,,Germany
Filer,/m/0s2pr,,United States
Filiași,/m/04q3nr,,Romania
Fillmore,/m/010fdl,,United States
Fillmore,/m/0ws81,,United States
Fillmore,/m/0r86x,,United States
Fincastle,/m/0tfk1,,United States
Findlay,/m/0yy7z,,United States
Findochty,/m/03nmvx,,United Kingdom
Fingal,/m/0ymsn,,United States
Finger,/m/0_w2x,,United States
Finicha'a,/m/03gr_5v,,Ethiopia
Finlayson,/m/0wcvg,,United States
Finley,/m/0yrkj,,United States
Finote Selam,/m/03d3qr9,,Ethiopia
Finsterwalde,/m/0b6d4j,,Germany
Fiq,/m/02qhxt6,,Syria
Fircrest,/m/010sy7,,United States
Firebaugh,/m/0qz62,,United States
Firozabad,/m/073xk_,,India
First Missouri State Capitol State Historic Site,/m/05b0pb5,,United States
Firth,/m/0s0zm,,United States
Fisher,/m/0wdnc,,United States
Fishers,/m/0slxp,,United States
Fisk,/m/0wsyc,,United States
Fitchburg,/m/0110yx,,United States
Fitchburg,/m/0v01j,,United States
Fitzgerald,/m/0rt69,,United States
Fkih Ben Saleh,/m/092bzy,,Morocco
Fladungen,/m/0fcf3x,,Germany
Flagler Beach,/m/0rkmr,,United States
Flagstaff,/m/0fsv2,,United States
Flandreau,/m/0_rrx,,United States
Flasher,/m/0ypz1,,United States
Flastroff,/m/03nq55t,,France
Flat Rock,/m/0yh18,,United States
Flat Rock,/m/0vrng,,United States
Flatwoods,/m/0tdt8,,United States
Flavia Solva,/m/02z1szp,,Austria
Flawil,/m/0gnssl,,Switzerland
Flaxton,/m/0yn7s,,United States
Fleigneux,/m/03m8d7p,,France
Fleming,/m/0wzpv,,United States
Fleming-Neon,/m/0tgqb,,United States
Flemingsburg,/m/0tdlb,,United States
Flemington,/m/0rxsr,,United States
Flensburg,/m/0m4kn,,Germany
Flensburg,/m/0w7gy,,United States
Fletcher,/m/0yh1m,,United States
Fleurus,/m/017pjb,,Belgium
Flin Flon,/m/01l6v_,,Canada
Flines-lès-Mortagne,/m/03mgz1d,,France
Flint,/m/0m2rv,,United States
Flint Hill,/m/0w_6p,,United States
Flippin,/m/0qvnq,,United States
Floodwood,/m/0wjf3,,United States
Flora,/m/0s44h,,United States
Florala,/m/0q66v,,United States
Flordell Hills,/m/0w_sk,,United States
Florence,/m/031y2,,Italy
Florence,/m/0zdqr,,United States
Florence,/m/0q8jl,,United States
Florence,/m/0_lk5,,United States
Florence,/m/0rb16,,United States
Florence,/m/010c23,,United States
Florence,/m/0w56r,,United States
Florence,/m/0tcqt,,United States
Florence,/m/0t8cm,,United States
Florencia,/m/03cbjvx,,Cuba
Florencia,/m/02qrvfq,,Colombia
Florencio Varela,/m/03m4hbx,,Argentina
Florenville,/m/017x1p,,Belgium
Floresville,/m/010c56,,United States
Florești,/m/04ctydn,,Moldova
Florianópolis,/m/01t61b,,Brazil
Florida,/m/0c2tl3,,Cuba
Florida,/m/06xkgz,,Uruguay
Florida City,/m/0rnd5,,United States
Floridablanca,/m/0543db,,Philippines
Floris,/m/0stzr,,United States
Florissant,/m/0w_sx,,United States
Florstadt,/m/02vrhgj,,Germany
Florø,/m/018dvn,,Norway
Flovilla,/m/0rthn,,United States
Flowery Branch,/m/0rx32,,United States
Flowood,/m/02005rn,,United States
Floyd,/m/0szgk,,United States
Floydada,/m/01015y,,United States
Flushing,/m/0v5qf,,United States
Flöha,/m/0dx4cm,,Germany
Flörsheim am Main,/m/0dln29,,Germany
Flămânzi,/m/0283tfr,,Romania
Focșani,/m/01yklt,,Romania
Foggia,/m/076919,,Italy
Foisches,/m/03m8d9d,,France
Folegandros,/m/01lpkk,,Greece
Foley,/m/0pgsh,,United States
Foley,/m/0vtxs,,United States
Foley,/m/0wxb7,,United States
Folkston,/m/0rts9,,United States
Follansbee,/m/010wfr,,United States
Follett,/m/0105t9,,United States
Folly Beach,/m/0_kx0,,United States
Folsom,/m/0r42l,,United States
Fomboni,/m/099sjb,,Comoros
Fond du Lac,/m/01mkp2,,United States
Fonda,/m/0t29p,,United States
Fontaine-l'Évêque,/m/017pk2,,Belgium
Fontana,/m/0bwgxly,,Argentina
Fontana,/m/0r4h3,,United States
Fontana,/m/0t8py,,United States
Fontana Dam,/m/04b6cwp,,United States
Fontanelle,/m/0sr8k,,United States
Fonyód,/m/07_q4f,,Hungary
Forada,/m/0vzjj,,United States
Forbes,/m/0yns2,,United States
Forchheim,/m/05s3v2,,Germany
Forchtenberg,/m/0dmw7f,,Germany
Ford,/m/0t6r_,,United States
Fordland,/m/0x10t,,United States
Fordon,/m/043pfq7,,Poland
Fordsville,/m/0thj8,,United States
Fordville,/m/0yrzj,,United States
Fordyce,/m/0qsws,,United States
Foreman,/m/0qvcd,,United States
Forest,/m/0wrk_,,United States
Forest Acres,/m/0_n7j,,United States
Forest City,/m/0ykk5,,United States
Forest City,/m/0ww2m,,United States
Forest City,/m/013cj4,,United States
Forest Grove,/m/0zgdl,,United States
Forest Hill,/m/0109bs,,United States
Forest Hills,/m/0yhc8,,United States
Forest Hills,/m/0_tgp,,United States
Forest Hills,/m/0tfkd,,United States
Forest Lake,/m/0xg3b,,United States
Forest Park,/m/0yxrz,,United States
Forest Park,/m/0rv3p,,United States
Forest River,/m/0yrzw,,United States
Foreston,/m/0w74m,,United States
Forfar,/m/01n0bj,,United Kingdom
Foristell,/m/013h6c,,United States
Forks,/m/010pwy,,United States
Forlì,/m/06k74j,,Italy
Forman,/m/0yr9v,,United States
Formosa,/m/01qsrv,,Argentina
Formosa,/m/0bjmhw,,Brazil
Formoso,/m/0t7lb,,United States
Forney,/m/010510,,United States
Forres,/m/022jdw,,United Kingdom
Forrest City,/m/0qx8f,,United States
Forsan,/m/0211sm1,,United States
Forst (Lausitz),/m/0777ft,,Germany
Forsyth,/m/0xjdy,,United States
Forsyth,/m/0x3pd,,United States
Forsyth,/m/0ry7x,,United States
Fort Atkinson,/m/0113t_,,United States
Fort Atkinson,/m/0t4jl,,United States
Fort Benton,/m/0x1mw,,United States
Fort Bragg,/m/0r1ph,,United States
Fort Calhoun,/m/0xbk_,,United States
Fort Collins,/m/031sn,,United States
Fort Dodge,/m/0t4c1,,United States
Fort Erie,/m/01kzhs,,Canada
Fort Frances,/m/04j4l7,,Canada
Fort Gaines,/m/0rv29,,United States
Fort Howard,/m/0nd52nn,,United States
Fort Jones,/m/0r6w7,,United States
Fort Lauderdale,/m/0rj0z,,United States
Fort Lupton,/m/0rcyh,,United States
Fort Madison,/m/0t0k1,,United States
Fort Meade,/m/0rrbv,,United States
Fort Mitchell,/m/0tggc,,United States
Fort Morgan,/m/0rc5b,,United States
Fort Myers,/m/0rmby,,United States
Fort Oglethorpe,/m/0rtqy,,United States
Fort Payne,/m/0q6vc,,United States
Fort Pierce,/m/0rs82,,United States
Fort Pierre,/m/0_s9b,,United States
Fort Portal,/m/05w_ht,,Uganda
Fort Ransom,/m/0yqdv,,United States
Fort Ripley,/m/0vykx,,United States
Fort Saskatchewan,/m/02w532,,Canada
Fort Scott,/m/0t592,,United States
Fort Smith,/m/0qx1w,,United States
Fort St. John,/m/02hw16,,Canada
Fort Stockton,/m/0107qn,,United States
Fort Thomas,/m/0td4r,,United States
Fort Valley,/m/0rym1,,United States
Fort Walton Beach,/m/0rp97,,United States
Fort Wayne,/m/02_n7,,United States
Fort William,/m/031vj,,United Kingdom
Fort William,/m/0223l4,,Canada
Fort Worth,/m/0f2s6,,United States
Fort Wright,/m/0tggq,,United States
Fort Yates,/m/0yrfr,,United States
Fort Yukon,/m/0qj34,,United States
Fort-de-France,/m/01lsnl,,France
Fortaleza,/m/02_9n,,Brazil
Fortrose,/m/024l1h,,United Kingdom
Fortuna,/m/0qzjl,,United States
Fortuna,/m/0ynvh,,United States
Forum Cassii,/m/027xq2d,,Italy
Forum Hadriani,/m/0264zb4,,Netherlands
Forum Novum,/m/0df4h6,,Italy
Foshan,/m/03_nyt,,People's Republic of China
Fosses-la-Ville,/m/017sgz,,Belgium
Fossil,/m/0zgkh,,United States
Fosston,/m/0wdp1,,United States
Foster City,/m/0r5s4,,United States
Fostoria,/m/013jt6,,United States
Fostoria,/m/0st5l,,United States
Fougamou,/m/047stgp,,Gabon
Foumban,/m/05r_kx,,Cameroon
Fountain,/m/0yjv8,,United States
Fountain,/m/0r9w6,,United States
Fountain,/m/0v_68,,United States
Fountain City,/m/010_b4,,United States
Fountain Green,/m/010g2j,,United States
Fountain Inn,/m/013l1v,,United States
Fountain Run,/m/0th9d,,United States
Fountain Valley,/m/0dwgs,,United States
Four Oaks,/m/0yhd_,,United States
Fowler,/m/0qz6f,,United States
Fowler,/m/0t8nx,,United States
Fox Chase,/m/0tcy4,,United States
Fox Lake,/m/01mkbf,,United States
Foxfire,/m/0yhzt,,United States
Foxhome,/m/0wn5v,,United States
Foz do Iguaçu,/m/0442yh,,Brazil
Foça district,/m/085x1r,,Turkey
Foča,/m/021_k7,,Bosnia and Herzegovina
Fraita,/m/0gj9793,,Morocco
Frampol,/m/0ct46q,,Poland
Franca,/m/03_z8v,,Brazil
Franceville,/m/05xncx,,Gabon
Francheval,/m/03m8dbs,,France
Francisco Morato,/m/03_z9x,,Brazil
Francistown,/m/05sd_c,,Botswana
Franco da Rocha,/m/03_zbm,,Brazil
Francova Lhota,/m/02wvbd0,,Czech Republic
Frankenau,/m/0fcf4z,,Germany
Frankenberg,/m/0dm9qh,,Germany
Frankenberg,/m/0dm9nc,,Germany
Frankenmuth,/m/0vp08,,United States
Frankenthal,/m/052ywq,,Germany
Frankford,/m/0wz6c,,United States
Frankfort,/m/0fvvg,,United States
Frankfort,/m/0sklm,,United States
Frankfort,/m/0t8j2,,United States
Frankfort,/m/0_s78,,United States
Frankfurt,/m/02z0j,,Germany
Frankfurt (Oder),/m/0p828,,Germany
Franklin,/m/0mnx5,,United States
Franklin,/m/021kmb9,,United States
Franklin,/m/0_f1v,,United States
Franklin,/m/0qts3,,United States
Franklin,/m/0yhmk,,United States
Franklin,/m/0wgfb,,United States
Franklin,/m/0xj39,,United States
Franklin,/m/0t_d0,,United States
Franklin,/m/01084n,,United States
Franklin,/m/0x6ld,,United States
Franklin,/m/0rx8y,,United States
Franklin,/m/0z2yy,,United States
Franklin,/m/0ww50,,United States
Franklin,/m/0t0kd,,United States
Franklin,/m/0smrn,,United States
Franklin,/m/0_xdd,,United States
Franklin,/m/0s1np,,United States
Franklin,/m/0th_s,,United States
Franklin,/m/0tmnq,,United States
Franklin Springs,/m/0rwjb,,United States
Franklinton,/m/0ygck,,United States
Franklinville,/m/0yjy2,,United States
Frankston,/m/02wcjk,,Australia
Franzburg,/m/0fcf6t,,Germany
Fraser,/m/0srxk,,United States
Fraser,/m/0vc87,,United States
Fraserburgh,/m/017xc4,,United Kingdom
Frasin,/m/04f_rx4,,Romania
Frauenfeld,/m/05sx7q,,Switzerland
Frauenstein,/m/0fcfb9,,Germany
Fray Bentos,/m/05r5tb,,Uruguay
Frazee,/m/0vs_w,,United States
Frechen,/m/084vb_,,Germany
Fredericia,/m/02xz9z,,Denmark
Frederick,/m/0zbfy,,United States
Frederick,/m/0dhml,,United States
Fredericksburg,/m/0mnwd,,United States
Fredericksburg,/m/0101rt,,United States
Fredericksburg,/m/0st10,,United States
Fredericktown,/m/0wxnx,,United States
Fredericton,/m/02w70,,Canada
Frederika,/m/0srzz,,United States
Frederiksberg,/m/02t_r5,,Denmark
Frederikshavn,/m/012jtl,,Denmark
Frederikssund,/m/05256hh,,Denmark
Frederiksværk,/m/0128nh,,Denmark
Fredonia,/m/0tcfs,,United States
Fredonia,/m/0t0vf,,United States
Fredonia,/m/0ypf5,,United States
Fredonia,/m/0td0y,,United States
Fredonia,/m/0qwm6,,United States
Free City of Besançon,/m/0crcr85,,Holy Roman Empire
Free Imperial City of Aachen,/m/0j4405l,,Holy Roman Empire
Free Imperial City of Besançon,/m/0crgsmd,,Holy Roman Empire
Free Imperial City of Kempten,/m/0j65zqr,,Germany
Free Imperial City of Ulm,/m/0j7krd1,,Holy Roman Empire
Free State of Fiume,/m/08vphr,,Croatia
Free Territory of Trieste,/m/0sxz1,,Italy
Freeborn,/m/0v_lb,,United States
Freeman,/m/0wtc5,,United States
Freeman,/m/0_qtf,,United States
Freeport,/m/03t1dv,,The Bahamas
Freeport,/m/0sh54,,United States
Freeport,/m/0_yn9,,United States
Freeport,/m/0rstw,,United States
Freeport,/m/0wk5x,,United States
Freeport,/m/0t778,,United States
Freer,/m/0100g9,,United States
Freetown,/m/0fnc_,,Sierra Leone
Fregellae,/m/08yn50,,Italy
Freiberg,/m/01tvfk,,Germany
Freiberg am Neckar,/m/0dpbhp,,Germany
Freiburg im Breisgau,/m/0ptj2,,Germany
Freienbach,/m/0fw5jm,,Switzerland
Freilassing,/m/03btpm,,Germany
Freinsheim,/m/0bqf_4,,Germany
Freirina,/m/04yhc3m,,Chile
Freising,/m/02ftp5,,Germany
Freital,/m/0d9xwb,,Germany
Frelinghien,/m/03h2bvk,,France
Fremantle,/m/012q8y,,Australia
Fremont,/m/0ym3f,,United States
Fremont,/m/0x691,,United States
Fremont,/m/0z1gv,,United States
Fremont,/m/0dwh5,,United States
Fremont,/m/0t13q,,United States
Fremont,/m/0vg18,,United States
Fremont Hills,/m/0wtmf,,United States
Frenchburg,/m/0th80,,United States
Frenštát pod Radhoštěm,/m/0c2s2w,,Czech Republic
Freren,/m/0c5bcj,,Germany
Fresia,/m/02pd48r,,Chile
Fresnillo,/m/0340v9,,Mexico
Fresno,/m/0mzy7,,United States
Freudenberg,/m/0blxqw,,Germany
Freudenberg,/m/0blxm7,,Germany
Freudenstadt,/m/04tk1j,,Germany
Freyburg,/m/0cz19w,,Germany
Freystadt,/m/0fcff3,,Germany
Freyung,/m/0fcfhx,,Germany
Fribourg,/m/015trb,,Switzerland
Fridingen an der Donau,/m/0fcfnf,,Germany
Fridley,/m/0vss9,,United States
Friedberg,/m/023nb9,,Germany
Friedberg,/m/02gbw1,,Germany
Friedland,/m/01hgcw,,Germany
Friedland,/m/0fcfpv,,Germany
Friedrichroda,/m/0b6h53,,Germany
Friedrichsdorf,/m/056kc6,,Germany
Friedrichshafen,/m/0p61f,,Germany
Friedrichstadt,/m/0b1hrh,,Germany
Friedrichsthal,/m/0c0f32,,Germany
Friend,/m/0x97m,,United States
Friendship,/m/0_tc7,,United States
Friendsville,/m/0_sw8,,United States
Friendswood,/m/013mr0,,United States
Friesack,/m/0fcfvr,,Germany
Friesoythe,/m/0c454t,,Germany
Friona,/m/0107pz,,United States
Frisange,/m/08gjjt,,Luxembourg
Frisco,/m/013m3r,,United States
Fritch,/m/013my6,,United States
Fritzlar,/m/02vkx0,,Germany
Frohburg,/m/0fcfwg,,Germany
Frohna,/m/0wyzr,,United States
Frombork,/m/0hvz8,,Poland
Frontenac,/m/0w_t7,,United States
Frontenac,/m/0t65s,,United States
Frontenac Islands,/m/02rfy8c,,Canada
Frontier,/m/0yngf,,United States
Frost,/m/010720,,United States
Frost,/m/0vzxn,,United States
Frostburg,/m/0tt6z,,United States
Frostproof,/m/0rrc5,,United States
Fruit Heights,/m/010drk,,United States
Fruita,/m/0rbzz,,United States
Fruithurst,/m/0q5_h,,United States
Fruitland,/m/0t1tw,,United States
Fruitland,/m/0txqd,,United States
Fruitland,/m/0s2hk,,United States
Fruitland Park,/m/0rl_1,,United States
Frunză,/m/06wbl4m,,Moldova
Frutillar,/m/068b4_,,Chile
"Frías, Santiago del Estero",/m/0bwhr62,,Argentina
Fröndenberg,/m/072s3f,,Germany
Frýdek-Místek,/m/08442c,,Czech Republic
Frýdlant,/m/07j7lw,,Czech Republic
Frýdlant nad Ostravicí,/m/09n0w9,,Czech Republic
Fuchū,/m/01wrjf,,Japan
Fugnan Bira,/m/03gr_4t,,Ethiopia
Fuji,/m/01wlfq,,Japan
Fujieda,/m/01wljn,,Japan
Fujimi,/m/01whq_,,Japan
Fujimino,/m/09sc9m,,Japan
Fujinomiya,/m/01wldh,,Japan
Fujisawa,/m/01wjg4,,Japan
Fujiwara-kyō,/m/0ds7pr,,Japan
Fukaya,/m/01whjm,,Japan
Fukuhara-kyō,/m/02r88p6,,Japan
Fukui,/m/0gp5rr,,Japan
Fukuoka,/m/0gqkd,,Japan
Fukushima,/m/0gqkx,,Japan
Fukuyama,/m/0gp6j3,,Japan
Fulacunda,/m/09c612,,Guinea-Bissau
Fulda,/m/09pd0,,Germany
Fulda,/m/0w891,,United States
Fulginiae,/m/08ync8,,Italy
Fuli Township,/m/06zq07d,,Taiwan
Fullerton,/m/0r2dp,,United States
Fullerton,/m/0x88y,,United States
Fullerton,/m/0ynsf,,United States
Fulshear,/m/01019c,,United States
Fulton,/m/011q5n,,United States
Fulton,/m/0qtgs,,United States
Fulton,/m/0sj58,,United States
Fulton,/m/0t59f,,United States
Fulton,/m/0wt03,,United States
Fulton,/m/0wqdm,,United States
Fulton,/m/0tdn1,,United States
Fultondale,/m/0q80s,,United States
Fumay,/m/08jwgc,,France
Funabashi,/m/01cc8x,,Japan
Funafuti,/m/0d7f3,,Tuvalu
Fundulea,/m/069x_f,,Romania
Funes,/m/07zcph,,Argentina
Funkley,/m/0vtg9,,United States
Funsi,/m/0k2g2jn,,Ghana
Fuquay-Varina,/m/0ylg8,,United States
Furnos Maior and Furnos Minor,/m/0fcw8h,,
Furth im Wald,/m/0fcg0c,,Germany
Furtwangen im Schwarzwald,/m/03b2qd,,Germany
Fushun,/m/0579t4,,People's Republic of China
Fushë-Arrëz,/m/04zvf9q,,Albania
Fushë-Krujë,/m/03qhvwx,,Albania
Futian Port,/m/05zvw27,,People's Republic of China
Futrono,/m/02qfzhw,,Chile
Fuxin,/m/056rxg,,People's Republic of China
Fuxing Township,/m/03tbx1,,Taiwan
Fuyang,/m/05_zff,,People's Republic of China
Fuyong Ferry Terminal,/m/0n3yb9p,,People's Republic of China
Fuzhou,/m/01jzm9,,People's Republic of China
Fuzhou,/m/06j655,,People's Republic of China
Fuzuli,/m/04ggcnp,,Azerbaijan
Fépin,/m/03m8d69,,France
Fót,/m/02rd0dq,,Hungary
Førde,/m/0zbv22r,,Norway
Fürstenau,/m/0c8v1b,,Germany
Fürstenberg/Havel,/m/0fcfzz,,Germany
Fürstenfeldbruck,/m/03y09q,,Germany
Fürstenwalde,/m/07sv5k,,Germany
Fürth,/m/02wb2t,,Germany
Füssen,/m/03vhx3,,Germany
Füzesabony,/m/02ww081,,Hungary
Füzesgyarmat,/m/026l9gq,,Hungary
Făget,/m/05kyth,,Romania
Fălciu,/m/05nwjb,,Romania
Fălești,/m/06wc9jm,,Moldova
Fălești,/m/06wc9jm,,Soviet Union
Fălești,/m/06wc9jm,,Russian Empire
Fălești,/m/06wc9jm,,Kingdom of Romania
Fălești,/m/06wc9jm,,Moldavian Democratic Republic
Fălești,/m/06wc9jm,,Principality of Moldavia
Făurei,/m/0413w3r,,Romania
GIFT City,/m/047fxvb,,India
Gaastra,/m/01_qqry,,United States
Gabala,/m/089crs,,Syria
Gabane,/m/03hnzcm,,Botswana
Gabela,/m/03hn1vm,,Angola
Gabiadji,/m/05p0nnk,,Ivory Coast
Gabii,/m/089yt7,,Italy
Gaborone,/m/0fndh,,Botswana
Gabrovo,/m/03jfmp,,Bulgaria
Gabu,/m/059f0m,,Guinea-Bissau
Gackle,/m/0ypfj,,United States
Gadabay,/m/04gg8wn,,Azerbaijan
Gadebusch,/m/084ftt,,Germany
Gadsden,/m/0q74c,,United States
Gaffney,/m/0_l0w,,United States
Gaggenau,/m/0djcxd,,Germany
Gagnoa,/m/012cf0bj,,Ivory Coast
Gahanna,/m/020m2qr,,United States
Gaibandha,/m/0134gs1x,,Bangladesh
Gaildorf,/m/0dvk57,,Germany
Gainesville,/m/0rh7t,,United States
Gainesville,/m/0rx3f,,United States
Gainesville,/m/0__lx,,United States
Gainesville,/m/0wysx,,United States
Gaithersburg,/m/0dzn7,,United States
Galafi,/m/03wf1b2,,Djibouti
Galashiels,/m/023q__,,United Kingdom
Galatia,/m/0t56p,,United States
Galax,/m/0mnw1,,United States
Galați,/m/01m0rb,,Romania
Galena,/m/01z1tfp,,United States
Galena,/m/0s8v1,,United States
Galena,/m/0x0kn,,United States
Galena,/m/0t5r9,,United States
Galena Park,/m/0102k6,,United States
Galepsus,/m/03hm4l1,,Greece
Galesburg,/m/0s9gh,,United States
Galesburg,/m/0v98q,,United States
Galesburg,/m/0yrw2,,United States
Galesburg,/m/0t93c,,United States
Galesville,/m/011bv0,,United States
Galgalia,/m/0hzrbbk,,India
Gali,/m/04lj96,,Georgia
Gali,/m/04lj96,,Republic of Abkhazia
Galion,/m/0yv6g,,United States
Galkayo,/m/03stcw,,Somalia
Gallabat,/m/05_d19,,Sudan
Gallatin,/m/0wv7c,,United States
Gallatin,/m/0_z_y,,United States
Gallatin,/m/0_wyz,,United States
Gallaway,/m/0_tnw,,United States
Galle,/m/0273mk,,Sri Lanka
Gallup,/m/0xvg_,,United States
Galston,/m/04592q,,United Kingdom
Galt,/m/0xhfp,,United States
Galt,/m/0r43b,,United States
Galt,/m/0t4vl,,United States
Galva,/m/0s84c,,United States
Galva,/m/0t8lh,,United States
Galva,/m/0s_m1,,United States
Galveston,/m/0f2sq,,United States
Galway,/m/0m__z,,Ireland
Gamaliel,/m/0th9r,,United States
Gambela,/m/06ppgd,,Ethiopia
Gambell,/m/0qgfp,,United States
Gamboma,/m/09bv8_,,Republic of the Congo
Gambrion,/m/0gg6448,,Turkey
Gamewell,/m/0ydzg,,United States
Gammertingen,/m/0fcg2v,,Germany
Gampaha,/m/0963j5,,Sri Lanka
Gamprin,/m/07vwc8,,Liechtenstein
Ganado,/m/0104gz,,United States
Ganda Singh Wala,/m/0crhvtb,,Pakistan
Gandhidham,/m/08jqr2,,India
Gandhinagar,/m/01d3mw,,India
Gandiaye,/m/0prhl,,Senegal
Gangneung,/m/01tkyc,,South Korea
Gangtok,/m/04vdf2,,India
Ganj Basoda,/m/0f0csq,,India
Ganja,/m/030pcj,,Azerbaijan
Ganta,/m/05bj70,,Liberia
Ganzhou,/m/03rn2n,,People's Republic of China
Gaoshu Township,/m/07k93vk,,Taiwan
Gaoua,/m/04xzh4,,Burkina Faso
Gapan,/m/03xfcj,,Philippines
Garabekewül,/m/063yrf1,,Turkmenistan
Garabogaz,/m/03h2802,,Turkmenistan
Garachico,/m/079261,,Spain
Garango,/m/0b4df_,,Burkina Faso
Garanhuns,/m/08th9x,,Brazil
Garbahaareey,/m/08b56r,,Somalia
Garber,/m/0stb1,,United States
Garber,/m/0z5wc,,United States
Garbsen,/m/08yzr8,,Germany
Garching bei München,/m/02zth0,,Germany
Gardabani,/m/02rxpzq,,Georgia
Gardelegen,/m/0b6h5w,,Germany
Garden City,/m/0vrnt,,United States
Garden City,/m/0wtcj,,United States
Garden City,/m/0t6qk,,United States
Garden City,/m/0s0p8,,United States
Garden City,/m/0rttb,,United States
Garden Grove,/m/0r2fd,,United States
Garden Grove,/m/0sv03,,United States
Garden Plain,/m/0tbm3,,United States
Garden Ridge,/m/0__jh,,United States
Gardena,/m/0r0b2,,United States
Gardena,/m/0yn24,,United States
Gardendale,/m/0q813,,United States
Gardez,/m/01bkw4,,Afghanistan
Gardiner,/m/0tq76,,United States
Garding,/m/0cwdy3,,Germany
Gardner,/m/0v01x,,United States
Gardner,/m/0t7pf,,United States
Gardner,/m/0yngs,,United States
Garešnica,/m/026627n,,Croatia
Garfield,/m/010vxw,,United States
Garfield,/m/010cv9,,United States
Garfield,/m/0t9gr,,United States
Garfield,/m/0vzjw,,United States
Garfield Heights,/m/0yvg1,,United States
Gargara,/m/0c2l2v,,Turkey
Gargždai,/m/0b7gtw,,Lithuania
Garibaldi,/m/0zfs2,,United States
Garissa,/m/0c6xtw,,Kenya
Garita Kilómetro 26,/m/03c20zw,,Mexico
Garland,/m/0ykn9,,United States
Garland,/m/010d59,,United States
Garland,/m/013m43,,United States
Garliava,/m/0f_rgs,,Lithuania
Garnavillo,/m/0stbd,,United States
Garner,/m/0ylt4,,United States
Garner,/m/0s_0v,,United States
Garnett,/m/0t4_d,,United States
Garoua,/m/05bg29,,Cameroon
Garoua-Boulaï,/m/09k6gqm,,Cameroon
Garowe,/m/03yzbm,,Somalia
Garretson,/m/0_rnm,,United States
Garrett,/m/0sk_s,,United States
Garrison,/m/0106zw,,United States
Garrison,/m/0vyly,,United States
Garrison,/m/0srn8,,United States
Garrison,/m/0yps6,,United States
Garruchos,/m/02pq34c,,Brazil
Gartz (Oder),/m/03pvhb,,Germany
Garulia,/m/0f1hnx,,India
Garvin,/m/0w572,,United States
Garwin,/m/0t3jy,,United States
Garwolin,/m/02_mw6,,Poland
Gary,/m/03b12,,United States
Gary,/m/010xrg,,United States
Gary,/m/0w913,,United States
Gary,/m/0_q1t,,United States
Garysburg,/m/0yjc9,,United States
Garz,/m/0cbb3v,,Germany
Garðabær,/m/03f9rc,,Iceland
Gas,/m/0t4xn,,United States
Gas City,/m/0slpk,,United States
Gasconade,/m/0wvls,,United States
Gascoyne,/m/0yn61,,United States
Gassema,/m/043mvyh,,Togo
Gassville,/m/0qrhn,,United States
Gaston,/m/0zgf8,,United States
Gaston,/m/0yjcn,,United States
Gastonia,/m/0ygg9,,United States
Gatama,/m/03hkv3k,,Ethiopia
Gatchina,/m/03cvcp,,Russia
Gatehouse of Fleet,/m/06v091,,United Kingdom
Gates,/m/013kk3,,United States
Gatesville,/m/0ygkf,,United States
Gatesville,/m/0__n_,,United States
Gath-hepher,/m/0jt53q1,,Israel
Gatineau,/m/0pml7,,Canada
Gatlinburg,/m/0_wqr,,United States
Gatuna,/m/03cnqbj,,Rwanda
Gau-Algesheim,/m/0brps7,,Germany
Gaur,/m/02qj11t,,Nepal
Gauriphanta,/m/0hzmdms,,India
Gautier,/m/0wqgc,,United States
Gaya,/m/04r806,,India
Gaya,/m/09hm7r,,Niger
Gaylord,/m/0whtc,,United States
Gaylord,/m/0tbvv,,United States
Gaylord,/m/0xc5b,,United States
Gayéri,/m/0b4dgq,,Burkina Faso
Gaza City,/m/0fdkl,,Palestine
Gazakh,/m/04gg8t0,,Azerbaijan
Gaziantep,/m/02q_g0,,Turkey
Gazipur,/m/02p77qq,,Bangladesh
Gaziura,/m/03grt5f,,Turkey
Gbadolite,/m/0332q_,,Democratic Republic of the Congo
Gbiti,/m/010w8_vz,,Cameroon
Gbéléban,/m/05p11zt,,Ivory Coast
Gdańsk,/m/035m6,,Poland
Gdynia,/m/03b4d,,Poland
Gearhart,/m/0zc6t,,United States
Geary,/m/013k37,,United States
Geba,/m/02x02j,,
Gebesee,/m/0fcx_d,,Germany
Gebre Guracha,/m/03d0298,,Ethiopia
Geddes,/m/0_pjz,,United States
Gedera,/m/08qy95,,Israel
Gedera,/m/08qy95,,Mandatory Palestine
Gedera,/m/08qy95,,Mutasarrifate of Jerusalem
Gedern,/m/0fcy1j,,Germany
Geel,/m/014lmj,,Belgium
Geelong,/m/0g34_,,Australia
Geesthacht,/m/08v_lz,,Germany
Gefell,/m/0fcybv,,Germany
Gefrees,/m/0fcydy,,Germany
Gege,/m/0crfjdw,,Eswatini
Gehrden,/m/0cmgry,,Germany
Geilenkirchen,/m/091p6z,,Germany
Geisa,/m/0fcym7,,Germany
Geiselhöring,/m/0fcyq0,,Germany
Geisenheim,/m/0dwhdb,,Germany
Geising,/m/0fcys4,,Germany
Geisingen,/m/0fcyty,,Germany
Geislingen,/m/0fcywb,,Germany
Geislingen an der Steige,/m/08fvfm,,Germany
Geita,/m/07lf3z,,Tanzania
Geithain,/m/0fcyz3,,Germany
Gela,/m/0402mg,,Italy
Geldern,/m/08jg9k,,Germany
Geldrop,/m/02p5rrl,,Netherlands
Gelephu,/m/03mbpzy,,Bhutan
Gelgaudiškis,/m/0g48kr,,Lithuania
Gelnhausen,/m/033szn,,Germany
Gelonus,/m/031d60,,Ukraine
Gelsenkirchen,/m/018fc9,,Germany
Gem,/m/0tc3t,,United States
Gem Lake,/m/0wfjr,,United States
Gembloux,/m/017sjw,,Belgium
Gemena,/m/0bfr40,,Democratic Republic of the Congo
Gemlik,/m/05_nbg,,Turkey
Gemünden,/m/0fcz0x,,Germany
Gemünden am Main,/m/0dxtpr,,Germany
Genappe,/m/017qn9,,Belgium
Gendebelo,/m/076wm2j,,Ethiopia
General Alvear,/m/0dpkkd,,Argentina
"General Arenales, Buenos Aires",/m/03m4r1c,,Argentina
General Güemes,/m/026bnjv,,Argentina
General José de San Martín,/m/07jd2n,,Argentina
General Líber Seregni,/m/0gvrpqc,,Uruguay
General Madariaga,/m/03m4t4z,,Argentina
General Pacheco,/m/02vplbh,,Argentina
General Pico,/m/08h21d,,Argentina
General Roca,/m/0cpmxc,,Argentina
General Rodríguez,/m/03m4tmr,,Argentina
General San Martín,/m/03c_642,,Argentina
General Santos,/m/01stll,,Philippines
General Trias,/m/06f98d,,Philippines
General Villamil,/m/060pwn,,Ecuador
General Villegas,/m/0dqm58,,Argentina
Genesee,/m/0s25k,,United States
Geneseo,/m/0tb37,,United States
Geneseo,/m/0s84q,,United States
Geneva,/m/01hh53,,United States
Geneva,/m/0ysp1,,United States
Geneva,/m/03902,,Switzerland
Geneva,/m/027t9nn,,United States
Geneva,/m/0q7dv,,United States
Geneva,/m/0szjm,,United States
Geneva,/m/0v_mc,,United States
Geneva,/m/0x6hl,,United States
Gengenbach,/m/06cr7q,,Germany
Genoa,/m/0s61_,,United States
Genoa,/m/0x898,,United States
Genoa,/m/0hknf,,Italy
Genola,/m/0xf1y,,United States
Genthin,/m/0cyj_c,,Germany
Gentry,/m/0qrny,,United States
Geoagiu,/m/04khss,,Romania
Geoje,/m/03v9wj,,South Korea
Geok Tepe,/m/0p8cp,,Turkmenistan
George,/m/0t0zx,,United States
George,/m/010qlc,,United States
George,/m/072c29,,South Africa
George Town,/m/02h775,,Cayman Islands
George Town,/m/015806,,Malaysia
George West,/m/0105vb,,United States
Georgetown,/m/0fnm3,,Guyana
Georgetown,/m/011m6r,,United States
Georgetown,/m/0shl8,,United States
Georgetown,/m/010c2g,,United States
Georgetown,/m/0thz0,,United States
Georgetown,/m/0vxj5,,United States
Georgetown,/m/0s0vg,,United States
Georgsmarienhütte,/m/0c8t9_,,Germany
Gera,/m/01kflr,,Germany
Geraardsbergen,/m/014859,,Belgium
Gerabronn,/m/038321,,Germany
Gerald,/m/0wvgz,,United States
Geraldton,/m/025bwr,,Australia
Gerar,/m/03nmxb,,Israel
Gerbstedt,/m/0by0qb,,Germany
Gereneia,/m/0q58sm8,,Greece
Geretsried,/m/054jr_,,Germany
Gering,/m/0x9kb,,United States
Geringswalde,/m/0fd0cc,,Germany
Gerlingen,/m/0dmkyb,,Germany
Germa,/m/02z5df4,,Turkey
Germa,/m/010pfmzb,,Turkey
Germanicopolis,/m/03ns5b_,,Byzantine Empire
Germantown,/m/0_wt4,,United States
Germantown,/m/0y__0,,United States
Germantown,/m/013d0j,,United States
Germering,/m/0dh00h,,Germany
Germersheim,/m/05zhzr,,Germany
Germiston,/m/04_jp6,,South Africa
Gernrode,/m/04080k,,Germany
Gernsbach,/m/0dpfqb,,Germany
Gernsheim,/m/0fd0fh,,Germany
Gerolstein,/m/0b72j6,,Germany
Gerolzhofen,/m/05hy83,,Germany
Gerrha,/m/0ljjs,,Saudi Arabia
Gersfeld,/m/0fd0hl,,Germany
Gersthofen,/m/0dkzv3,,Germany
Gertus,/m/045pzr,,Greece
Gervais,/m/0zf8y,,United States
Gescher,/m/0bfj16,,Germany
Geseke,/m/0blyk3,,Germany
Gettysburg,/m/0_ryl,,United States
Geuda Springs,/m/013cvn,,United States
Geumgwan Gaya,/m/02d1t5,,
Gevelsberg,/m/044937,,Germany
Gevgelija,/m/07lt2r,,North Macedonia
Geyer,/m/0fd0m1,,Germany
Ghadames,/m/0726_p,,Libya
Ghafsai,/m/0h52sqn,,Morocco
Ghanzi,/m/08f36m,,Botswana
Ghardaia,/m/0b95m1,,Algeria
Gharrous,/m/0bwk_gw,,Algeria
Gharyan,/m/05_5s7s,,Libya
Ghat,/m/053j4t,,Libya
Ghaziabad,/m/06dlm1,,India
Ghazipur,/m/05fv6s,,India
Ghazni,/m/020ctb,,Afghanistan
Ghent,/m/037n3,,Belgium
Ghent,/m/0td8y,,United States
Ghent,/m/0w57f,,United States
Gheorgheni,/m/04q3l8,,Romania
Ghezala,/m/02q01kt,,Tunisia
Ghimbav,/m/0b1lc0,,Romania
Ghinda,/m/06j0l9,,Eritrea
Ghindești,/m/06w6c43,,Moldova
Gholson,/m/010691,,United States
Ghorahi,/m/02r4pvc,,Nepal
Ghoriwala,/m/047nm6g,,Pakistan
Ghotki,/m/06ynj8,,Pakistan
Ghulam Khan,/m/0dfzn9,,Pakistan
Ghulam Khan,/m/0dfzn9,,Afghanistan
Ghyvelde,/m/092m24,,France
Giannitsa,/m/0cyd0x,,Greece
Gibara,/m/0bfgsq,,Cuba
Gibbon,/m/0x4nm,,United States
Gibbon,/m/01_yj9f,,United States
Gibeon,/m/02x00s,,Israel
Gibraltar,/m/035hm,,United Kingdom
Gibraltar,/m/0vrp4,,United States
Gibson,/m/0yksv,,United States
Gibson,/m/0t07s,,United States
Gibson,/m/0rwpj,,United States
Gibson City,/m/0s6xp,,United States
Gibsonville,/m/013hpk,,United States
Giddings,/m/0105jn,,United States
Gideon,/m/0wy74,,United States
Giengen an der Brenz,/m/07p829,,Germany
Giessen,/m/022xzn,,Germany
Gifhorn,/m/027mqz,,Germany
Gifu,/m/0gp5ks,,Japan
Gig Harbor,/m/010szm,,United States
Gijduvan,/m/02qvqvq,,Uzbekistan
Gikongoro,/m/07mnb4,,Rwanda
Gilbert,/m/0wjgh,,United States
Gilbert,/m/0t3cs,,United States
Gilbertville,/m/0srt2,,United States
Gilby,/m/0yp1q,,United States
Gilgit,/m/02m_j2,,Pakistan
Gillespie,/m/0sc04,,United States
Gillett,/m/01mm6c,,United States
Gillett,/m/0qrb1,,United States
Gillett Grove,/m/0st5y,,United States
Gillette,/m/011f5f,,United States
Gilliam,/m/0wzv9,,United States
Gillsville,/m/0rt0d,,United States
Gilman,/m/0s89j,,United States
Gilman,/m/0t1b7,,United States
Gilman,/m/0vty3,,United States
Gilman City,/m/013g_9,,United States
Gilmer,/m/010b47,,United States
Gilmore,/m/0qsr7,,United States
Gilmore City,/m/013ck5,,United States
Gilroy,/m/0r68h,,United States
Gilt Edge,/m/0_x1r,,United States
Gimbi,/m/03d1fs4,,Ethiopia
Gimcheon,/m/03v95q,,South Korea
Gimhae,/m/03v9wx,,South Korea
Gimje,/m/0231qx,,South Korea
Gimnasio Multidisciplinario Nuevo Laredo,/m/04gntx_,,Mexico
Gimpo,/m/01tvf4,,South Korea
Gingoog,/m/01zc3l,,Philippines
Ginir,/m/03czrs8,,Ethiopia
Ginowan,/m/01wrc3,,Japan
Ginsheim-Gustavsburg,/m/0dp4c5,,Germany
Gioia Tauro,/m/06xfkh,,Italy
Girard,/m/0sc0h,,United States
Girard,/m/0t663,,United States
Girard,/m/0z29w,,United States
Giresun,/m/062_dk,,Turkey
Girga,/m/0b6k55,,Egypt
Giridava,/m/0gfg4ws,,Bulgaria
Girsu,/m/026nmc4,,Iraq
Girvan,/m/023r3r,,United Kingdom
Girón,/m/09gf500,,Ecuador
Gisborne,/m/01gbt2,,New Zealand
Gisenyi,/m/0620wg,,Rwanda
Gitanae,/m/0bxqg3,,Greece
Gitega,/m/039rb_,,Burundi
Giudicato of Cagliari,/m/02826ps,,Italy
Giudicato of Gallura,/m/02845r4,,Italy
Giudicato of Logudoro,/m/0gm9qw,,
Giugliano in Campania,/m/0drrnr,,Italy
Giurgiu,/m/024vqy,,Romania
Givatayim,/m/01tdny,,Israel
Givrag,/m/04jl6ls,,Azerbaijan
Giza,/m/012b0q,,Egypt
Giżycko,/m/022bc0,,Poland
Gjakova,/m/01ps77,,Kosovo
Gjilan,/m/01ps7m,,Kosovo
Gjirokastër,/m/01qv6v,,Albania
Gladbeck,/m/027wkg,,Germany
Gladbrook,/m/0t3k8,,United States
Glade,/m/0t9j5,,United States
Gladenbach,/m/0cxwhw,,Germany
Gladewater,/m/013mt6,,United States
Gladstone,/m/02l38j,,Australia
Gladstone,/m/0jc1p,,United States
Gladstone,/m/0v4vz,,United States
Gladstone,/m/0yrj4,,United States
Gladstone,/m/0wtsl,,United States
Gladwin,/m/0v60f,,United States
Gland,/m/02r3kp,,Switzerland
Glanum,/m/02xcfs,,France
Glarus,/m/023yp_,,Switzerland
Glarus Nord,/m/0g57ngs,,Switzerland
Glasco,/m/0t5z5,,United States
Glasgow,/m/0hyxv,,United Kingdom
Glasgow,/m/0x41z,,United States
Glasgow,/m/013gvn,,United States
Glasgow,/m/0tcmq,,United States
Glashütte,/m/02xm1d,,Germany
Glauberg,/m/0b3m5m,,Germany
Glauchau,/m/0b72mc,,Germany
Glen Alpine,/m/0ydv9,,United States
Glen Cove,/m/0y2dl,,United States
Glen Dale,/m/010xmb,,United States
Glen Elder,/m/0t8r_,,United States
Glen Rose,/m/0108ym,,United States
Glen Ullin,/m/0ypzd,,United States
Glenaire,/m/0wtsy,,United States
Glenarden,/m/0twp8,,United States
Glenburn,/m/0yqfw,,United States
Glencoe,/m/0q4b0,,United States
Glencoe,/m/0w6n3,,United States
Glencoe,/m/0tdnr,,United States
Glendale,/m/01168r,,United States
Glendale,/m/0k_q_,,United States
Glendale,/m/0zcl_,,United States
Glendale,/m/0qplq,,United States
Glendale,/m/0w_v8,,United States
Glendale,/m/0r8tx,,United States
Glendive,/m/0x1qp,,United States
Glendora,/m/0r0bg,,United States
Glenfield,/m/0yn_9,,United States
Glengarriff,/m/020p5p,,Ireland
Glenn Heights,/m/013mbm,,United States
Glenns Ferry,/m/0s1m9,,United States
Glennville,/m/0rz74,,United States
Gleno,/m/0bs60p,,Timor-Leste
Glenpool,/m/020qdgp,,United States
Glens Falls,/m/0ybkj,,United States
Glenview,/m/0tfkr,,United States
Glenview Hills,/m/0tfl2,,United States
Glenview Manor,/m/0tflf,,United States
Glenville,/m/0v_n2,,United States
Glenwood,/m/0qwbv,,United States
Glenwood,/m/0t1g4,,United States
Glenwood,/m/0wf8p,,United States
Glenwood,/m/0rz_r,,United States
Glenwood City,/m/011bb6,,United States
Glenwood Springs,/m/0rb3p,,United States
"Glew, Buenos Aires",/m/04gs9nj,,Argentina
Glidden,/m/0ssk5,,United States
Glina,/m/0ddbs8,,Croatia
Glinde,/m/07s9cz,,Germany
Glinojeck,/m/0284bl9,,Poland
Gliwice,/m/0jx1h,,Poland
Globe,/m/0qp47,,United States
Glodeni,/m/05mq9x,,Moldova
Glodeni,/m/05mq9x,,Soviet Union
Glodeni,/m/05mq9x,,Russian Empire
Glodeni,/m/05mq9x,,Kingdom of Romania
Glodeni,/m/05mq9x,,Moldavian Democratic Republic
Glodeni,/m/05mq9x,,Principality of Moldavia
Gloucester,/m/0hc8h,,United Kingdom
Gloucester,/m/0tz01,,United States
Gloucester City,/m/0xlrk,,United States
Gloversville,/m/0y00d,,United States
Gluckstadt,/m/04b3hq6,,United States
Glyfada,/m/02q868,,Greece
Glyndon,/m/0vxjw,,United States
Glücksburg,/m/01h9xj,,Germany
Glückstadt,/m/02h0q0,,Germany
Gmina Bolimów,/m/03h23kd,,Poland
Gmina Chorzele,/m/03h4dbn,,Poland
Gmina Człopa,/m/03hjlzh,,Poland
Gmina Dobrzyń nad Wisłą,/m/03h1ky3,,Poland
Gmina Dąbie,/m/03hhymr,,Poland
Gmina Dąbrowice,/m/03h2133,,Poland
Gmina Grabów,/m/03h21gt,,Poland
Gmina Grabów nad Prosną,/m/03hh_sg,,Poland
Gmina Góra Kalwaria,/m/03h4c6l,,Poland
Gmina Gąbin,/m/03h4ck8,,Poland
Gmina Inowłódz,/m/03h23sp,,Poland
Gmina Janowo,/m/03hhvfk,,Poland
Gmina Przewóz,/m/03h20r_,,Poland
Gmina Wierzchlas,/m/03h245k,,Poland
Gmünd,/m/02853g8,,Austria
Gnatia,/m/08z074,,Italy
Gniew,/m/0c4t4k,,Poland
Gniew,/m/0c4t4k,,Kingdom of Poland
Gniewkowo,/m/027z04c,,Poland
Gniezno,/m/0ggk5,,Poland
Gnoien,/m/0fd0ql,,Germany
Goba,/m/05rvts,,Ethiopia
Gobabis,/m/03sns_,,Namibia
Gobannium,/m/04n09gh,,United Kingdom
Gobeessa,/m/03m4w8q,,Ethiopia
Gobernador Virasoro,/m/08f81n,,Argentina
Gobir,/m/083vwc,,
Gobles,/m/0vr57,,United States
Gobustan,/m/04gmvpv,,Azerbaijan
Goch,/m/06vycv,,Germany
Godavarikhani,/m/045r3d,,India
Goddard,/m/0tbmg,,United States
Gode,/m/02w4bfm,,Ethiopia
Godewaersvelde,/m/03m4m0m,,France
Godhra,/m/03fb5n,,India
Godley,/m/0104xj,,United States
Godoy Cruz,/m/0d9rf3,,Argentina
Godwin,/m/0yfw6,,United States
Goegnies-Chaussée,/m/0f68xk,,Belgium
Goessel,/m/0t8cz,,United States
Goff,/m/0t90z,,United States
Gogawan,/m/0wxx5jt,,India
Gognies-Chaussée,/m/0f692g,,France
Gogolin,/m/0ct5h2,,Poland
Gogolá,/m/0b7509p,,India
Gohad,/m/05mb4_,,India
Goioerê,/m/09rt9mw,,Brazil
Goiânia,/m/02dqrw,,Brazil
Gojra,/m/08yj25,,Pakistan
Gokak,/m/07q5l1,,India
Gola Gokarannath,/m/0f4xj_,,India
"Gola, Koprivnica-Križevci County",/m/026crt0,,Croatia
Golaghat,/m/09bgql,,India
Golan,/m/01s6h9,,Israel
Golconda,/m/0sfqt,,United States
Golczewo,/m/02875m8,,Poland
Gold Bar,/m/010tks,,United States
Gold Beach,/m/0zcgh,,United States
Gold Coast,/m/0g4g7,,Australia
Gold Hill,/m/0zdd_,,United States
Goldberg,/m/0fd0tj,,Germany
Golden,/m/0ggb4,,United States
Golden City,/m/0wskb,,United States
Golden Valley,/m/0w10z,,United States
Golden Valley,/m/0ypw_,,United States
Goldendale,/m/010s4b,,United States
Goldfield,/m/0t4vy,,United States
Goldkronach,/m/0fd0x9,,Germany
Goldsboro,/m/0ym3s,,United States
Goldsmith,/m/0100k1,,United States
Goldston,/m/0yf95,,United States
Goldthwaite,/m/0106kd,,United States
Golela,/m/05p1f84,,South Africa
Goleniów,/m/01zk8l,,Poland
Goleta,/m/0r5_k,,United States
Goli,/m/09v2j07,,Uganda
Goliad,/m/0101sw,,United States
Golina,/m/02889x7,,Poland
Golinda,/m/013mlc,,United States
Golmud,/m/07fk9k,,People's Republic of China
Golongoso,/m/04g21m9,,Central African Republic
Golovin,/m/0qgg0,,United States
Golub-Dobrzyń,/m/02xwrr,,Poland
Golva,/m/0yp0p,,United States
Golßen,/m/0fd0_f,,Germany
Goma,/m/04hkny,,Democratic Republic of the Congo
Gomel,/m/0159dz,,Belarus
Gommern,/m/0cyjr0,,Germany
Gomtu,/m/04dzz_3,,Bhutan
Gonaïves,/m/02dg0d,,Haiti
Gonbad-e Kavus,/m/08klw1,,Iran
Gonda,/m/07fkdd,,India
Gondal,/m/09tvb7,,India
Gondar,/m/03ynnw,,Ethiopia
Gondia,/m/095_fn,,India
Gonfienti,/m/0j3h1j3,,Italy
Gongguan Township,/m/02wxs80,,Taiwan
Gongju,/m/01ybbn,,South Korea
Goniądz,/m/0cs1zy,,Poland
Gonoessa,/m/05223zr,,Greece
Gonvick,/m/0vxxy,,United States
Gonzales,/m/0101t6,,United States
Gonzales,/m/0r1_3,,United States
Gonzales,/m/01_gtkv,,United States
González Catán,/m/06_wb9g,,Argentina
Good Hope,/m/0q6hz,,United States
Good Hope,/m/0rzs4,,United States
Good Thunder,/m/0vvd8,,United States
Goodell,/m/0s_15,,United States
Goodhue,/m/0v_y0,,United States
Gooding,/m/0s1th,,United States
Goodland,/m/0tbtg,,United States
Goodlettsville,/m/013ldf,,United States
Goodlow,/m/01072c,,United States
Goodman,/m/0wxqz,,United States
Goodnews Bay,/m/0qcwn,,United States
Goodrich,/m/0107s0,,United States
Goodrich,/m/0yrdc,,United States
Goodridge,/m/0wchg,,United States
Goodview,/m/0wnfr,,United States
Goodyear,/m/01z54vh,,United States
Goose Creek,/m/013kz9,,United States
Goose Creek,/m/0tfls,,United States
Goose Lake,/m/0stk8,,United States
Gorakhpur,/m/04bqvv,,India
Goranboy,/m/04gnsmr,,Azerbaijan
Gorbea,/m/0cm8cqb,,Chile
Gorcy,/m/03qdht6,,France
Gordon,/m/0x9sk,,United States
Gordon,/m/0107h2,,United States
Gordon,/m/0r_4m,,United States
Goree,/m/01058b,,United States
Gorgan,/m/0ljk3,,Iran
Gorgobina,/m/02qnqbc,,France
Gorham,/m/0tbcx,,United States
Gori,/m/0276pj,,Georgia
Goricë e Madhe,/m/04142cl,,Albania
Gorizia,/m/01rm37,,Italy
Goričan,/m/0270tzr,,Croatia
Gorlice,/m/01bksd,,Poland
Gorman,/m/07hld4,,United States
Gornja Radgona,/m/08nbrb,,Slovenia
Gornji Petrovci,/m/0bnhjb,,Slovenia
Gornji Vakuf-Uskoplje,/m/083w7y,,Bosnia and Herzegovina
Goroka,/m/0551v9,,Papua New Guinea
Gorontalo,/m/0gc8dg,,Indonesia
Goroumo,/m/055smvc,,Central African Republic
Gorzyczki,/m/02vwtl4,,Poland
Gorzów Wielkopolski,/m/01rck1,,Poland
Gorzów Śląski,/m/02pkmxt,,Poland
Goré,/m/0b6mpq0,,Chad
Gosford,/m/03f6x,,Australia
Goshen,/m/0thlb,,United States
Goshen,/m/03czh,,United States
Goslar,/m/014q_6,,Germany
Gosnell,/m/0qvtl,,United States
Gospić,/m/03q9q6,,Croatia
Gossas,/m/03hkc25,,Senegal
Gossau,/m/08f8dv,,Switzerland
Gostynin,/m/02293t,,Poland
Gostyń,/m/022my5,,Poland
Goszczyn,/m/04zx_44,,Poland
Gotha,/m/035bpp,,Germany
Gothenburg,/m/0x63w,,United States
Gothenburg,/m/0343_,,Sweden
Goudiry,/m/05f89yy,,Senegal
Goulburn,/m/02lmbt,,Australia
Gould,/m/0qvb0,,United States
Goulmima,/m/05zt7n8,,Morocco
Gourcy,/m/0b63s5,,Burkina Faso
Gourock,/m/023r42,,United Kingdom
Gouvy,/m/017wq8,,Belgium
Gouyave,/m/027xhrv,,Grenada
Gove City,/m/0t6y8,,United States
Governador Valadares,/m/05kfp2,,Brazil
Govindgarh,/m/026dglg,,India
Gower,/m/013gr4,,United States
Gowrie,/m/0t4cf,,United States
Goya,/m/08dq5l,,Argentina
Goya,/m/08dszm,,Argentina
Goyang,/m/03v6l5,,South Korea
Goychay,/m/03d1q8p,,Azerbaijan
Goygol,/m/0421q_h,,Azerbaijan
Goz Beïda,/m/0gw1p1,,Chad
Gozdnica,/m/02pjyk6,,Poland
Gołańcz,/m/0288krk,,Poland
Gołdap,/m/02pc_t,,Poland
Gościno,/m/05pbbv0,,Poland
Gqeberha,/m/06f0y3,,South Africa
Grabom,/m/0nbv650,,Albania
Grabow,/m/0fd1f1,,Germany
Grabów nad Prosną,/m/0288ktm,,Poland
Grace,/m/0s1f3,,United States
Grace City,/m/0yn_n,,United States
Graceville,/m/0vv5d,,United States
Graceville,/m/0rltg,,United States
Gracias,/m/04y6d_,,Honduras
Gradinje,/m/0by1168,,Serbia
Gradiška,/m/05tm0s,,Bosnia and Herzegovina
Grady,/m/0qvbc,,United States
Graea,/m/0642x2r,,Greece
Graettinger,/m/0t24j,,United States
Graf,/m/0sz45,,United States
Grafenau,/m/0fd1hv,,Germany
Grafenwöhr,/m/03ws4h,,Germany
Grafing,/m/0dwfb_,,Germany
Graford,/m/0107hf,,United States
Grafton,/m/01n2mp,,Australia
Grafton,/m/0s8r_,,United States
Grafton,/m/0t4rg,,United States
Grafton,/m/0yr_6,,United States
Graham,/m/0ycwg,,United States
Graham,/m/0wylp,,United States
Graham,/m/010cds,,United States
Graham,/m/0rsxz,,United States
Grain Valley,/m/0ww95,,United States
Grainfield,/m/0t6ym,,United States
Grajewo,/m/022m_j,,Poland
Grambling,/m/0tlc9,,United States
Gramsh,/m/0gcqf6,,Albania
Granada,/m/0w6d6,,United States
Granada,/m/01n_7b,,Nicaragua
Granadero Baigorria,/m/07tmkf,,Argentina
Granbury,/m/01041f,,United States
Granby,/m/0wycn,,United States
Grand Baie,/m/056y_kl,,Mauritius
Grand Blanc,/m/0v5sv,,United States
Grand Bourg,/m/05f9n18,,Argentina
Grand Coulee,/m/010qm2,,United States
Grand Forks,/m/07yx2p,,Canada
Grand Forks,/m/0yp21,,United States
Grand Haven,/m/0vn9y,,United States
Grand Island,/m/0x71_,,United States
Grand Junction,/m/0rb_n,,United States
Grand Junction,/m/0szpt,,United States
Grand Junction,/m/013lg9,,United States
Grand Ledge,/m/013d_s,,United States
Grand Marais,/m/0vy3g,,United States
Grand Meadow,/m/0w7yc,,United States
Grand Mound,/m/0stkm,,United States
Grand Prairie,/m/013mbz,,United States
Grand Rapids,/m/0v9qg,,United States
Grand Rapids,/m/0w2fm,,United States
Grand River,/m/0sv0g,,United States
Grand Rivers,/m/0tgtt,,United States
Grand Saline,/m/010bc4,,United States
Grand Terrace,/m/0r4hh,,United States
Grand Tower,/m/0s8hq,,United States
Grand View,/m/0s2gj,,United States
Grand-Bassam,/m/03yjlh,,Ivory Coast
Grand-Lahou,/m/056krr,,Ivory Coast
Grand-Reng,/m/0f697r,,Belgium
Grand-Santi,/m/0g5sdm,,France
Grand-Zattry,/m/05p6s2y,,Ivory Coast
Grande Prairie,/m/01wp8d,,Canada
Grandfather Village,/m/0yd31,,United States
Grandfield,/m/0zbg9,,United States
Grandin,/m/013j62,,United States
Grandin,/m/0wt8s,,United States
Grandview,/m/0t0vs,,United States
Grandview,/m/0ww9j,,United States
Grandview,/m/0104xw,,United States
Grandview,/m/010w1q,,United States
Grandview Heights,/m/0yww2,,United States
Grandview Plaza,/m/0t6x7,,United States
Grandville,/m/0v9r7,,United States
Graneros,/m/04yf29s,,Chile
Grange Hill,/m/09rsvbk,,Jamaica
Grangemouth,/m/024l25,,United Kingdom
Granger,/m/010c2t,,United States
Granger,/m/0stv7,,United States
Granger,/m/010w21,,United States
Grangeville,/m/0s1w7,,United States
Granite,/m/0zcw0,,United States
Granite City,/m/0sc9x,,United States
Granite Falls,/m/0ydzt,,United States
Granite Falls,/m/013fhh,,United States
Granite Falls,/m/010tl3,,United States
Granite Quarry,/m/0ykfz,,United States
Granite Shoals,/m/0_z24,,United States
Granjeno,/m/0103c6,,United States
Grannis,/m/0qwgp,,United States
Grano,/m/0yqg6,,United States
Gransee,/m/0fd2b9,,Germany
Grant,/m/0x8nb,,United States
Grant,/m/0vg29,,United States
Grant,/m/0wmm8,,United States
Grant,/m/0t1rs,,United States
Grantown-on-Spey,/m/023r4f,,United Kingdom
Grants,/m/0xtn9,,United States
Grants Pass,/m/0zdkh,,United States
Grantsboro,/m/043qsg3,,United States
Grantsville,/m/010ggc,,United States
Grantville,/m/0rvl9,,United States
Granville,/m/0t378,,United States
Granville,/m/0ypj8,,United States
Granville,/m/072wgb,,France
Grapeland,/m/010459,,United States
Grapevine,/m/013mcd,,United States
Grass Valley,/m/0r27g,,United States
Grass Valley,/m/0zfpb,,United States
Grasston,/m/0w35r,,United States
Gratz,/m/0thnd,,United States
Gravataí,/m/08dx51,,Brazil
Gravette,/m/0qrp8,,United States
Gravisca,/m/0d99q4,,Italy
Gravity,/m/0t3p1,,United States
Gray,/m/0srlk,,United States
Gray,/m/0rxml,,United States
Grayling,/m/0qj45,,United States
Grayling,/m/0v4p3,,United States
Graymoor-Devondale,/m/0tfm3,,United States
Grayson,/m/0tdb9,,United States
Grayson,/m/0rwy6,,United States
Graysville,/m/01z2xqd,,United States
Grayville,/m/0s6pt,,United States
Graz,/m/0d1yn,,Austria
Gražiškiai,/m/0fp_bnj,,Lithuania
Great Bend,/m/0yqlf,,United States
Great Bend,/m/0t570,,United States
Great Falls,/m/0x1jc,,United States
Great Zimbabwe,/m/0184_j,,Zimbabwe
Greater Buenos Aires,/m/03387k,,Argentina
Greater Cochin,/m/0g9zgq6,,India
Greater Manaus,/m/09k7fd7,,Brazil
Greater Mexico City,/m/05ddtg,,Mexico
Greater Noida,/m/0cw9q2,,India
Greater Perth,/m/0ddhmmw,,Australia
Greater Rio de Janeiro,/m/03h3syr,,Brazil
Greater Sudbury,/m/01x42h,,Canada
Grebenau,/m/0drj4b,,Germany
Grebenstein,/m/0fd2cq,,Germany
Greding,/m/0fd2fl,,Germany
Greeley,/m/0rczx,,United States
Greeley,/m/0sv4y,,United States
Greeley,/m/0t4_r,,United States
Green,/m/0z22l,,United States
Green,/m/0t5wf,,United States
Green Bay,/m/01fscv,,United States
Green City,/m/0x0m0,,United States
Green Cove Springs,/m/0rk1g,,United States
Green Forest,/m/0qs12,,United States
Green Isle,/m/0whvd,,United States
Green Lake,/m/01ml27,,United States
Green Level,/m/0ycwt,,United States
Green Park,/m/0w_vz,,United States
Green Ridge,/m/0wz03,,United States
Green River,/m/013ncn,,United States
Green River,/m/011gm_,,United States
Green Spring,/m/0tfmg,,United States
Greenacres,/m/01zzf6_,,United States
Greenback,/m/0_vt6,,United States
Greenbelt,/m/0twq_,,United States
Greenbrier,/m/0_wl7,,United States
Greenbrier,/m/0qt19,,United States
Greenbush,/m/0wh2n,,United States
Greencastle,/m/0spnk,,United States
Greencastle,/m/0x0mc,,United States
Greendale,/m/0w_w9,,United States
Greendale,/m/0skty,,United States
Greene,/m/0ss9z,,United States
Greenevers,/m/0yg36,,United States
Greenfield,/m/01169f,,United States
Greenfield,/m/0slzs,,United States
Greenfield,/m/0s7g_,,United States
Greenfield,/m/0wv4m,,United States
Greenfield,/m/0_x9_,,United States
Greenfield,/m/0sr8x,,United States
Greenfield,/m/0w124,,United States
Greenfield,/m/0r1_h,,United States
Greenfield,/m/01m7t4,,United States
Greenhorn,/m/013kh1,,United States
Greenland,/m/0qxj2,,United States
Greenleaf,/m/01_5rw6,,United States
Greenleaf,/m/0tc8z,,United States
Greenock,/m/01z9j2,,United Kingdom
Greensboro,/m/0kcw2,,United States
Greensboro,/m/0q7k0,,United States
Greensboro,/m/0rwv1,,United States
Greensburg,/m/0_g_6,,United States
Greensburg,/m/0tdsk,,United States
Greensburg,/m/0skw_,,United States
Greensburg,/m/0t7yf,,United States
Greentop,/m/013gnd,,United States
Greenup,/m/0tdtm,,United States
Greenville,/m/0yjvm,,United States
Greenville,/m/0pqk_,,United States
Greenville,/m/0_lr1,,United States
Greenville,/m/0s30h,,United States
Greenville,/m/0212h3n,,United States
Greenville,/m/0yvyn,,United States
Greenville,/m/0st68,,United States
Greenville,/m/0thdv,,United States
Greenville,/m/0x0_1,,United States
Greenville,/m/0ws0h,,United States
Greenville,/m/0vfb5,,United States
Greenville,/m/0ry3f,,United States
Greenwald,/m/0wk6l,,United States
Greenwood,/m/01104q,,United States
Greenwood,/m/0crb5q,,Canada
Greenwood,/m/0_lwz,,United States
Greenwood,/m/0qx27,,United States
Greenwood,/m/0w138,,United States
Greenwood,/m/0xgpv,,United States
Greenwood,/m/0smr_,,United States
Greenwood,/m/0ww9w,,United States
Greenwood Village,/m/0r8v7,,United States
Greer,/m/013l25,,United States
Greers Ferry,/m/0qsb1,,United States
Gregorio de Laferrere,/m/0b6m226,,Argentina
Gregory,/m/0108k0,,United States
Gregory,/m/0_qk0,,United States
Greifswald,/m/0ykhp,,Germany
Greiz,/m/04ypjh,,Germany
Grenaa,/m/05xfh7,,Denmark
Grenada,/m/0wq0s,,United States
Grenchen,/m/0cfj8b,,Switzerland
Grenoble,/m/0df_c,,France
Grenola,/m/0t6l1,,United States
Grenora,/m/0ys9b,,United States
Grenville,/m/027zr63,,Grenada
Gresham,/m/0zfk6,,United States
Gretna,/m/01_gtnj,,United States
Gretna,/m/0x9bf,,United States
Gretna,/m/0rkqk,,United States
Greußen,/m/0fd2gn,,Germany
Greven,/m/08yp46,,Germany
Grevenbroich,/m/0bkqll,,Germany
Grevenmacher,/m/07np8r,,Luxembourg
Grevesmühlen,/m/0d1pwb,,Germany
Grey Eagle,/m/0wlff,,United States
Grey Forest,/m/0_y51,,United States
Gridley,/m/0t5_k,,United States
Gridley,/m/0qy6z,,United States
Griesheim,/m/05qj06,,Germany
Griffin,/m/0rz0h,,United States
Griffith,/m/0497ls,,Australia
Grifton,/m/013j2_,,United States
Griggsville,/m/0sfk_,,United States
Grigoriopol,/m/05y3rp,,Moldova
Grigoriopol,/m/05y3rp,,Transnistria
Grimes,/m/0stvl,,United States
Grimesland,/m/0yjvz,,United States
Grimma,/m/07x4xb,,Germany
Grimmen,/m/0dy9k6,,Germany
Grindavík,/m/033d38,,Iceland
Grinnell,/m/0t6yz,,United States
Grinnell,/m/0t2pc,,United States
Griswold,/m/0ssnz,,United States
Grobiņa,/m/07qrmj,,Latvia
Grodków,/m/07r26h,,Poland
Grodzisk Mazowiecki,/m/022b1w,,Poland
Grodzisk Wielkopolski,/m/02xxy1,,Poland
Groesbeck,/m/0105r7,,United States
Groitzsch,/m/0fd2nk,,Germany
Gronau,/m/0bfj3p,,Germany
Gronau (Leine),/m/0c740g,,Germany
Groningen,/m/0d8s8,,Netherlands
Grootfontein,/m/03snwv,,Namibia
Grossbreitenbach,/m/0fd33x,,Germany
Grosse Pointe,/m/0vrq8,,United States
Grosse Pointe Farms,/m/0vrqz,,United States
Grosse Pointe Park,/m/0vrr9,,United States
Grosse Pointe Shores,/m/013f37,,United States
Grosse Pointe Woods,/m/0vrrn,,United States
Grosuplje,/m/052d8m,,Slovenia
Groton,/m/0_pb1,,United States
Grove,/m/0z5k1,,United States
Grove City,/m/0ywwf,,United States
Grove City,/m/0w6_3,,United States
Groveland,/m/0rl_d,,United States
Groveport,/m/0ywws,,United States
Grover,/m/0yffr,,United States
Grover Beach,/m/0r5jt,,United States
Groves,/m/0104n5,,United States
Groveton,/m/010b1t,,United States
Grovetown,/m/0rvh5,,United States
Grozny,/m/011l4t,,Russia
Groß-Bieberau,/m/0fd30q,,Germany
Groß-Gerau,/m/04ypjx,,Germany
Groß-Umstadt,/m/044rsx,,Germany
Großalmerode,/m/0fd2yl,,Germany
Großbottwar,/m/0fd32h,,Germany
Großbreitenbach,/m/0fd33x,,Germany
Großenhain,/m/06vzj0,,Germany
Großgmain,/m/03chy3q,,Austria
Großräschen,/m/01j84b,,Germany
Großröhrsdorf,/m/0fd37t,,Germany
Großschirma,/m/0fd3d9,,Germany
Großschönau,/m/02vw_3l,,Germany
Grubbs,/m/0qtwk,,United States
Grubišno Polje,/m/02612qm,,Croatia
Grudziądz,/m/0jxd5,,Poland
Grudziądz,/m/0jxd5,,Kingdom of Poland
Gruetli-Laager,/m/0_v1_,,United States
Grumentum,/m/053y25,,Italy
Grundy Center,/m/0szsk,,United States
Gruver,/m/0sz8b,,United States
Gruver,/m/01029z,,United States
Grybów,/m/026d8mx,,Poland
Gryfice,/m/01zk8_,,Poland
Gryfino,/m/01zk86,,Poland
Gryfów Śląski,/m/08xl8g,,Poland
Grygla,/m/0w5x1,,United States
Gryneion,/m/0gg7f5w,,Turkey
Grzechotki,/m/05mzs8w,,Poland
Gräfenberg,/m/0fd1mb,,Germany
Gräfenhainichen,/m/0d4bgq,,Germany
Gräfenthal,/m/0fd27w,,Germany
Grójec,/m/067g6t,,Poland
Gröditz,/m/0fd2lt,,Germany
Gröningen,/m/03x7_m,,Germany
Grünberg,/m/04bsm0,,Germany
Grünhain-Beierfeld,/m/0fd3n8,,Germany
Grünsfeld,/m/0fd3qc,,Germany
Grünstadt,/m/0bqfvj,,Germany
Guabito,/m/03qnqr9,,Panama
Guacara,/m/047rjsc,,Venezuela
Guadalajara,/m/0jp26,GDL,Mexico
Guadalupe,/m/05lnkc,,Mexico
Guadalupe,/m/0pcv6hy,,Peru
Guadalupe,/m/0r5__,,United States
"Guadalupe, Baja California",/m/06w9fj,,Mexico
Guajará-Mirim,/m/0b7g4p,,Brazil
Gualdicciolo,/m/0fq1ypy,,San Marino
Gualeguay,/m/07x52_,,Argentina
Gualeguaychú,/m/07x565,,Argentina
Guanajay,/m/07ykhq,,Cuba
Guanajuato,/m/018nb8,,Mexico
Guanare,/m/07fm8g,,Venezuela
Guang'an,/m/0bf30s,,People's Republic of China
Guangfu Township,/m/05zps99,,Taiwan
Guangyuan,/m/07jnf4,,People's Republic of China
Guangzhou,/m/0393g,,People's Republic of China
Guangzhou Higher Education Mega Center,/m/0566p5d,,People's Republic of China
Guanshan Township,/m/02rx2y4,,Taiwan
Guantánamo,/m/01qh2d,,Cuba
Guanxi Township,/m/02r_3_4,,Taiwan
Guaraciaba,/m/04lj6yh,,Brazil
Guaranda,/m/06bmnm,,Ecuador
Guarapari,/m/02yn32,,Brazil
Guarapuava,/m/07xzyq,,Brazil
Guaratinguetá,/m/04077z,,Brazil
Guarenas,/m/0c6hsk,,Venezuela
Guarujá,/m/02rft4,,Brazil
Guarulhos,/m/0407d7,,Brazil
Guasdualito,/m/071str,,Venezuela
Guasipati,/m/076yy_y,,Venezuela
Guastatoya,/m/036pfm,,Guatemala
Guatemala City,/m/0346h,,Guatemala
Guatire,/m/0fy798,,Venezuela
Guayaquil,/m/01fknt,,Ecuador
Guayaramerín,/m/02895cv,,Bolivia
Guaíra,/m/040hb1,,Brazil
Guba,/m/04glsdp,,Azerbaijan
Gubadly,/m/04gg8sn,,Azerbaijan
Guben,/m/03454s,,Germany
Gubin,/m/03456_,,Poland
Gudensberg,/m/0dmly6,,Germany
Guelile,/m/0hq_j09,,Djibouti
Guelmim,/m/07fn0y,,Morocco
Guelph,/m/018dcy,,Canada
Guercif,/m/09rt_4g,,Morocco
Guernica,/m/03m67fw,,Argentina
Guernsey,/m/0t2pq,,United States
Guerstling,/m/03qdy1v,,France
Guider,/m/043mj1j,,Cameroon
Guigang,/m/0br63h,,People's Republic of China
Guiglo,/m/07fn6y,,Ivory Coast
Guihulngan,/m/05mhmb,,Philippines
Guilin,/m/01s9zp,,People's Republic of China
Guin,/m/0q94v,,United States
Guinguinéo,/m/03hkbtl,,Senegal
Guiping,/m/080krm8,,People's Republic of China
Guisa,/m/03cbh34,,Cuba
Guittena,/m/0bwm1q6,,Algeria
Guiyang,/m/01zxg8,,People's Republic of China
Gujar Khan,/m/082crn,,Pakistan
Gujranwala,/m/023lzj,,Pakistan
Gujrat,/m/020nqw,,Pakistan
Gukeng Township,/m/03tbsl,,Taiwan
Gulariya,/m/03wcj61,,Nepal
Gulbene,/m/01dn67,,Latvia
Gulf Breeze,/m/0rrpy,,United States
Gulf Shores,/m/0pgsv,,United States
Gulfport,/m/0wq3z,,United States
Gulfport,/m/0rq_p,,United States
"Gulistan, Balochistan",/m/0118wrpd,,Pakistan
Guliston,/m/02phnrn,,Uzbekistan
Gully,/m/0wdrg,,United States
Gulpashan,/m/0gf6t3,,Iran
Gulu City,/m/079z6d,,Uganda
Gumare,/m/09cw_k,,Botswana
Gumbranch,/m/0rxtf,,United States
Gumi,/m/03v98j,,South Korea
Gumla,/m/05kf7x,,India
Gummersbach,/m/055jmx,,Germany
Gun Barrel City,/m/0212knj,,United States
Guna,/m/07nm9b,,India
Gundelfingen an der Donau,/m/05lcxk,,Germany
Gundelsheim,/m/0fd3w9,,Germany
Gundeshapur,/m/03grx0,,Iran
Gungnae,/m/0g3yyk,,People's Republic of China
Gunja,/m/08r49h,,Croatia
Gunnison,/m/010g2x,,United States
Gunnison,/m/0rb8k,,United States
Gunpo,/m/03v6lz,,South Korea
Gunsan,/m/01w6gz,,South Korea
Gunter,/m/0101xp,,United States
Guntersville,/m/0q978,,United States
Guntown,/m/0wqv4,,United States
Guntur,/m/09gyqt,,India
Gunung Tua,/m/05213dh,,Indonesia
Gunungsitoli,/m/05pcf7,,Indonesia
Gunzenhausen,/m/0dn7x1,,Germany
Guosing Township,/m/07k7w5w,,Taiwan
Gura Humorului,/m/02tkfr,,Romania
Gura Humorului,/m/02tkfr,,Austria–Hungary
Gura Humorului,/m/02tkfr,,Austrian Empire
Gura Humorului,/m/02tkfr,,Habsburg monarchy
Gura Humorului,/m/02tkfr,,Principality of Moldavia
Gurdaspur,/m/073nfv,,India
Gurdon,/m/0qs46,,United States
Gurgaon,/m/03fymg,,India
Guri,/m/03v6md,,South Korea
Guriceel,/m/0gyx5cd,,Somalia
Gurjaani,/m/03c4k8q,,Georgia
Guryevsk,/m/026ksn3,,Russia
Gurúè,/m/04syrk,,Mozambique
Gusau,/m/077nsn,,Nigeria
Gusinje,/m/094kgj,,Montenegro
Gussignies,/m/03qfjqg,,France
Gustavus,/m/0qh31,,United States
Gustine,/m/0r1t3,,United States
Guthrie,/m/0z7bp,,United States
Guthrie,/m/0tj1h,,United States
Guthrie Center,/m/0szw9,,United States
Guttenberg,/m/0stbr,,United States
Guwahati,/m/03fxfy,,India
Guy,/m/0qt1n,,United States
Guymon,/m/0zbcj,,United States
Guyton,/m/0rw5b,,United States
Guyuan,/m/0h5sb4,,People's Republic of China
Guáimaro,/m/0c2tx4,,Cuba
Gué-d'Hossus,/m/03m8dmc,,France
Guéckédougou,/m/09dywk,,Guinea
Guédiawaye,/m/0ggy6l,,Senegal
"Guérin-Kouka, Dankpen",/m/027bv93,,Togo
Gwacheon,/m/03v6mt,,South Korea
Gwadar,/m/02d41m,,Pakistan
Gwalior,/m/0196_h,,India
Gwanda,/m/077l7c,,Zimbabwe
Gwanggyo New Town,/m/0nbd7ym,,South Korea
Gwangju,/m/03s71p,,South Korea
Gwangju,/m/01vsj4,,South Korea
Gwangmyeong,/m/03v6n6,,South Korea
Gwangyang,/m/022ztn,,South Korea
Gweru,/m/03716t,,Zimbabwe
Gwinner,/m/0yrb5,,United States
Gyeongju,/m/02716j,,South Korea
Gyeongsan,/m/03v97t,,South Korea
Gyeryong,/m/04sfms,,South Korea
Gynaecopolis,/m/0nb34jx,,Egypt
Gyomaendrőd,/m/0b7rf7,,Hungary
Gypsum,/m/0tbgn,,United States
Gyueshevo,/m/02qtyh0,,Bulgaria
Gyula,/m/053rm1,,Hungary
Gyumri,/m/058b5j,,Armenia
Gyzylarbat,/m/0c_v33,,Turkmenistan
Gyál,/m/02rd076,,Hungary
Gyömrő,/m/02rd0gs,,Hungary
Gyöngyös,/m/060233,,Hungary
Gyönk,/m/0g59k1p,,Hungary
Győr,/m/03k3fk,,Hungary
Gárdony,/m/0dhkq9,,Hungary
Gómez Palacio,/m/01gn5_,,Mexico
Góra,/m/030_ps,,Poland
Góra Kalwaria,/m/038hkk,,Poland
Górowo Iławeckie,/m/02895s7,,Poland
Górzno,/m/02plxg3,,Poland
Göd,/m/042812,,Hungary
Gödöllő,/m/01c0wb,,Hungary
Gölcük,/m/0bj7qr,,Turkey
Gönc,/m/05njtm,,Hungary
Göppingen,/m/01759x,,Germany
Göreme,/m/058fd8,,Turkey
Görlitz,/m/01bdwr,,Germany
Göttingen,/m/0bj40,,Germany
Göytəpə,/m/04gjl2v,,Azerbaijan
Gößnitz,/m/0fd19k,,Germany
Güglingen,/m/0fd3sg,,Germany
Güigüe,/m/04fz_zg,,Venezuela
Güines,/m/0dn34k,,Cuba
Güira de Melena,/m/0g8pd1,,Cuba
Gümüşhane,/m/07pk19,,Turkey
Günzburg,/m/04rf46,,Germany
Gürbulak,/m/0fwj7m,,Turkey
Güsten,/m/0cwydr,,Germany
Güstrow,/m/010rdb,,Germany
Gütersloh,/m/04qgxp,,Germany
Gützkow,/m/0fd40h,,Germany
Güzelyurt,/m/0bj85l,,Turkey
Găești,/m/05hlw7,,Romania
Gătaia,/m/02rc47g,,Romania
Gąbin,/m/052h_n,,Poland
"Gębice, Kuyavian-Pomeranian Voivodeship",/m/04f67d_,,Poland
Głogów,/m/01vn4w,,Poland
Głogów Małopolski,/m/027wrmq,,Poland
Głogówek,/m/0kw713,,Poland
Głowno,/m/0cwbyq,,Poland
Głubczyce,/m/07_nw6,,Poland
Głuchołazy,/m/0cwbl3,,Poland
Głuszyca,/m/02plthx,,Poland
G‘uzor,/m/0g1w_k,,Uzbekistan
Ha'il,/m/07g1tg,,Saudi Arabia
Haan,/m/03z0nc,,Germany
Haapsalu,/m/021cp8,,Estonia
Haar,/m/0dn078,,Germany
Haarlem,/m/0h095,,Netherlands
Habikino,/m/01wnb2,,Japan
Habra,/m/08sfv2,,India
Hachenburg,/m/0bznly,,Germany
Hachinohe,/m/01wfjz,,Japan
Hachiōji-shi,/m/01wrg7,,Japan
Hacienda Heights,/m/0v2cq,,United States
Hackensack,/m/010cw1,,United States
Hackensack,/m/0vwkw,,United States
Hackett,/m/0qx2l,,United States
Hadamar,/m/0dvkfy,,Germany
Hadano,/m/029z99,,Japan
Hadath,/m/0ds5v0r,,Turkey
Haddam,/m/0tc99,,United States
Haddington,/m/05qtwk,,United Kingdom
Hadejia,/m/07fvhv,,Nigeria
Hadera,/m/01vtbf,,Israel
Hadiach,/m/0g3dr3,,Ukraine
Hadley,/m/0w89d,,United States
Hadrianopolis,/m/05qbbn2,,Turkey
Hadrianopolis,/m/05qbbn2,,Thrace
Hadrianopolis in Paphlagonia,/m/0z8m56k,,Turkey
Hadrumetum,/m/04y5sr,,Tunisia
Hadrumetum,/m/04y5sr,,Ancient Carthage
Hadzhidimovo,/m/02rb1k6,,Bulgaria
Haedo,/m/02rh7cd,,Argentina
Haeju,/m/04j508,,North Korea
Hafar Al-Batin,/m/03ccg3h,,Saudi Arabia
Hafizabad,/m/03gqcm5,,Pakistan
Hafnarfjörður,/m/028_ww,,Iceland
Hafun,/m/04wg4r,,Somalia
Hagan,/m/0rwbv,,United States
Hagen,/m/018fpt,,Germany
Hagen,/m/03qdy4y,,France
Hagenbach,/m/0br64x,,Germany
Hagenow,/m/08lfnz,,Germany
Hagere Mariam,/m/03d11q0,,Ethiopia
Hagerman,/m/0s1tv,,United States
Hagerstown,/m/0txhf,,United States
Hague,/m/0ynyl,,United States
Hahira,/m/0rxx5,,United States
Haidong,/m/0d0d4d,,People's Republic of China
Haiduan Township,/m/047m7mj,,Taiwan
Haifa,/m/0fg1g,,Israel
Haiger,/m/0dkzn0,,Germany
Haigerloch,/m/0b1vq7,,Germany
Haikou,/m/02fwq0,,People's Republic of China
Hailey,/m/0s0__,,United States
Haileyville,/m/020qfn1,,United States
Haines,/m/01z1tvh,,United States
Haines,/m/0zbys,,United States
Haines City,/m/0rrd6,,United States
Hainichen,/m/07zbtp,,Germany
Haiphong,/m/02mbtq,,Vietnam
Hairatan,/m/05q42x0,,Afghanistan
Haisyn,/m/0gt1w2,,Ukraine
Haiterbach,/m/0fdgg1,,Germany
Haivoron,/m/0gtqk4,,Ukraine
Hajdúböszörmény,/m/05csrm,,Hungary
Hajdúdorog,/m/026mq40,,Hungary
Hajdúhadház,/m/026n1br,,Hungary
Hajdúnánás,/m/026mq7g,,Hungary
Hajdúszoboszló,/m/09vmmm,,Hungary
Hajdúsámson,/m/026n1f4,,Hungary
Hajigabul,/m/04gs195,,Azerbaijan
Hajipur,/m/05pnry,,India
Hajnówka,/m/022lw7,,Poland
Hajós,/m/0c_f88,,Hungary
Hakha,/m/06bscf,,Myanmar
Hakkâri,/m/0hgn0vy,,Turkey
Hakodate,/m/01d0xr,,Japan
Hakusan,/m/0720jb,,Japan
Hala,/m/0bn7r5,,Pakistan
Halaba Kulito,/m/03cz8ql,,Ethiopia
Halabiye,/m/03h3fkg,,Syria
Halabiye,/m/03h3fkg,,Roman Empire
Halabiye,/m/03h3fkg,,Byzantine Empire
Halabiye,/m/03h3fkg,,Palmyrene Empire
Halabja,/m/01v803,,Iraq
Halaesa,/m/07ycyp,,Italy
Halah,/m/09v2vm,,Assyrian Empire
Halaç,/m/06401_v,,Turkmenistan
Halberstadt,/m/02sc3m,,Germany
Halbur,/m/0sskj,,United States
Haldensleben,/m/06kx1p,,Germany
Haldia,/m/06409_,,India
Haldwani,/m/05pkv8,,India
Hale,/m/0wt7d,,United States
Hale Center,/m/010260,,United States
Halen,/m/017nly,,Belgium
Haleyville,/m/0q95j,,United States
Half Moon Bay,/m/0r5sj,,United States
Halfway,/m/0zbz3,,United States
Halhul,/m/02vpzy8,,Palestine
Halicarnassus,/m/012ww_,,Turkey
Halifax,/m/0ygsn,,United States
Halin,/m/0gmgymq,,Myanmar
Halinów,/m/02877y5,,Poland
Halisahar,/m/07fvzv,,India
Halki,/m/0773m_,,Greece
Hall in Tirol,/m/09s5yn,,Austria
Hallandale Beach,/m/0rj2y,,United States
Hallau,/m/0fvsnx,,Switzerland
Halle,/m/016jfg,,Belgium
Halle,/m/050r90,,Germany
Halle (Saale),/m/019fv4,,Germany
Halle-Neustadt,/m/0h_bn1d,,Germany
Halle-Neustadt,/m/0h_bn1d,,German Democratic Republic
Hallenberg,/m/0bh5xx,,Germany
Hallettsville,/m/0105hm,,United States
Halliday,/m/0ynww,,United States
Hallock,/m/0w3tb,,United States
Hallowell,/m/01_lv68,,United States
Hallsburg,/m/01069d,,United States
Hallstadt,/m/0fdghg,,Germany
Hallsville,/m/0102st,,United States
Hallsville,/m/0wstl,,United States
Halluin,/m/07qft9,,France
Halma,/m/0w3v0,,United States
Halmstad,/m/03ztw8,,Sweden
Halsey,/m/0zdzm,,United States
Halstad,/m/0w924,,United States
Halstead,/m/0t78n,,United States
Haltern am See,/m/0bkn0k,,Germany
Haltom City,/m/0109c3,,United States
Halver,/m/03p20d,,Germany
Halych,/m/02dq_9,,Ukraine
Halyciae,/m/055kxy,,Italy
Halásztelek,/m/03m6mzd,,Hungary
Ham Lake,/m/01_yjzz,,United States
Hama,/m/02kmjv,,Syria
Hamad Town,/m/04qndr,,Bahrain
Hamadan,/m/01vjkr,,Iran
Hamamatsu,/m/01wlbr,,Japan
Hamar,/m/03rgg,,Norway
Hamaxitus,/m/0g9_b70,,Turkey
Hambantota,/m/0778vz,,Sri Lanka
Hamberg,/m/0ys78,,United States
Hamburg,/m/03hrz,,Germany
Hamburg,/m/0qrd5,,United States
Hamburg,/m/0szm1,,United States
Hamburg,/m/0vw75,,United States
Hamelin,/m/013zdv,,Germany
Hamer,/m/0s1y9,,United States
Hamhung,/m/03p_5h,,North Korea
Hami,/m/0673g_,,People's Republic of China
Hamilton,/m/0363wz,,Bermuda
Hamilton,/m/0lw_s,,New Zealand
Hamilton,/m/03pzf,,Canada
Hamilton,/m/045trp,,Australia
Hamilton,/m/0p8bz,,United Kingdom
Hamilton,/m/0yhpm,,United States
Hamilton,/m/0q95w,,United States
Hamilton,/m/0x3hh,,United States
Hamilton,/m/0s7w0,,United States
Hamilton,/m/010298,,United States
Hamilton,/m/0wszd,,United States
Hamilton,/m/0yt73,,United States
Hamilton,/m/0rx5h,,United States
Hamilton,/m/0t16g,,United States
Hamilton,/m/0t73v,,United States
Hamilton,/m/0yq6n,,United States
Hamlet,/m/0yk0y,,United States
Hamlin,/m/013mm1,,United States
Hamlin,/m/0t5ch,,United States
Hamm,/m/018frs,,Germany
Hammelburg,/m/08dxmw,,Germany
Hammerfest,/m/0qfpz3y,,Norway
Hamminkeln,/m/0bn6z_,,Germany
Hammond,/m/0sn4f,,United States
Hammond,/m/01_gtsx,,United States
Hammond,/m/0wlyl,,United States
Hamont-Achel,/m/017nwk,,Belgium
Hampden,/m/0yqcg,,United States
Hampton,/m/0mnsf,,United States
Hampton,/m/0qrzb,,United States
Hampton,/m/0rx9m,,United States
Hampton,/m/0vz00,,United States
Hampton,/m/0rhjn,,United States
Hampton,/m/0szj_,,United States
Hampton,/m/0_l_1,,United States
Hamtramck,/m/0vrr_,,United States
Hanahan,/m/0_ktm,,United States
Hanam,/m/03v6nn,,South Korea
Hanamakonda,/m/07q69r,,India
Hanau,/m/028_0l,,Germany
Hanceville,/m/0q6j9,,United States
Hancock,/m/0hf4x,,United States
Hancock,/m/0wkwk,,United States
Hancock,/m/0t2kl,,United States
Hancock,/m/0xhcz,,United States
Handa,/m/01wlq5,,Japan
Handan,/m/04xtcd,,People's Republic of China
Handwara,/m/0f4ykv,,India
Hanford,/m/0q_mj,,United States
Hanga Roa,/m/021mhk,,Chile
Hangzhou,/m/014vm4,,People's Republic of China
Hani i Hotit,/m/0nc7dty,,Albania
Hankinson,/m/0yqls,,United States
Hankou,/m/04t7jq,,Qing dynasty
Hankou,/m/04t7jq,,Wang Jingwei regime
Hankou,/m/04t7jq,,Reformed Government of the Republic of China
Hankou,/m/04t7jq,,Republic of China
Hanley Falls,/m/0wp2g,,United States
Hanlontown,/m/0t4rt,,United States
Hann. Münden,/m/0bj77,,Germany
Hannaford,/m/0yp6z,,United States
Hannah,/m/0ynnm,,United States
Hannibal,/m/013h3h,,United States
Hannut,/m/017wgc,,Belgium
Hanoi,/m/0fnff,,Vietnam
Hanover,/m/03pbf,,Germany
Hanover,/m/013fqh,,United States
Hanover,/m/0tc9n,,United States
Hansboro,/m/0yrsn,,United States
Hansell,/m/0szkb,,United States
Hansen,/m/0s2q2,,United States
Hanseongbu,/m/0nbfm18,,Joseon
Hanseongbu,/m/0nbfm18,,Korean Empire
Hanska,/m/0vvq8,,United States
Hanson,/m/0tf5q,,United States
Hanston,/m/0t7c2,,United States
Hanumangarh,/m/06gq_0,,India
Hanzhong,/m/045sjc,,People's Republic of China
Haparanda,/m/02p3gfc,,Sweden
Hapeville,/m/0rwm3,,United States
Happy Valley,/m/0zc2m,,United States
Harahan,/m/01_gtwg,,United States
Haramaya,/m/02z163c,,Ethiopia
Haran,/m/0g53dkx,,Turkey
Harar,/m/02l3rx,,Ethiopia
Harardhere,/m/027jbtq,,Somalia
Harare,/m/0fngf,,Zimbabwe
Harasta,/m/02qfg2p,,Syria
Harbidum,/m/04gj47_,,Iraq
Harbin,/m/0123gq,,People's Republic of China
Harbor Beach,/m/0v7kc,,United States
Harbor Springs,/m/0v5d_,,United States
Harbour Island,/m/07wqb6,,The Bahamas
Harbour Island,/m/0qzjvzn,,The Bahamas
Harburg (Schwaben),/m/04w90y,,Germany
Harcourt,/m/0t4cs,,United States
Hardeeville,/m/0_m5b,,United States
Hardegsen,/m/0c86z3,,Germany
Hardin,/m/0wzq5,,United States
Hardin,/m/0105p5,,United States
Hardin,/m/0x17f,,United States
Hardin,/m/0th0f,,United States
Harding,/m/0w7hz,,United States
Hardinsburg,/m/0tcx3,,United States
Hardoi,/m/04mm2d,,India
Hardtner,/m/0t536,,United States
Hardwick,/m/0wgws,,United States
Hardy,/m/0qx6c,,United States
Hardy,/m/0s_hm,,United States
Harelbeke,/m/01455f,,Belgium
Harem,/m/02qhxtk,,Syria
Haren,/m/0bv519,,Germany
Hargeisa,/m/03jl3g,,Somaliland
Hargnies,/m/03m8ds5,,France
Haridwar,/m/01q6rb,,India
Hariharalaya,/m/03h5gq1,,Cambodia
Haripur,/m/056m9l,,Pakistan
Harish,/m/04gvy75,,Israel
Harker Heights,/m/0212mjv,,United States
Harkány,/m/0djplt,,Hungary
Harlan,/m/0t33v,,United States
Harlan,/m/0td_4,,United States
Harlem,/m/0x1b5,,United States
Harlem,/m/0rvhj,,United States
Harlingen,/m/0dm7g,,United States
Harlowton,/m/0x43b,,United States
Harmony,/m/0yh8j,,United States
Harmony,/m/0v_6z,,United States
Harper,/m/0t083,,United States
Harper,/m/0t77m,,United States
Harper Woods,/m/0xcjp,,United States
Harpers Ferry,/m/0srcn,,United States
Harpina,/m/0411p4m,,Greece
Harrah,/m/0z8jw,,United States
Harrells,/m/013hwt,,United States
Harrellsville,/m/0yh4r,,United States
Harriman,/m/013lqm,,United States
Harrington,/m/0rggf,,United States
Harrington,/m/010sc_,,United States
Harris,/m/0x0mq,,United States
Harris,/m/0t1zb,,United States
Harris,/m/0vx7l,,United States
Harrisburg,/m/0fvzz,,United States
Harrisburg,/m/0zdzz,,United States
Harrisburg,/m/0ydy2,,United States
Harrisburg,/m/0qwcw,,United States
Harrisburg,/m/0sg8d,,United States
Harrisburg,/m/0_r6j,,United States
Harrison,/m/0yxvq,,United States
Harrison,/m/0qrw5,,United States
Harrison,/m/0v48l,,United States
Harrison,/m/0s21s,,United States
Harrisonburg,/m/0mnrq,,United States
Harrisonville,/m/0wtd6,,United States
Harrisville,/m/010h83,,United States
Harrisville,/m/0v0hd,,United States
Harrodsburg,/m/0th8q,,United States
Harrogate,/m/066qym,,United States
Harsewinkel,/m/0bfpt6,,Germany
Harstad,/m/0j46cgf,,Norway
Hart,/m/01_rhq6,,United States
Hart,/m/0_zxf,,United States
Hart Sheik,/m/03d02tg,,Ethiopia
Hartenstein,/m/0fdgqd,,Germany
Hartford,/m/0f1sm,,United States
Hartford,/m/011t_9,,United States
Hartford,/m/0qx2y,,United States
Hartford,/m/0q7f5,,United States
Hartford,/m/0thjm,,United States
Hartford,/m/0t3_c,,United States
Hartford,/m/0_rnz,,United States
Hartford,/m/0vr5y,,United States
Hartford,/m/0t89j,,United States
Hartford City,/m/0sk56,,United States
Hartha,/m/0fdgsv,,Germany
Hartington,/m/0x58_,,United States
Hartland,/m/0v_nf,,United States
Hartley,/m/0t1x8,,United States
Hartman,/m/0qv0r,,United States
Hartselle,/m/0qb9n,,United States
Hartshorne,/m/0z9b4,,United States
Hartsville,/m/0_x2s,,United States
Hartsville,/m/0_lbn,,United States
Hartville,/m/0x14b,,United States
Hartwell,/m/0rx7k,,United States
Hartwick,/m/0t2q1,,United States
Harvard,/m/0sd0m,,United States
Harvard,/m/0x5nr,,United States
Harvey,/m/0ys7m,,United States
Harvey,/m/0s4z0,,United States
Harvey,/m/0t16t,,United States
Harveyville,/m/0tc6k,,United States
Harwood,/m/0ynh3,,United States
Harzgerode,/m/0454mc,,Germany
Hasan Abdal,/m/0cmx8y,,Pakistan
Haselünne,/m/0bv53r,,Germany
Hashtpar,/m/09g6yh0,,Iran
Hasilpur,/m/092hh7,,Pakistan
Hasimara,/m/0cc1dz,,India
Haskell,/m/0qwy1,,United States
Haskell,/m/0102wq,,United States
Haskovo,/m/028qjc,,Bulgaria
Haslach im Kinzigtal,/m/036npf,,Germany
Haslet,/m/013mgy,,United States
Hassa,/m/0bfgv4,,Turkey
Hassan,/m/07d0lh,,India
Hassell,/m/0yhpz,,United States
Hasselt,/m/017411,,Belgium
Hastinapur,/m/04c_gv,,India
Hastings,/m/01741v,,New Zealand
Hastings,/m/013fl8,,United States
Hastings,/m/0x47x,,United States
Hastings,/m/0t1gh,,United States
Hastings,/m/0v1qm,,United States
Hat Yai,/m/02ft4x,,Thailand
Hatfield,/m/0wd8p,,United States
Hathras,/m/06yb4t,,India
Hatra,/m/01cgqw,,Iraq
Hatsukaichi,/m/01wp80,,Japan
Hatta,/m/02qy41b,,United Arab Emirates
Hattem,/m/0vk3z,,Netherlands
Hattersheim am Main,/m/0brpbs,,Germany
Hattiesburg,/m/0yx74,,United States
Hattingen,/m/0454h1,,Germany
Hatton,/m/0yrwf,,United States
Hatvan,/m/0b812s,,Hungary
Hatzfeld,/m/07d8x0,,Germany
Hausach,/m/0fdh48,,Germany
Hauser,/m/0s223,,United States
Hauset,/m/0ch5kgn,,Belgium
Haute-Kontz,/m/03qdyf5,,France
Hauzenberg,/m/0dthg2,,Germany
Havana,/m/0d6hn,,Cuba
Havana,/m/0qxw3,,United States
Havana,/m/0sct0,,United States
Havana,/m/0t8w2,,United States
Havana,/m/0yrbj,,United States
Havelberg,/m/06k9zx,,Germany
Havelock,/m/0yfrn,,United States
Havelock,/m/0t2b0,,United States
Havelsee,/m/0fdh5p,,Germany
Haven,/m/0t9w8,,United States
Havensville,/m/0t9m8,,United States
Haverhill,/m/0tz14,,United States
Haverhill,/m/0t1bl,,United States
Haviland,/m/0t7ys,,United States
Havlíčkův Brod,/m/05m_sr,,Czech Republic
Havran,/m/0bfh1d,,Turkey
Havre,/m/0x246,,United States
Havre de Grace,/m/0tvvp,,United States
Havířov,/m/06sslg,,Czech Republic
Haw River,/m/0ycx4,,United States
Hawaasa,/m/06kx91,,Ethiopia
Hawaiian Gardens,/m/0r0bw,,United States
Hawarden,/m/0t37m,,United States
Hawesville,/m/0tdwp,,United States
Hawick,/m/03mrq,,United Kingdom
Hawk Cove,/m/0104bh,,United States
Hawk Point,/m/0wxby,,United States
Hawkeye,/m/0szbs,,United States
Hawkins,/m/010cc1,,United States
Hawkinsville,/m/0rysk,,United States
Hawley,/m/0104zm,,United States
Hawley,/m/0vxl7,,United States
Hawthorne,/m/0r0c8,,United States
Hawthorne,/m/0rh86,,United States
Hay Springs,/m/0x9sx,,United States
Hayden,/m/0s22g,,United States
Hayden Lake,/m/01_5sbv,,United States
Hayes,/m/09rwydx,,Jamaica
Hayesville,/m/0yfcp,,United States
Hayesville,/m/0t08g,,United States
Hayfield,/m/0vz9_,,United States
Hayingen,/m/0fdh6d,,Germany
Haynes,/m/0ymr8,,United States
Hayq,/m/06ry5t,,Ethiopia
Hays,/m/0t6ms,,United States
Hays,/m/0102z3,,United States
Haysville,/m/0tbmt,,United States
Hayti,/m/0wyvz,,United States
Hayti Heights,/m/0wyw9,,United States
Hayward,/m/0qxzd,,United States
Hayward,/m/01mn7h,,United States
Hayward,/m/0v_p3,,United States
Hazard,/m/0thqt,,United States
Hazaribagh,/m/05kdvt,,India
Hazel,/m/0td1m,,United States
Hazel Park,/m/0vgcn,,United States
Hazel Run,/m/0wp2t,,United States
Hazelton,/m/0t53k,,United States
Hazelton,/m/0s1_q,,United States
Hazelton,/m/0ynyy,,United States
Hazelwood,/m/0w_wn,,United States
Hazen,/m/0ypxb,,United States
Hazen,/m/0qwmk,,United States
Hazlehurst,/m/0wpwm,,United States
Hazlehurst,/m/0rxj4,,United States
Hazleton,/m/0_41f,,United States
Hazleton,/m/0ss21,,United States
Hazorasp,/m/05mskng,,Uzbekistan
Haßfurt,/m/0dq1jb,,Germany
Hațeg,/m/06zrf8,,Romania
Hdatta,/m/0n5wkn1,,Iraq
Headland,/m/0q7ls,,United States
Healdsburg,/m/0r75n,,United States
Healdton,/m/0z4m9,,United States
Hearne,/m/01084_,,United States
Heath,/m/0212s2g,,United States
Heath,/m/0yzmk,,United States
Heavener,/m/0z70x,,United States
Hebbal,/m/06h4rb,,India
Hebenu,/m/02qlt5x,,Egypt
Heber City,/m/010g_f,,United States
Heber Springs,/m/0qsbd,,United States
Hebi,/m/06n2py,,People's Republic of China
Hebron,/m/09lvk,,Palestine
Hebron,/m/0ypzr,,United States
Hebron,/m/0xb0t,,United States
Hebron Estates,/m/0tcyh,,United States
Hecatompylos,/m/07fc6h,,Iran
Hechi,/m/0bq161,,People's Republic of China
Hechingen,/m/05bd0z,,Germany
Hecklingen,/m/0cwgcc,,Germany
Hecla,/m/0_pbd,,United States
Hector,/m/0wgg0,,United States
Hedeby,/m/03nv9,,Germany
Hedley,/m/0100dy,,United States
Hedrick,/m/0t08t,,United States
Hedwig Village,/m/0102kk,,United States
Heerenveen,/m/0pbhj,,Netherlands
Hefei,/m/012c8s,,People's Republic of China
Heflin,/m/0q5_v,,United States
Hegang,/m/05_mz1,,People's Republic of China
Hegyeshalom,/m/0fkm0y,,Hungary
Heheng,/m/07rgh6,,People's Republic of China
Heho,/m/0bpjn_,,Myanmar
Heian-kyō,/m/02qd75f,,Q132869361
Heide,/m/0mzl6,,Germany
Heideck,/m/0fdl9t,,Germany
Heidelberg,/m/0cm5m,,Germany
Heidelberg,/m/0w4sn,,United States
Heidenau,/m/0dn5t8,,Germany
Heidenheim an der Brenz,/m/04tk27,,Germany
Heidetrank Oppidum,/m/0ngttp6,,Germany
Heihe,/m/04syx_,,People's Republic of China
Heijō-kyō,/m/02pxv0s,,Q132869361
Heilbad Heiligenstadt,/m/03_cgm,,Germany
Heilbronn,/m/01sl8w,,Germany
Heiligenhafen,/m/0cn5kn,,Germany
Heiligenhaus,/m/03z0js,,Germany
Heilsbronn,/m/07_2jw,,Germany
Heimbach,/m/0bflkg,,Germany
Heimsheim,/m/0fdlg1,,Germany
Heinsberg,/m/04rf5b,,Germany
Heitersheim,/m/08p9wr,,Germany
Hekatompedon,/m/07s6y_1,,Greece
Hel,/m/02mx6l,,Poland
Helao Nafidi,/m/0g53m0f,,Namibia
Heldrungen,/m/0fdljh,,Germany
Helen,/m/0r_0f,,United States
Helena,/m/0fvxg,,United States
Helena,/m/0q825,,United States
Helena-West Helena,/m/09kzdc,,United States
Helenopolis,/m/03h49v7,,Turkey
Helensburgh,/m/01_432,,United Kingdom
Helike,/m/03_y8j,,Greece
Helikranon,/m/07s772n,,Greece
Heliopolis,/m/0p0pp,,Egypt
Helisson,/m/04q0rm7,,Greece
Helix,/m/0zfyp,,United States
Hellenopolis,/m/07k5rp6,,Turkey
Hellissandur,/m/02615py,,Iceland
Helmbrechts,/m/0b_y1d,,Germany
Helmond,/m/0pvtn,,Netherlands
Helmstedt,/m/033npq,,Germany
Helorus,/m/02r50dp,,Italy
Helotes,/m/0_y5d,,United States
Helper,/m/010dm1,,United States
Helsingborg,/m/03zv3n,,Sweden
Helsingør,/m/02kxm,,Denmark
Helsinki,/m/03khn,,Finland
Helvecia,/m/0bh154,,Argentina
Helwan,/m/07kq0n,,Egypt
Hemau,/m/05bdvb,,Germany
Hemby Bridge,/m/0yl76,,United States
Hemei Township,/m/050blt,,Taiwan
Hemer,/m/018w3h,,Germany
Hemet,/m/0r3lt,,United States
Hemmingen,/m/0cmgsn,,Germany
Hemmoor,/m/0c4qv2,,Germany
Hemphill,/m/0108c9,,United States
Hempstead,/m/010bgm,,United States
Hemsbach,/m/0dthqh,,Germany
Henagar,/m/0q6ws,,United States
Hendaye,/m/02_dcj,,France
Henderson,/m/0yld3,,United States
Henderson,/m/0xc9x,,United States
Henderson,/m/0108b8,,United States
Henderson,/m/0tf2m,,United States
Henderson,/m/0xc1t,,United States
Henderson,/m/0t1gv,,United States
Henderson,/m/0_t71,,United States
Henderson,/m/0whw2,,United States
Hendersonville,/m/0yh1z,,United States
Hendersonville,/m/0_wz9,,United States
Hendricks,/m/0w506,,United States
Hendrum,/m/0w935,,United States
Hengchun Township,/m/08k8kx,,Taiwan
Hengelo,/m/0vhfd,,Netherlands
Hengshan Township,/m/07kg8ly,,Taiwan
Hengshui,/m/05qzt_,,People's Republic of China
Hengyang,/m/04m_1c,,People's Republic of China
Hengyang,/m/04m_1c,,Qing dynasty
Henichesk,/m/0dqf7_,,Ukraine
Hennef,/m/0bkrdy,,Germany
Hennigsdorf,/m/0cht2v,,Germany
Hennigsdorf,/m/0cht2v,,German Democratic Republic
Henning,/m/0wb8h,,United States
Henrietta,/m/0wzqj,,United States
Henrietta,/m/0__30,,United States
Henriette,/m/0wcwh,,United States
Henry,/m/0scnk,,United States
Henryetta,/m/0z8qd,,United States
Hepburn,/m/0t21s,,United States
Hephaistia,/m/0119bz2h,,Greece
Hephzibah,/m/0_fql,,United States
Hepler,/m/0t66g,,United States
Heppenheim,/m/03jxff,,Germany
Heppner,/m/0zfgs,,United States
Heraclea Cybistra,/m/03nmx9s,,Turkey
Heraclea Lucania,/m/0gn97m,,Italy
Heraclea Minoa,/m/0277vqp,,Italy
Heraclea Pontica,/m/013_kf,,Turkey
Heraclea Sintica,/m/03nmx9f,,Bulgaria
Heraclea in Trachis,/m/0f4tqh,,Greece
Heracleion,/m/02rrpqt,,Egypt
Heraia,/m/0dx21k,,Greece
Heraion,/m/07s645c,,Turkey
Herakleia,/m/080mng0,,Greece
Herakleion,/m/03m4_xl,,Greece
Herakleopolis Magna,/m/05849c,,Egypt
Heraklion,/m/0g87b,,Greece
Herat,/m/03ntv,,Afghanistan
Herbolzheim,/m/0fdp0x,,Germany
Herborn,/m/01753b,,Germany
Herbrechtingen,/m/0dq5sm,,Germany
Herbstein,/m/0dsmg5,,Germany
Herceg Novi,/m/0567cj,,Montenegro
Hercegszántó,/m/0dm97h,,Hungary
Herculaneum,/m/03ppd,,Italy
Herculaneum,/m/0wwq7,,United States
Herculea,/m/0285r9w,,
Hercules,/m/0qyqq,,United States
Herdecke,/m/04c7zy,,Germany
Herdorf,/m/0bnvdl,,Germany
Heredia,/m/02rccyb,,Costa Rica
Hereford,/m/0d2lt,,United Kingdom
Hereford,/m/0__z1,,United States
Herend,/m/06d7w2,,Hungary
Herentals,/m/014ln8,,Belgium
Herford,/m/01905m,,Germany
Hergnies,/m/03qfh6z,,France
Heringen,/m/0fdp40,,Germany
Heringen,/m/07ljnp,,Germany
Herington,/m/013cwb,,United States
Herisau,/m/01v5zn,,Switzerland
Heritage Creek,/m/0tfwc,,United States
Herk-de-Stad,/m/017nmq,,Belgium
Herman,/m/0xdcq,,United States
Hermann,/m/0wvm3,,United States
Hermantown,/m/0wjjk,,United States
Hermeskeil,/m/076l39,,Germany
Hermiston,/m/0zfz0,,United States
Hermitage,/m/0_5nv,,United States
Hermitage,/m/0wv_w,,United States
Hermitage,/m/0qryn,,United States
Hermonthis,/m/07rlvr,,Egypt
Hermosa Beach,/m/0r0cp,,United States
Hermosillo,/m/012thc,,Mexico
Hermsdorf,/m/07z8qw,,Germany
Hernando,/m/0wpyb,,United States
Herndon,/m/0t9ss,,United States
Herne,/m/018hns,,Germany
Herning,/m/05253l3,,Denmark
Heroica Nogales,/m/01kkr1,,Mexico
Heron Lake,/m/0w2yg,,United States
Herreid,/m/0_phl,,United States
Herrenberg,/m/07bw0n,,Germany
Herrieden,/m/0fdpc_,,Germany
Herriman,/m/010fq1,,United States
Herrin,/m/0sjl0,,United States
Herrnhut,/m/04ffk5,,Germany
Hersbruck,/m/05ffym,,Germany
Herstal,/m/017vtl,,Belgium
Herten,/m/0bkn5s,,Germany
Hertford,/m/0yjrw,,United States
Hertsa,/m/073g52,,Ukraine
Herval,/m/02w43_v,,Brazil
Herve,/m/017w20,,Belgium
Hervey Bay,/m/02vz45,,Australia
Herzberg (Elster),/m/07_0_j,,Germany
Herzberg am Harz,/m/07_0wd,,Germany
Herzliya,/m/01tl2q,,Israel
Herzogenaurach,/m/0540z0,,Germany
Herzogenrath,/m/058wfy,,Germany
Heshbon,/m/0329v4,,Jordan
Hesperia,/m/0r4hw,,United States
Hessisch Lichtenau,/m/0dps8g,,Germany
Hessisch Oldendorf,/m/0c71w1,,Germany
Hesston,/m/0t78_,,United States
Hestrud,/m/03qfjx9,,France
Hetauda,/m/0gygtq,,Nepal
Hettingen,/m/0fdpj4,,Germany
Hettinger,/m/0ymrm,,United States
Hettstedt,/m/07_15j,,Germany
Heubach,/m/0dzlq3,,Germany
Heuneburg,/m/02_snm,,Germany
Heusenstamm,/m/076scb,,Germany
Heves,/m/06cd0w,,Hungary
Hewitt,/m/01069r,,United States
Hewitt,/m/0wlgg,,United States
Heyburn,/m/01_5ss4,,United States
Heydarabad,/m/051zj5b,,Azerbaijan
Heyuan,/m/06nfn4,,People's Republic of China
Heze,/m/05_8b7,,People's Republic of China
Hezhou,/m/0bq_rw,,People's Republic of China
Hialeah,/m/0rngn,,United States
Hialeah Gardens,/m/0rnh2,,United States
Hiawatha,/m/0t5cv,,United States
Hiawatha,/m/0t0q9,,United States
Hibbing,/m/0wjjx,,United States
Hibera,/m/05mv78_,,Spain
Hibiscus Coast,/m/09xklq,,New Zealand
Hickman,/m/0tdnd,,United States
Hickman,/m/0x7zz,,United States
Hickory,/m/013hr8,,United States
Hickory Hill,/m/0tfmt,,United States
Hickory Hills,/m/0s4_1,,United States
Hickory Ridge,/m/0qsvd,,United States
Hico,/m/01029m,,United States
Hidalgo,/m/0103d7,,United States
Hidden Hills,/m/0r0d2,,United States
Hideaway,/m/0fp4bs,,United States
Hieracon,/m/0dfcl5,,Egypt
Hierges,/m/02636c2,,France
Hieria,/m/0116v_t4,,Turkey
Hierocæsarea,/m/0fz5lp,,Turkey
Higashihiroshima,/m/01wp7m,,Japan
Higashikurume,/m/01wrqm,,Japan
Higashimurayama,/m/01wrmb,,Japan
Higashiōmi-shi,/m/055v0z,,Japan
Higashiōsaka-shi,/m/01wncm,,Japan
Higbee,/m/0wzms,,United States
Higgins,/m/0105tn,,United States
Higginson,/m/0qxnk,,United States
Higginsville,/m/0xhmp,,United States
High Hill,/m/0wy1_,,United States
High Point,/m/013hvr,,United States
High Shoals,/m/0yggp,,United States
High Springs,/m/0rh8l,,United States
Highgate,/m/09rs6kc,,Jamaica
Highland,/m/0qx6q,,United States
Highland,/m/021b3d7,,United States
Highland,/m/0r4j7,,United States
Highland,/m/0t6ds,,United States
Highland,/m/0scc8,,United States
Highland Haven,/m/0_z2h,,United States
Highland Heights,/m/0td52,,United States
Highland Heights,/m/0yvhw,,United States
Highland Park,/m/0s9z_,,United States
Highland Park,/m/0vrsb,,United States
Highland Village,/m/0212w30,,United States
Highlands,/m/013j1z,,United States
Highlandville,/m/0wtms,,United States
Highmore,/m/0_qwv,,United States
Highwood,/m/0s9_b,,United States
Higuerote,/m/02rqftg,,Venezuela
Higüey,/m/05dj3j,,Dominican Republic
Hihya,/m/0gy1lq5,,Egypt
Hijuelas,/m/0cp0mjd,,Chile
Hikone,/m/01wmb1,,Japan
Hilchenbach,/m/0bly1z,,Germany
Hildale,/m/021b3f5,,United States
Hildburghausen,/m/04ypmg,,Germany
Hildebran,/m/0ydvn,,United States
Hilden,/m/03_4mb,,Germany
Hildesheim,/m/013_gg,,Germany
Hill City,/m/0vs9w,,United States
Hill City,/m/0_rv1,,United States
Hill City,/m/0t6_b,,United States
Hill Country Village,/m/0_y5r,,United States
Hillah,/m/02m3nb,,Iraq
Hillerød,/m/05252lm,,Denmark
Hillesheim,/m/07jh67,,Germany
Hilliard,/m/020m8cp,,United States
Hillman,/m/0w7j9,,United States
Hills,/m/0wgx3,,United States
Hills,/m/0t00v,,United States
Hills and Dales,/m/0tfnh,,United States
Hillsboro,/m/0zgfm,,United States
Hillsboro,/m/0yyp_,,United States
Hillsboro,/m/01mnnr,,United States
Hillsboro,/m/0sds0,,United States
Hillsboro,/m/0yrws,,United States
Hillsboro,/m/0wwqy,,United States
Hillsboro,/m/0103xl,,United States
Hillsboro,/m/0s_9s,,United States
Hillsboro,/m/0t8d9,,United States
Hillsborough,/m/02ph8bj,,Grenada
Hillsborough,/m/0yjl8,,United States
Hillsdale,/m/0v6_f,,United States
Hilltop,/m/0vss_,,United States
Hillview,/m/0tcyv,,United States
Hilpoltstein,/m/0dsq4d,,Germany
Hilsa,/m/0zrsq6t,,Nepal
Hilshire Village,/m/0102l7,,United States
Himeji,/m/01wng7,,Japan
Himera,/m/03q8hk,,Italy
Hinckley,/m/0wcwv,,United States
Hindaun,/m/07tvht,,India
Hindeloopen,/m/03nvfl,,Netherlands
Hindman,/m/0tglh,,United States
Hines,/m/0zd1b,,United States
Hinesville,/m/0rxts,,United States
Hino,/m/01wrly,,Japan
Hinterschellenberg,/m/03wd5t6,,Liechtenstein
Hintersee,/m/03bzrqc,,Germany
Hinton,/m/010ywb,,United States
Hinton,/m/0t26y,,United States
Hinwil,/m/0gtv15,,Switzerland
Hippana,/m/02qg58q,,Italy
Hippo Regius,/m/0ll85,,Algeria
Hippos,/m/02wcfh,,Israel
Hirakata,/m/01wn4s,,Japan
Hiram,/m/0rylc,,United States
Hiratsuka,/m/01wjfq,,Japan
Hirnyk,/m/0gtr16,,Ukraine
Hirosaki,/m/01wfjj,,Japan
Hiroshima,/m/0g3cw,,Japan
Hirschau,/m/04ff6_,,Germany
Hirschberg,/m/0fdpqh,,Germany
Hirschhorn,/m/0dqn8p,,Germany
Hirske,/m/0gts06,,Ukraine
Hirson,/m/07z0jq,,France
Hisar,/m/03qch1r,,Tajikistan
Hisar,/m/03xylw,,India
Hisar Urban Agglomeration,/m/0k0w5vl,,India
Hispellum,/m/054255,,Italy
History of the Free and Hanseatic City of Lübeck,/m/0h6rdy,,Germany
Histria,/m/0g74l3,,Romania
Hitachi,/m/0gp5wv,,Japan
Hitachinaka,/m/01wh09,,Japan
Hitchcock,/m/0101p1,,United States
Hitterdal,/m/0vxly,,United States
Hitzacker,/m/07y3rt,,Germany
Hjørring,/m/05253kc,,Denmark
Hlatikulu,/m/03c6r6,,Eswatini
Hlinsko,/m/04s6j2,,Czech Republic
Hlobyne,/m/0gt2jg,,Ukraine
Hlotse,/m/029w20,,Lesotho
Hlukhiv,/m/04xkrk,,Ukraine
Hlučín,/m/04qkkt,,Czech Republic
Hlyniany,/m/0gt4h6,,Ukraine
Hnivan,/m/0gt1zw,,Ukraine
Ho,/m/033nz5,,Ghana
Ho Chi Minh City,/m/0hn4h,,Vietnam
Hoa Lư Ancient Capital,/m/0bwjb9r,,Vietnam
Hobart,/m/03kjh,,Australia
Hobart,/m/0sn54,,United States
Hobart,/m/0z6xf,,United States
Hobbs,/m/0xv83,,United States
Hobgood,/m/0ygs_,,United States
Hoboken,/m/0xn7b,,United States
Hoboken,/m/0rt9f,,United States
Hobro,/m/012jwm,,Denmark
Hobson,/m/0x2jt,,United States
Hochheim am Main,/m/07z91s,,Germany
Hockenheim,/m/04x2r6,,Germany
Hod HaSharon,/m/01vtb1,,Israel
Hodal,/m/0ddflr,,India
Hodgenville,/m/0tgmk,,United States
Hodonín,/m/07fv77,,Czech Republic
Hoeryong,/m/091fwy,,North Korea
Hof,/m/030qhb,,Germany
Hoffman,/m/0yk18,,United States
Hoffman,/m/0w08f,,United States
Hofgeismar,/m/0dn5yl,,Germany
Hofheim am Taunus,/m/01xl66,,Germany
Hofheim in Unterfranken,/m/05lf2k,,Germany
Hogansville,/m/0rzjy,,United States
Hohen Neuendorf,/m/0dlncg,,Germany
Hohenberg an der Eger,/m/0fdqmz,,Germany
Hohenleuben,/m/0fdqr2,,Germany
Hohenmölsen,/m/0d4tyy,,Germany
Hohenstein-Ernstthal,/m/07z39k,,Germany
Hohentengen am Hochrhein,/m/02q03_h,,Germany
Hohenwald,/m/0_vsj,,United States
Hohenwutzen,/m/0f6bkj,,Germany
Hohhot,/m/01mvtw,,People's Republic of China
Hohnstein,/m/0fdqw8,,Germany
Hoima,/m/09f9sz,,Uganda
Hoisington,/m/0t57c,,United States
Hokah,/m/0w1kd,,United States
Hokes Bluff,/m/0q74r,,United States
Hokksund,/m/05bncx,,Norway
Hola,/m/075kfp,,Kenya
Hola Prystan,/m/0gtqmx,,Ukraine
Holbrook,/m/0qq1t,,United States
Holbæk,/m/03f3dp,,Denmark
Holcomb,/m/0wvf6,,United States
Holcomb,/m/0t6qx,,United States
Holden,/m/0wwvq,,United States
Holden Beach,/m/0ydjg,,United States
Holdenville,/m/0z6fz,,United States
Holdingford,/m/0xfx3,,United States
Holdrege,/m/0x8qd,,United States
Holeta Genet,/m/03d0345,,Ethiopia
Holešov,/m/0dhgvg,,Czech Republic
Holguin,/m/04yhhh,,Cuba
Holice,/m/04x13w,,Czech Republic
Holladay,/m/010fqd,,United States
Holland,/m/0qt1_,,United States
Holland,/m/0szsx,,United States
Holland,/m/0wyw_,,United States
Holland,/m/013dxj,,United States
Holland,/m/0wd90,,United States
Hollandale,/m/0ws0v,,United States
Hollandale,/m/0v_pt,,United States
Hollenberg,/m/0tc9_,,United States
Hollerich-Bonnevoie,/m/02z19q5,,Luxembourg
Hollfeld,/m/0fdqzd,,Germany
Holliday,/m/0_xmq,,United States
Hollis,/m/0z68t,,United States
Hollister,/m/0zbgn,,United States
Hollister,/m/0r495,,United States
Hollister,/m/0s2qf,,United States
Hollister,/m/0x0pf,,United States
Hollow Creek,/m/0tfnv,,United States
Holloway,/m/0wl4v,,United States
Holly Grove,/m/0qvz1,,United States
Holly Hill,/m/0rsm_,,United States
Holly Ridge,/m/0yjh5,,United States
Holly Springs,/m/0ylth,,United States
Holly Springs,/m/0rv07,,United States
Holly Springs,/m/0wr1f,,United States
Hollyvilla,/m/0tfp5,,United States
Hollywood,/m/0rj4g,,United States
Holmes Beach,/m/0rmxt,,United States
Holon,/m/01hqlp,,Israel
Holon,/m/01hqlp,,Mandatory Palestine
Holstebro,/m/05252v3,,Denmark
Holstein,/m/0s_md,,United States
Holt,/m/013gxg,,United States
Holt,/m/0w5xd,,United States
Holton,/m/0t7dt,,United States
Holts Summit,/m/0xh3n,,United States
Holtun,/m/0279clq,,Guatemala
Holtville,/m/0qzr0,,United States
Holubivka,/m/0gttmc,,Ukraine
Holy Cross,/m/0qj4j,,United States
Holy Cross,/m/0sz4j,,United States
Holyoke,/m/0tzls,,United States
Holyoke,/m/0rcbz,,United States
Holyrood,/m/0t6p5,,United States
Holzgerlingen,/m/0c1yn6,,Germany
Holzminden,/m/04v4gj,,Germany
Homa Bay,/m/099zx4,,Kenya
Homberg (Efze),/m/05s0bm,,Germany
Homberg (Ohm),/m/0dswj4,,Germany
Homburg,/m/07l7cs,,Germany
Homedale,/m/0s2gw,,United States
Homeland,/m/0rtsn,,United States
Homer,/m/01z1v4_,,United States
Homerville,/m/0rv74,,United States
Homestead,/m/0rnhf,,United States
Homestown,/m/0wyxb,,United States
Hometown,/m/0s50s,,United States
Homewood,/m/0q831,,United States
Hominy,/m/0z8vj,,United States
Homolium,/m/03wfc4q,,Greece
Homs,/m/0k9qf,,Syria
Hon-Hergies,/m/03qfjz0,,France
Hondarribia,/m/03xg6k,,Spain
Hondo,/m/0106gn,,United States
Hondschoote,/m/091p19,,France
Honey Grove,/m/01010d,,United States
Honeyville,/m/010d5p,,United States
Hong Kong,/m/03h64,,People's Republic of China
Honiara,/m/0fq48,,Solomon Islands
Honnelles,/m/017ppq,,Belgium
Honningsvåg,/m/07fg2k,,Norway
Honolulu,/m/02hrh0_,,United States
Hont,/m/0264yqg,,Hungary
Hood River,/m/0zd3m,,United States
Hoogstraten,/m/014lpb,,Belgium
Hooker,/m/0zbd6,,United States
Hookerton,/m/0ygn5,,United States
Hooks,/m/0_yf_,,United States
Hoonah,/m/01z1w1w,,United States
Hooper,/m/021b689,,United States
Hooper,/m/0x69d,,United States
Hooper Bay,/m/0qhs8,,United States
Hoopeston,/m/0shlz,,United States
Hoople,/m/0yr_k,,United States
Hoover,/m/0q83f,,United States
Hope,/m/0j8d_,,United States
Hope,/m/0s13f,,United States
Hope,/m/0yrl8,,United States
Hope,/m/0t6c1,,United States
Hope Mills,/m/0yfwk,,United States
Hope Town,/m/0bkcnf,,The Bahamas
Hopewell,/m/0kbd7,,United States
Hopkins,/m/0wymc,,United States
Hopkins,/m/0w15k,,United States
Hopkinsville,/m/0tdd1,,United States
Hopkinton,/m/0sv58,,United States
Hoquiam,/m/010qw2,,United States
Horace,/m/0ynhg,,United States
Horace,/m/0t723,,United States
Horatio,/m/0qx5b,,United States
Horažďovice,/m/02prnzg,,Czech Republic
Horb am Neckar,/m/07g6tk,,Germany
Horezu,/m/023h1n,,Romania
Horgen,/m/03g0d9,,Switzerland
Horgoš,/m/09g103,,Serbia
Horicon,/m/01118z,,United States
Horishni Plavni,/m/0gt34h,,Ukraine
Horizon City,/m/0100pq,,United States
Horlivka,/m/065h7p,,Ukraine
Horn Lake,/m/0200hxk,,United States
Horn-Bad Meinberg,/m/03fgyd,,Germany
Hornbach,/m/0b_5c5,,Germany
Hornberg,/m/0fdr0y,,Germany
Hornell,/m/0y7qx,,United States
Hornersville,/m/0xhbw,,United States
Hornick,/m/0t4n0,,United States
Horodenka,/m/0c1qxt,,Ukraine
Horodnia,/m/0gtr49,,Ukraine
Horodok,/m/0gtq2w,,Ukraine
Horodok,/m/0gtqlj,,Ukraine
Horodyshche,/m/0dz30b,,Ukraine
Horokhiv,/m/0g5jhp,,Ukraine
Horse Cave,/m/0pr5r,,United States
Horsens,/m/03f3g9,,Denmark
Horseshoe Bay,/m/013lzj,,United States
Horseshoe Bend,/m/0s11c,,United States
Horseshoe Bend,/m/01z43p3,,United States
Horsham,/m/069lrk,,Australia
Horstmar,/m/01w28_,,Germany
Hortolândia,/m/040hdg,,Brazil
Horton,/m/0t5d5,,United States
Horw,/m/0fn6pc,,Switzerland
Horšovský Týn,/m/0g3pm1,,Czech Republic
Hosaena,/m/027xrpn,,Ethiopia
Hosapete,/m/076fkl,,India
Hoschton,/m/0rxfd,,United States
Hoshiarpur,/m/073z49,,India
Hosmer,/m/0_q7b,,United States
Hospers,/m/0t37_,,United States
Hot Springs,/m/0yhmx,,United States
Hot Springs,/m/0qt85,,United States
Hot Springs,/m/0_q8q,,United States
Houdain-lez-Bavay,/m/03qfj_r,,France
Houffalize,/m/017wqn,,Belgium
Houghton,/m/0f6d1,,United States
Houghton,/m/0t0kr,,United States
Houlong Township,/m/07k8vpc,,Taiwan
Houma,/m/0tmzt,,United States
Houplines,/m/03h2bn_,,France
Houston,/m/01z1w3s,,United States
Houston,/m/03l2n,,United States
Houston,/m/0x0rh,,United States
Houston,/m/0w1l2,,United States
Houston Acres,/m/0tfpj,,United States
Houston Lake,/m/0xhy3,,United States
Houstonia,/m/0wz0g,,United States
Houten,/m/0vks1,,Netherlands
Houtkerque,/m/091p5h,,France
Howard,/m/0_rkw,,United States
Howard,/m/0t6ld,,United States
Howard Lake,/m/0xg78,,United States
Howardville,/m/0wy7h,,United States
Howardwick,/m/0100f8,,United States
Howell,/m/0vbz3,,United States
Howrah,/m/0374yz,,India
Hoxie,/m/0qv45,,United States
Hoxie,/m/0tbss,,United States
Hoya,/m/0c86pm,,Germany
Hoyerswerda,/m/04m18s,,Germany
Hoyt,/m/0t7f4,,United States
Hoyt Lakes,/m/0wjk8,,United States
Hořice,/m/0d44cs,,Czech Republic
Hořovice,/m/067hfb,,Czech Republic
Hpa-An,/m/07j_fj,,Myanmar
Hradec Králové,/m/01kjf4,,Czech Republic
Hranice,/m/09_8lc,,Czech Republic
Hrastnik,/m/03w6j9,,Slovenia
Hrazdan,/m/04x84_,,Armenia
Hrebenne,/m/02qss8v,,Poland
Hrebinka,/m/0gt2kt,,Ukraine
Hrodna,/m/0159ff,,Belarus
Hrubieszów,/m/0229w1,,Poland
Hrubieszów,/m/0229w1,,Russian Empire
Hrvatska Dubica,/m/0264d0n,,Croatia
Hrvatska Kostajnica,/m/06zjp2,,Croatia
Hrádek nad Nisou,/m/03d2y6_,,Czech Republic
Hsichou Township,/m/07khkwk,,Taiwan
Hsinchu City,/m/01cfc7,,Taiwan
Hsinking,/m/0nbcsny,,Manchukuo
Hsiushui Township,/m/07kc07b,,Taiwan
Hu,/m/06bxz4,,Egypt
Huaca del Sol,/m/04q_lv,,Peru
Huacaraje,/m/03m6rqc,,Bolivia
Huachacalla,/m/0b6jc3h,,Bolivia
Huacho,/m/02s9g_,,Peru
Huai'an,/m/02qll_,,People's Republic of China
Huaibei,/m/06lvxb,,People's Republic of China
Huaihua,/m/074r_s,,People's Republic of China
Huainan,/m/06m216,,People's Republic of China
Hualien City,/m/025fdc,,Taiwan
Hualpén,/m/03qj585,,Chile
Hualqui,/m/04f4y4m,,Chile
Huamachuco,/m/03qjk76,,Peru
Huambo,/m/029qg4,,Angola
Huancabamba,/m/03h5887,,Peru
Huancané,/m/03h4gtn,,Peru
Huancavelica,/m/055ccw,,Peru
Huancayo,/m/05ps4j,,Peru
Huanchaco,/m/08hf_t,,Peru
Huanggang,/m/0bhd_3,,People's Republic of China
Huanggang Port,/m/08vl10,,People's Republic of China
Huangshan,/m/072xn7,,People's Republic of China
Huangshi,/m/0bwdw3,,People's Republic of China
Huanta,/m/047t52z,,Peru
Huanuni,/m/0b6jtk7,,Bolivia
Huaquillas,/m/06glk3,,Ecuador
Huaral,/m/03gqd_d,,Peru
Huaraz,/m/059vp1,,Peru
Huari,/m/03h2kps,,Peru
Huarmey,/m/0cxkbf,,Peru
Huasco,/m/02z54s1,,Chile
Huatabampo,/m/02tn_m,,Mexico
Huatan Township,/m/07kgf4g,,Taiwan
Huaytará,/m/047pt1_,,Peru
Hub,/m/0c18gd,,Pakistan
Hubballi,/m/016bf5,,India
Hubbard,/m/0zf9m,,United States
Hubbard,/m/020mbkz,,United States
Hubbard,/m/0103xy,,United States
Hubbard,/m/0s_3l,,United States
Huber Heights,/m/013j_3,,United States
Huddersfield,/m/013wf1,,United Kingdom
Hudson,/m/0xzd0,,United States
Hudson,/m/01mngw,,United States
Hudson,/m/0yd_4,,United States
Hudson,/m/0z22y,,United States
Hudson,/m/0_xk8,,United States
Hudson,/m/0srtf,,United States
Hudson,/m/0vbnh,,United States
Hudson,/m/0tbx7,,United States
Hudson Oaks,/m/0107m6,,United States
Hudsonville,/m/0vnbz,,United States
Hudur,/m/0cb54m,,Somalia
Huechuraba,/m/06hjtj,,Chile
Huedin,/m/01pv_m,,Romania
Huehuetenango,/m/036pl3,,Guatemala
Huetter,/m/0s234,,United States
Hueytown,/m/0q83t,,United States
Hughes,/m/0qx8t,,United States
Hughes,/m/0qj4w,,United States
Hughes Springs,/m/013l_y,,United States
Hughson,/m/0r7dt,,United States
Hugli-Chuchura,/m/012m63dy,,India
Hugo,/m/0z4w6,,United States
Hugo,/m/0wmmz,,United States
Hugoton,/m/0tbz_,,United States
Huichon,/m/026f0qy,,North Korea
Huining,/m/025vqjm,,Jin dynasty
Huizhou,/m/059nhp,,People's Republic of China
Hukou Township,/m/02r3dr6,,Taiwan
Hukuntsi,/m/0458hd,,Botswana
Huliaipole,/m/0gt24s,,Ukraine
Hulimavu,/m/0cnqwh,,India
Hull,/m/0ry0_,,United States
Hull,/m/01_4k9l,,United States
Huludao,/m/07bnhc,,People's Republic of China
Hulunbuir,/m/05tzn2,,People's Republic of China
Humahuaca,/m/0gz5n3,,Argentina
Humansville,/m/0wzfl,,United States
Humble,/m/0213yhk,,United States
Humboldt,/m/04064m,,Canada
Humboldt,/m/0s_hz,,United States
Humboldt,/m/0x92s,,United States
Humboldt,/m/0t4x_,,United States
Humboldt,/m/0w3wd,,United States
Humboldt,/m/013lhf,,United States
Hume,/m/0wsp3,,United States
Humera,/m/0d18s6,,Ethiopia
Humeston,/m/0t46y,,United States
Humnoke,/m/0qvkm,,United States
Humphrey,/m/0qrbd,,United States
Humphrey,/m/0x8wg,,United States
Humpolec,/m/032pt6,,Czech Republic
Hun,/m/027pgqf,,Libya
Hunchun,/m/02rnd3x,,People's Republic of China
Hungen,/m/0dsgr3,,Germany
Huningue,/m/07yctf,,France
Hunjiang City,/m/0glz7x,,People's Republic of China
Hunnewell,/m/0tc11,,United States
Hunnewell,/m/0w_48,,United States
Hunter,/m/0ynht,,United States
Hunter,/m/0t8sb,,United States
Hunters Creek Village,/m/0102ly,,United States
Hunters Hollow,/m/0tcz5,,United States
Huntersville,/m/04b7c4x,,United States
Huntingburg,/m/0sl4y,,United States
Huntington,/m/0zbzg,,United States
Huntington,/m/010f1f,,United States
Huntington,/m/0qx38,,United States
Huntington,/m/0smgn,,United States
Huntington,/m/0n6bs,,United States
Huntington,/m/0_xkm,,United States
Huntington Beach,/m/0h3lt,,United States
Huntington Park,/m/0r0dg,,United States
Huntington Woods,/m/0vgf0,,United States
Huntleigh,/m/0w_xb,,United States
Huntly,/m/01xk6b,,United Kingdom
Huntsville,/m/0q8sw,,United States
Huntsville,/m/0qvmp,,United States
Huntsville,/m/010bf6,,United States
Huntsville,/m/0wzn3,,United States
Hurdland,/m/0wwyg,,United States
Hurdsfield,/m/02044qm,,United States
Hurghada,/m/02xbzj,,Egypt
Hurley,/m/0113d_,,United States
Hurley,/m/0x0k_,,United States
Hurley,/m/0_shw,,United States
Hurlingham,/m/0d85kp,,Argentina
Huron,/m/0yw8f,,United States
Huron,/m/0_p2g,,United States
Huron,/m/0qz73,,United States
Huron,/m/0t525,,United States
Hurricane,/m/010h1l,,United States
Hurricane,/m/021l1jy,,United States
Hurst,/m/0sjlc,,United States
Hurst,/m/0109cg,,United States
Hurstbourne,/m/0tfpw,,United States
Hurstbourne Acres,/m/0tfq6,,United States
Huruta,/m/047pqbr,,Ethiopia
Huskvarna,/m/03ygx_,,Sweden
Huslia,/m/0qj56,,United States
Husn Camp,/m/0vxgdq8,,Jordan
Husseiniya,/m/0r4zl4t,,Egypt
Hussigny-Godbrange,/m/02x1xy9,,France
Hustonville,/m/0tgss,,United States
Hustopeče,/m/06q4xx,,Czech Republic
Husum,/m/0mhxd,,Germany
Hutchins,/m/0__w8,,United States
Hutchinson,/m/0t9wm,,United States
Hutchinson,/m/0w6pv,,United States
Huttig,/m/0qxd8,,United States
Hutto,/m/010c34,,United States
Huwei Township,/m/079d8b,,Taiwan
Huxi Township,/m/0fmzyb,,Taiwan
Huxley,/m/0108t4,,United States
Huxley,/m/0t3d3,,United States
Huy,/m/017syz,,Belgium
Huzhou,/m/05ym99,,People's Republic of China
Huánuco,/m/055cd8,,Peru
Huși,/m/024_69,,Romania
Huế,/m/0624nc,,Vietnam
Hvammstangi,/m/09243t,,Iceland
Hvar,/m/06h6k8,,Croatia
Hveragerðisbær,/m/0318k_,,Iceland
Hvidovre,/m/052587c,,Denmark
Hvolsvöllur,/m/033cz4,,Iceland
Hwange,/m/04wryv,,Zimbabwe
Hwaseong,/m/03bpyx,,South Korea
Hyampolis,/m/0pdnshf,,Greece
Hybla Gereatis,/m/02r2rng,,Italy
Hybla Heraea,/m/02r2s7q,,Italy
Hybla Major,/m/02r9rkh,,Italy
Hydaburg,/m/0qgx5,,United States
Hyde Park,/m/010ddq,,United States
Hyden,/m/0tgpn,,United States
Hyderabad,/m/09c6w,,India
Hyderabad,/m/027_dmn,,Pakistan
Hyesan,/m/01ydbk,,North Korea
Hyettus,/m/0_vb34r,,Greece
Hypaepa,/m/0h53cf,,Turkey
Hyporeiae,/m/07s7_0c,,Greece
Hyrba,/m/04n56lv,,
Hyria,/m/026lrjj,,Greece
Hyrum,/m/010df2,,United States
Hà Tiên,/m/0119k9kb,,Vietnam
Hârlău,/m/02bs7b,,Romania
Hârșova,/m/04jr8p,,Romania
Hämeenlinna,/m/01ndyr,,Finland
Hässleholm,/m/02p3gtj,,Sweden
Hévíz,/m/02pfrfm,,Hungary
Hîncești,/m/080d7k,,Moldova
Hòa Bình,/m/07m20z,,Vietnam
Hódmezővásárhely,/m/03g41d,,Hungary
Hólmavík,/m/0b9bfh,,Iceland
Höchstadt an der Aisch,/m/0dq1_0,,Germany
Höchstädt an der Donau,/m/06l98y,,Germany
Höfn,/m/092402,,Iceland
Höhr-Grenzhausen,/m/0bznpc,,Germany
Hörde,/m/07sr_h,,Germany
Hörstel,/m/0blzs5,,Germany
Höxter,/m/04qh9j,,Germany
Hønefoss,/m/02tjp3,,Norway
Húsavík,/m/033c61,,Iceland
Hückelhoven,/m/0bg0yp,,Germany
Hückeswagen,/m/05lqb_,,Germany
Hüfingen,/m/0fdr63,,Germany
Hünfeld,/m/0dnqnz,,Germany
Hürth,/m/03782h,,Germany
Hēmeroskopeion,/m/0kmgkjx,,Spain
Hīt,/m/04n7ltq,,Iraq
Hōfu-shi,/m/0gp6pb,,Japan
Hội An,/m/06fbpd,,Vietnam
IJsselstein,/m/0vksg,,Netherlands
Ialoveni,/m/037r1w,,Moldova
Ianca,/m/04pwj1,,Romania
Iasos,/m/0dhgjx,,Turkey
Iași,/m/01fhg3,,Romania
Ibadan,/m/01zsrb,,Nigeria
Ibagué,/m/054h3g,,Colombia
Ibaraki,/m/01wn55,,Japan
Ibarra,/m/04_2cv,,Ecuador
Ibb,/m/04v23s,,Yemen
Ibbenbüren,/m/0bl_7f,,Germany
Ibeku,/m/0gh90pc,,Nigeria
Iberia,/m/0wxvr,,United States
Ibi,/m/05d1zd,,Spain
Ibirité,/m/0ghl2d,,Brazil
Ibiza,/m/021n7_,,Spain
Ibrány,/m/026rybp,,Hungary
Ica,/m/036qpn,,Peru
Ichalkaranji,/m/0f4_1w,,India
Ichana,/m/02qg5fw,,Italy
Ichenhausen,/m/0fdrdc,,Germany
Icheon,/m/03v6p1,,South Korea
Ichihara,/m/01wj2h,,Japan
Ichikawa,/m/01whwz,,Japan
Ichinomiya,/m/0j62s0z,,Japan
Ichinoseki,/m/01wfv4,,Japan
Ichnae,/m/06zmcr1,,Greece
Ichnia,/m/0gtrnn,,Ukraine
Ichocán,/m/05zt48y,,Peru
Icosium,/m/03ylpnt,,Algeria
Ida Grove,/m/0s_mr,,United States
Idabel,/m/0z7xx,,United States
Idaho City,/m/0s11q,,United States
Idaho Falls,/m/0s15v,,United States
Idaho Springs,/m/0d27z,,United States
Idalion,/m/07kj_3,,Cyprus
Idalou,/m/0105xr,,United States
Idanha,/m/013kkw,,United States
Idanre,/m/09gg9s3,,Nigeria
Idar-Oberstein,/m/02bp5d,,Germany
Ide,/m/07s42p9,,Turkey
Ideal,/m/0rxz7,,United States
Idenau,/m/09k4zjn,,Cameroon
Idi Rayeuk,/m/051wygc,,Indonesia
Idiofa,/m/05h4x8_,,Democratic Republic of the Congo
Idku,/m/07l545,,Egypt
Idlib,/m/07l57d,,Syria
Idna,/m/03nn_5r,,Palestine
Ido Ekiti,/m/0fq0b0q,,Nigeria
Idomenae,/m/03cg0qs,,North Macedonia
Idstein,/m/042yw_,,Germany
Idyros,/m/012vtn6h,,Turkey
Iecava,/m/0h6lm_,,Latvia
Iernut,/m/0b51kt,,Romania
Ietas,/m/02qg61t,,Italy
Ifrane,/m/07llw4,,Morocco
Igal,/m/02rcbqf,,Hungary
Igarassu,/m/08xp59,,Brazil
Igilgili,/m/011lhsjv,,Algeria
Ihlen,/m/0wd9c,,United States
Iizuka,/m/01wpv7,,Japan
Ikaros,/m/0r4vfjf,,Kuwait
Ikast,/m/05_5qp2,,Denmark
Ikeda,/m/01wn0p,,Japan
Ikeja,/m/02pxkq,,Nigeria
Ikela,/m/0655yq,,Democratic Republic of the Congo
Ikere,/m/0ghncl,,Nigeria
Ikoma,/m/01wnv7,,Japan
Iksan,/m/01w6hs,,South Korea
Ikšķile,/m/0c3zqt,,Latvia
Ila,/m/0ry1b,,United States
Ilam,/m/02ftqr,,Iran
Ilave,/m/0sggxtt,,Peru
Ile Ife,/m/023v7p,,Nigeria
Ilebo,/m/0655z2,,Democratic Republic of the Congo
Ilesa,/m/06j4sj,,Nigeria
Ilhéus,/m/04sht_,,Brazil
Iligan,/m/0239d0,,Philippines
Ilipa,/m/09gy79,,Spain
Ilipa,/m/09gy79,,Roman Empire
Ilirska Bistrica,/m/0bmyyt,,Slovenia
Ilium,/m/07s7zn3,,Greece
Illapel,/m/04dm44,,Chile
Illertissen,/m/09dtyt,,Germany
Illintsi,/m/0gt1yh,,Ukraine
Illiturgis,/m/05b1v0p,,Ancient Rome
Illnau-Effretikon,/m/08b_mt,,Switzerland
Illy,/m/03m8dx9,,France
Ilmenau,/m/093r5f,,Germany
Ilo,/m/06kfjg,,Peru
Iloilo City,/m/04wdb1,,Philippines
Ilok,/m/09gdfr,,Croatia
Ilorin,/m/02tv2x,,Nigeria
Ilovaisk,/m/0gtq47,,Ukraine
Ilovaisk,/m/0gtq47,,Soviet Union
Ilsenburg,/m/07n8r1,,Germany
Ilshofen,/m/0fdsr_,,Germany
Ilulissat,/m/01r6hw,,Greenland
Ilwaco,/m/010snl,,United States
Ilūkste,/m/0c4j2b,,Latvia
Imabari,/m/0gp6t7,,Japan
Imachara,/m/02qzth8,,Italy
Imasgho,/m/04cqlb6,,Burkina Faso
Imbler,/m/0zg2x,,United States
Imbros,/m/02rpky,,Turkey
Imeno,/m/09k4y7b,,Slovenia
Imielin,/m/070xxh,,Poland
Imishli,/m/04ghz37,,Azerbaijan
Imlay City,/m/0vb8g,,United States
Immenhausen,/m/0fdssq,,Germany
Immenstadt im Allgäu,/m/0dnhwt,,Germany
Imogene,/m/0szmd,,United States
Imotski,/m/06qyjk,,Croatia
Imperatriz,/m/08slcb,,Brazil
Imperia,/m/0803mg,,Italy
Imperial,/m/0qzrc,,United States
Imperial,/m/0x5d3,,United States
Imperial Beach,/m/0r50q,,United States
Imperial Land Company,/m/0g_g4n,,United States
Impfondo,/m/0602sf,,Republic of the Congo
Imphal,/m/02nfl5,,India
Imías,/m/03cb7zg,,Cuba
In Guezzam,/m/0b1l_j,,Algeria
Inage-ku,/m/03mb4cq,,Japan
Inazawa,/m/01wlxw,,Japan
Incheon,/m/0hv1b,,South Korea
Indaiatuba,/m/040wxr,,Brazil
Independence,/m/0zfmz,,United States
Independence,/m/011bvq,,United States
Independence,/m/0w16p,,United States
Independence,/m/013gxt,,United States
Independence,/m/0ss2d,,United States
Independence,/m/020mcsy,,United States
Independence,/m/0tgh1,,United States
Independence,/m/0t8wf,,United States
Independencia,/m/08nb5s,,Bolivia
Indian Beach,/m/0yf3b,,United States
Indian Harbour Beach,/m/0rhn2,,United States
Indian Hill,/m/0yy4h,,United States
Indian Hills,/m/0tfqk,,United States
Indian Rocks Beach,/m/0rr0c,,United States
Indian Trail,/m/0yl7k,,United States
Indian Wells,/m/01zg13p,,United States
Indianapolis,/m/0ftxw,,United States
Indianola,/m/0x90p,,United States
Indianola,/m/0xgxc,,United States
Indianola,/m/0t3_q,,United States
Indio,/m/0r3ny,,United States
Indore,/m/01_yvy,,India
Indramayu,/m/0gc868,,Indonesia
Indrapura,/m/07k9tmf,,Vietnam
Industry,/m/0_xr5,,United States
Ineu,/m/0b51mk,,Romania
Inez,/m/0th0s,,United States
Ingalls,/m/0t71f,,United States
Ingelfingen,/m/0fdsyr,,Germany
Ingelheim am Rhein,/m/01ltzd,,Germany
Ingeniero Jacobacci,/m/056g8yp,,Argentina
Ingeniero Pablo Nogués,/m/05f4xkb,,Argentina
Ingleside,/m/013n36,,United States
Ingleside on the Bay,/m/0108kw,,United States
Inglewood,/m/0r0f7,,United States
Ingolstadt,/m/01dky4,,Germany
Ingram,/m/01055x,,United States
Inhambane,/m/09m0y4,,Mozambique
Injibara (Kossober),/m/027qzg_,,Ethiopia
Inkerman,/m/06_k3q,,Russia
Inkerman,/m/06_k3q,,Ukraine
Inkhil,/m/0j65gvt,,Syria
Inkom,/m/0s0sq,,United States
Inkster,/m/0vrt0,,United States
Inkster,/m/0yp2t,,United States
Inman,/m/0_ncn,,United States
Inman,/m/0t8lv,,United States
Innerleithen,/m/0177vm,,United Kingdom
Innsbruck,/m/0fhmy,,Austria
Inongo,/m/05c0rk9,,Democratic Republic of the Congo
Inowrocław,/m/022hh1,,Poland
Inowłódz,/m/04jh24c,,Poland
Instituto Tecnológico de Nogales,/m/04f1h7n,,Mexico
Interamna Lirenas,/m/0h1h60c,,Italy
Interlaken,/m/02h_f8,,Switzerland
International Falls,/m/0w439,,United States
International Financial Services Centre,/m/045z8_,,Ireland
Inver Grove Heights,/m/0vz0q,,United States
Inveraray,/m/024qkh,,United Kingdom
Inverbervie,/m/07nhw1,,United Kingdom
Invercargill,/m/01nh5h,,New Zealand
Invergordon,/m/07h2mb,,United Kingdom
Inverkeithing,/m/024qjq,,United Kingdom
Inverness,/m/012d9h,,United Kingdom
Inverness,/m/0rjzx,,United States
Inverurie,/m/024qjc,,United Kingdom
Inwood,/m/0t0_7,,United States
Inycum,/m/02q9xxk,,Italy
Inzai,/m/01wj7f,,Japan
Inzlingen,/m/02p_r57,,Germany
Ioannina,/m/01s2f4,,Greece
Iola,/m/0fts4h,,United States
Iola,/m/0t4yb,,United States
Iolcos,/m/02hm4w,,Greece
Iona,/m/0s166,,United States
Iona,/m/0w8b2,,United States
Ione,/m/0zfh3,,United States
Ione,/m/0qy3z,,United States
Ionia,/m/0st1c,,United States
Ionia,/m/0v859,,United States
Ios,/m/018yxg,,Greece
Iowa City,/m/0t015,,United States
Iowa Colony,/m/0_ypc,,United States
Iowa Falls,/m/0s_3y,,United States
Iowa Park,/m/010bwt,,United States
Ipatinga,/m/08fpfd,,Brazil
Iphofen,/m/0fds_w,,Germany
Ipiales,/m/0c6h16,,Colombia
Ipoh,/m/01rv39,,Malaysia
Ipokia,/m/09gcdzr,,Nigeria
Ipswich,/m/01qrcx,,Australia
Ipswich,/m/0_q7p,,United States
Iqaluit,/m/03r_1,,Canada
Iquique,/m/04ssfh,,Chile
Iquitos,/m/02v7h6,,Peru
Iraan,/m/0107rb,,United States
Iracema,/m/026cf1b,,Brazil
Iram of the Pillars,/m/04hjgn,,
Irapuato,/m/02q52vd,,Mexico
Irbid,/m/03_35w,,Jordan
Iredell,/m/0_yd8,,United States
Irene,/m/020wf7d,,United States
Ireton,/m/0t38p,,United States
Irgachefe,/m/03d0l9m,,Ethiopia
Irgalem,/m/07nv6j,,Ethiopia
Iriga,/m/06pncy,,Philippines
Iringa,/m/02try3,,Tanzania
Irkutsk,/m/0fp2v,,Russia
Irmino,/m/0gtrh4,,Ukraine
Iron Junction,/m/0wjkz,,United States
Iron Mountain,/m/0v4yq,,United States
Iron Mountain Lake,/m/0w_fx,,United States
Iron River,/m/0v8m1,,United States
Ironcollo,/m/0b6nf25,,Bolivia
Irondale,/m/0q845,,United States
Irondale,/m/0x0z0,,United States
Ironton,/m/0ww84,,United States
Ironton,/m/0vyn9,,United States
Ironton,/m/0yzj3,,United States
Ironwood,/m/0v65d,,United States
Iroquois,/m/013l4g,,United States
Irpin,/m/031658,,Ukraine
Irridu,/m/0_ftlj6,,
Irrigon,/m/0zfhg,,United States
Irshava,/m/0b1739,,Ukraine
Iruma,/m/01whlt,,Japan
Irupana,/m/09gk8nl,,Bolivia
Iruña-Veleia,/m/026cgtt,,Spain
Irvine,/m/01z28q,,United Kingdom
Irvine,/m/0d7k1z,,United States
Irvine,/m/0tdk9,,United States
Irving,/m/0__wm,,United States
Irvington,/m/0tcxg,,United States
Irwin,/m/0s16k,,United States
Irwin,/m/0t345,,United States
Irwindale,/m/0r0fp,,United States
Irwinton,/m/0r_4z,,United States
Isa Town,/m/04qnb_,,Bahrain
Isabel,/m/0t53x,,United States
Isabela,/m/01vpg7,,Philippines
Isaccea,/m/022t7n,,Romania
Isahaya,/m/01wqpw,,Japan
Isanapura,/m/0kfwllz,,Cambodia
Isanti,/m/0w239,,United States
Isaszeg,/m/043mt75,,Hungary
Isca Dumnoniorum,/m/025ryzb,,United Kingdom
Ischia di Castro,/m/0gm49d,,Italy
Ise,/m/01wm4p,,Japan
Isehara,/m/02b2b6,,Japan
Iserlohn,/m/018z3k,,Germany
Isesaki,/m/0gp5_m,,Japan
Iseyin,/m/08vlc3,,Nigeria
Isfahan,/m/01gk3x,,Iran
Isfara,/m/028qk3,,Tajikistan
Ishasha,/m/09v2vyh,,Democratic Republic of the Congo
Ishasha,/m/09v2vyh,,Uganda
Ishinomaki,/m/01wfxd,,Japan
Ishkashim,/m/046353t,,Afghanistan
Ishkoshim,/m/05zj563,,Tajikistan
Ishpeming,/m/0vcqp,,United States
Isidro Casanova,/m/03d15h8,,Argentina
Isin,/m/02dz4k,,Iraq
Isiolo,/m/06yn9y,,Kenya
Isiro,/m/0bfr3n,,Democratic Republic of the Congo
Iskandar Puteri,/m/097tvp,,Malaysia
Iskandariya,/m/02cl6x,,Iraq
Islam Qala,/m/07k48v0,,Afghanistan
Islamabad,/m/0dhd5,,Pakistan
Island,/m/0th5z,,United States
Island City,/m/0zg37,,United States
Island Park,/m/0s1qr,,United States
Island of Mozambique,/m/06wj9n,,Mozambique
Isle,/m/0w75n,,United States
Isle of Palms,/m/0_kxq,,United States
Isleton,/m/0r441,,United States
Ismailia,/m/029pm6,,Egypt
Ismara,/m/07cf2b,,Greece
Ismayilli,/m/04gg8v4,,Azerbaijan
Isny im Allgäu,/m/07d09d,,Germany
Isparta,/m/03wh3z,,Turkey
Issaquah,/m/010rgh,,United States
Isselburg,/m/0bfj77,,Germany
Issia,/m/05p53nj,,Ivory Coast
Istakhr,/m/08vv3w,,Iran
Istakhr,/m/08vv3w,,Abbasid Caliphate
Istakhr,/m/08vv3w,,Sasanian Empire
Istakhr,/m/08vv3w,,Umayyad Caliphate
Istakhr,/m/08vv3w,,Rashidun Caliphate
Istanbul,/m/09949m,,Turkey
Istaravshan,/m/028rmv,,Tajikistan
Itabira,/m/0g4s6y,,Brazil
Itaboraí,/m/02769kl,,Brazil
Itabuna,/m/0f6_6p,,Brazil
Itadava,/m/0gffy97,,Bulgaria
Itadava,/m/0gffy97,,North Macedonia
Itaguaí,/m/027m4ht,,Brazil
Itahari,/m/02vzwpq,,Nepal
Itaipulândia,/m/09rvcdb,,Brazil
Itaituba,/m/0ffjq6,,Brazil
Itajaí,/m/0f70xy,,Brazil
Itami,/m/01wnjq,,Japan
Itanagar,/m/03cjb1,,India
Itanos,/m/0cc8kgt,,Greece
Itapecerica da Serra,/m/041349,,Brazil
Itaperuna,/m/027m4nm,,Brazil
Itapetininga,/m/04136g,,Brazil
Itapevi,/m/0413bn,,Brazil
Itapipoca,/m/0ffh86,,Brazil
Itapiranga,/m/05mxtf4,,Brazil
Itaquaquecetuba,/m/0413kb,,Brazil
Itaqui,/m/0bp8fb,,Brazil
Itarsi,/m/07md4_,,India
Itasca,/m/0103y8,,United States
Itatiba,/m/0413m9,,Brazil
Itaúna,/m/09rx_n3,,Brazil
Ithaca,/m/0gmg8,,Greece
Ithaca,/m/03v_5,,United States
Ithaca,/m/0v6s6,,United States
Ithaka,/m/07s81sb,,Greece
Itjtawy,/m/07fryp,,Egypt
Itoshima,/m/09v8yb_,,Japan
Itta Bena,/m/0wqx8,,United States
Ittigen,/m/0dh0yd,,Switzerland
Ittoqqortoormiit,/m/0b4_v6,,Greenland
Itu,/m/0413rv,,Brazil
Ituiutaba,/m/07md8t,,Brazil
Itumbiara,/m/09xnjj,,Brazil
Ituni,/m/07n3db,,Guyana
Ituzaingó,/m/06cpw4,,Argentina
Itzehoe,/m/05l2j0,,Germany
Itá,/m/02rb5sb,,Paraguay
Iuka,/m/0wry0,,United States
Iuka,/m/0t9r1,,United States
Iulia Constantia Zilil,/m/05c3mb2,,Morocco
Iulia Traducta,/m/0rysgs7,,Spain
Iulia Valentia Banasa,/m/05c09c6,,Morocco
Ivanec,/m/0dvt_z,,Croatia
Ivanhoe,/m/0b6fbll,,United States
Ivanhoe,/m/0w517,,United States
Ivanić-Grad,/m/09lnxw,,Croatia
Ivanjica,/m/0cp1jj,,Serbia
Ivano-Frankivsk,/m/02k6vx,,Ukraine
Ivančice,/m/066r81,,Czech Republic
Ivaylovgrad,/m/0g9whw,,Bulgaria
Ivey,/m/0r_59,,United States
Ivins,/m/010h1z,,United States
Ivirgarzama,/m/0b6dp96,,Bolivia
Ivory Park,/m/06tkyw,,South Africa
Iwaki,/m/0gp5vx,,Japan
Iwakuni,/m/0gp6qf,,Japan
Iwaniska,/m/04jh49t,,Poland
Iwata,/m/01wlg4,,Japan
Iwonicz-Zdrój,/m/0cv7z9,,Poland
Izamal,/m/018_43,,Mexico
Izatovci,/m/0by1v9z,,Serbia
Izbica Kujawska,/m/0kw75_,,Poland
Izegem,/m/0145jg,,Belgium
Izeh,/m/060_7s,,Iran
Izhevsk,/m/0nk2k,,Russia
Iziaslav,/m/0gtt9r,,Ukraine
Izium,/m/08cgk9,,Ukraine
Izki,/m/0bnx26,,Oman
Izmail,/m/06jsrw,,Ukraine
Izola,/m/02pcss,,Slovenia
Izra,/m/02qk2h8,,Syria
Izsák,/m/0c_f__,,Hungary
Izumi,/m/01wr7m,,Japan
Izumisano,/m/01wn5l,,Japan
Izumo,/m/01x80p,,Japan
Iğdır,/m/0b3rf0,,Turkey
Iława,/m/0229fv,,Poland
Iłowa,/m/0284qhc,,Poland
Iłża,/m/0c5frw,,Poland
Ińsko,/m/0276lz4,,Poland
Jabalpur,/m/02drnk,,India
Jabesh-Gilead,/m/03mvh4,,Jordan
Jablonec nad Nisou,/m/040tjx,,Czech Republic
Jablunkov,/m/07j683,,Czech Republic
Jaboatão dos Guararapes,/m/0f93hn,,Brazil
Jabrayil,/m/04gm0vj,,Azerbaijan
Jabłonowo Pomorskie,/m/0632vc,,Poland
Jacareí,/m/03wp5q,,Brazil
Jacinto City,/m/0102m8,,United States
Jacksboro,/m/0104g8,,United States
Jackson,/m/0yjc_,,United States
Jackson,/m/0q5yq,,United States
Jackson,/m/043yj,,United States
Jackson,/m/0wt4m,,United States
Jackson,/m/0w2zh,,United States
Jackson,/m/042tq,,United States
Jackson,/m/0_vw8,,United States
Jackson,/m/0qy4b,,United States
Jackson,/m/0rth_,,United States
Jackson,/m/0yyyb,,United States
Jackson,/m/0tcwd,,United States
Jackson Junction,/m/0t4jy,,United States
Jacksonville,/m/0zdfb,,United States
Jacksonville,/m/0ggh3,,United States
Jacksonville,/m/0yjhj,,United States
Jacksonville,/m/0q4bq,,United States
Jacksonville,/m/0qwqb,,United States
Jacksonville,/m/0__08,,United States
Jacksonville,/m/0sdy5,,United States
Jacksonville Beach,/m/0rkfp,,United States
Jacob City,/m/0rlvh,,United States
Jacobabad,/m/07ks2r,,Pakistan
Jacqueville,/m/03yjl4,,Ivory Coast
Jadów,/m/04y73rj,,Poland
Jaffa,/m/02w0nh,,Israel
Jaffna,/m/0266536,,Sri Lanka
Jagadhri,/m/09371h,,India
Jagdalpur,/m/09x8n3,,India
Jagodina,/m/01ps8n,,Serbia
Jaguarão,/m/0g0rkf,,Brazil
Jagur,/m/052x4l,,
Jagüey Grande,/m/03c8wst,,Cuba
Jahanpanah,/m/064kw98,,India
Jahrom,/m/04nkhp,,Iran
Jaigaon,/m/0c1ggr,,India
Jainagar,/m/0f4__w,,India
Jaipur,/m/016722,,India
Jaisalmer,/m/047kx_,,India
Jakarta,/m/044rv,,Indonesia
Jakin,/m/0rw4_,,United States
Jal,/m/0208d7z,,United States
Jalalabad,/m/044rd,,Afghanistan
Jalalpur Bhattian,/m/0g59gz0,,Pakistan
Jalalpur Jattan,/m/0dh62l,,Pakistan
Jalan bani bu ali,/m/0h1g0rf,,Oman
Jalandhar,/m/02cb1j,,India
Jalapa,/m/0146rl,,Guatemala
Jale,/m/0g559_s,,India
Jaleshwar,/m/04f48ng,,Nepal
Jalgaon,/m/02np7g,,India
Jalilabad,/m/04gg8x0,,Azerbaijan
Jalingo,/m/08jlmq,,Nigeria
Jalna,/m/026jy9z,,India
Jalore,/m/07ws19,,India
Jalpa de Méndez,/m/09v9h8h,,Mexico
Jalpaiguri,/m/06tcwm,,India
Jamaica,/m/0szwn,,United States
Jamaica Beach,/m/0101pd,,United States
Jamalpur,/m/06z0yx,,India
Jambi,/m/0f22jg,,Indonesia
Jamesport,/m/0wv81,,United States
Jamestown,/m/030hdq,,"Saint Helena, Ascension and Tristan da Cunha"
Jamestown,/m/0xynl,,United States
Jamestown,/m/0ygpk,,United States
Jamestown,/m/0t5zj,,United States
Jamestown,/m/0yrnb,,United States
Jamestown,/m/0_ts9,,United States
Jamestown,/m/0thyb,,United States
Jamesville,/m/0yhrl,,United States
Jammu,/m/051zvy9,,India
Jamnagar,/m/04_5y_,,India
Jampur,/m/08d1z3,,Pakistan
Jamshedpur,/m/01ttjx,,India
Jamshoro,/m/052s3c,,Pakistan
Jamtara,/m/05mrd1,,India
Jamu Mare,/m/0268c8z,,Romania
Janakpurdham,/m/02z3mgm,,Nepal
Jandira,/m/041ggj,,Brazil
Janesville,/m/01mm_c,,United States
Janesville,/m/0srts,,United States
Janesville,/m/0wmdq,,United States
Janikowo,/m/0gqz5j,,Poland
Janjgir,/m/04n1kzt,,India
Janowiec Wielkopolski,/m/0284bmb,,Poland
Janowo,/m/05p424q,,Poland
Janzur,/m/05mvkhx,,Libya
Janów Lubelski,/m/02_162,,Poland
Jaora,/m/06d2xc,,India
Japeri,/m/027m4_z,,Brazil
Japorã,/m/027d156,,Brazil
Japurá,/m/026x1jk,,Brazil
Jarabulus,/m/02qhj41,,Syria
Jaraczewo,/m/05b1b0y,,Poland
Jaraguá do Sul,/m/07sp1p,,Brazil
Jaramana,/m/0d4xz2,,Syria
Jaranwala,/m/07p14_,,Pakistan
Jardín América,/m/0bwh2gj,,Argentina
Jarinja,/m/09v1396,,Kosovo
Jarmen,/m/0fdt0l,,Germany
Jarocin,/m/022mfl,,Poland
Jaroměř,/m/068sf7,,Czech Republic
Jarosław,/m/0228wk,,Poland
Jarovce,/m/0g599y,,Slovakia
Jarovce,/m/0g599y,,Kingdom of Hungary
Jarrell,/m/028q0s,,United States
Jaruco,/m/0c335g,,Cuba
Jarwa,/m/07xjl9,,India
"Jasenovac, Sisak-Moslavina County",/m/0c70v0,,Croatia
Jashore,/m/0_xbbch,,Bangladesh
Jasonville,/m/0slt6,,United States
Jasper,/m/0qw2j,,United States
Jasper,/m/0qc9d,,United States
Jasper,/m/0rymd,,United States
Jasper,/m/0104kc,,United States
Jasper,/m/0sl58,,United States
Jasper,/m/0wwk2,,United States
Jasper,/m/0rkvq,,United States
Jasper,/m/013f_s,,United States
Jastarnia,/m/0c4tgl,,Poland
Jastrebarsko,/m/09ln_9,,Croatia
Jastrowie,/m/02c2q8,,Poland
Jastrzębie-Zdrój,/m/0jxf1,,Poland
Jasło,/m/022mt8,,Poland
Jattir,/m/052x35,,Israel
Jauja,/m/05ps81,,Peru
Jaunjelgava,/m/0b1hs7,,Latvia
Jaunpur,/m/053m1l,,India
Jawhar,/m/09tw1k,,India
Jawi,/m/0d_dr6,,Malaysia
Jawor,/m/01420m,,Poland
Jaworzno,/m/022byl,,Poland
Jay,/m/0z5kd,,United States
Jayapura,/m/029bfb,,Indonesia
Jayrud,/m/0m0m21g,,Syria
Jayton,/m/01055j,,United States
Jazer,/m/05b2w34,,
Jazhincë,/m/09v4p5l,,Serbia
Jazhincë,/m/09v4p5l,,Kosovo
Jaén,/m/05m_xx,,Peru
Jaú,/m/041gjq,,Brazil
Jaʿār,/m/076xlw5,,Yemen
Jeanerette,/m/0tkpv,,United States
Jeannette,/m/0_h1m,,United States
Jecheon,/m/022tsr,,South Korea
Jedburgh,/m/022rt1,,United Kingdom
Jeddah,/m/01pk8b,,Saudi Arabia
Jedlicze,/m/0289nk1,,Poland
Jedlina-Zdrój,/m/02plwnb,,Poland
Jedwabne,/m/02vrhm,,Poland
Jeetpursimara,/m/051zl8c,,Nepal
Jeffers,/m/0vy88,,United States
Jefferson,/m/0zf9z,,United States
Jefferson,/m/01mlcj,,United States
Jefferson,/m/0yd0z,,United States
Jefferson,/m/010619,,United States
Jefferson,/m/0szq4,,United States
Jefferson,/m/0rxfr,,United States
Jefferson,/m/0_sl9,,United States
Jefferson City,/m/0fvwz,,United States
Jefferson City,/m/0_vm6,,United States
Jeffersontown,/m/0tfqx,,United States
Jeffersonville,/m/0skft,,United States
Jeffersonville,/m/0rzl_,,United States
Jeffersonville,/m/0thbs,,United States
Jeju,/m/03m9sv,,South Korea
Jejuri,/m/0f5151,,India
Jelcz-Laskowice,/m/0byrnf,,Poland
Jelenia Góra,/m/022bff,,Poland
Jelgava,/m/04ps8j,,Latvia
Jellico,/m/0_s_r,,United States
Jemison,/m/0q5t4,,United States
Jena,/m/018_7x,,Germany
Jenin,/m/0dg7d,,Palestine
Jenkins,/m/0vynn,,United States
Jenkins,/m/0tgqp,,United States
Jenkinsburg,/m/0rtjc,,United States
Jenks,/m/020qh8j,,United States
Jennings,/m/0w_xp,,United States
Jennings,/m/0tkxd,,United States
Jennings,/m/0t68k,,United States
Jeongdongjin,/m/0fpht59,,South Korea
Jeongeup,/m/0231v8,,South Korea
Jeonju,/m/01w961,,South Korea
Jepara,/m/09f2z4,,Indonesia
Jequié,/m/0f7134,,Brazil
Jerada,/m/0clgt9,,Morocco
Jerash,/m/01959d,,Jordan
Jericho,/m/0438t,,Palestine
Jerichow,/m/0cz1n3,,Germany
Jerome,/m/0qszw,,United States
Jerome,/m/0s201,,United States
Jersey,/m/0rzsh,,United States
Jersey City,/m/0xn7q,,United States
Jersey Village,/m/0102mm,,United States
Jerseyville,/m/0s8sb,,United States
Jerusalem,/m/0430_,,Israel
Jerusalem,/m/0430_,,Palestine
Jesenice,/m/03w6qn,,Slovenia
Jeseník,/m/06941s,,Czech Republic
Jessen (Elster),/m/0d2kv9,,Germany
Jessheim,/m/0d9mjl,,Norway
Jestetten,/m/02q0405,,Germany
Jesup,/m/0srv3,,United States
Jesup,/m/0rzyp,,United States
Jesús,/m/03h5xjp,,Peru
Jesús María,/m/0d7djp,,Argentina
Jesús Menéndez,/m/03cbm0z,,Cuba
Jetmore,/m/0t7cf,,United States
Jeumont,/m/02w960m,,France
Jever,/m/065b47,,Germany
Jewell,/m/0t7lp,,United States
Jewell Junction,/m/0szyq,,United States
Jewett,/m/0105l1,,United States
Jeziorany,/m/028959s,,Poland
Jezkazgan,/m/02k51d,,Kazakhstan
Jeżów,/m/04gq_c9,,Poland
Jhang,/m/082_1v,,Pakistan
Jhansi,/m/03m9pn,,India
Jhelum,/m/0571qh,,Pakistan
Jhongliao Township,/m/07khvgb,,Taiwan
Jhulaghat,/m/05zml05,,India
Jhunjhunu,/m/04zp72,,India
Jhushan Township,/m/02rxsg8,,Taiwan
Jhutian Township,/m/06_v_71,,Taiwan
Ji'an,/m/06m2rb,,People's Republic of China
Ji'an,/m/02pkl_j,,People's Republic of China
Ji'an Township,/m/047ryqr,,Taiwan
Ji-Paraná,/m/01zhhg,,Brazil
Jiadong Township,/m/07kf_m3,,Taiwan
Jiamusi,/m/0307vc,,People's Republic of China
Jiangmen,/m/02396c,,People's Republic of China
Jiankang,/m/0fpwy,,Jin dynasty
Jiankang,/m/0fpwy,,Liu Song dynasty
Jiankang,/m/0fpwy,,Chen dynasty
Jiankang,/m/0fpwy,,Southern Qi
Jiankang,/m/0fpwy,,Eastern Wu
Jiankang,/m/0fpwy,,Liang dynasty
Jianshi Township,/m/07kh4h9,,Taiwan
Jiaoxi Township,/m/0563kc,,Taiwan
Jiaozuo,/m/06n1yv,,People's Republic of China
Jiaxing,/m/022zmz,,People's Republic of China
Jiayuguan City,/m/05s4cp,,People's Republic of China
Jibla,/m/0b9h5g,,Yemen
Jibou,/m/02bs7q,,Romania
Jieyang,/m/05xt0b,,People's Republic of China
Jiguaní,/m/0c2wt5,,Cuba
Jihlava,/m/01j_fj,,Czech Republic
Jiji Township,/m/02pn4c7,,Taiwan
Jijiga,/m/05g9j5,,Ethiopia
Jilemnice,/m/03cv4by,,Czech Republic
Jilib,/m/027fcw6,,Somalia
Jilin City,/m/03mlwp,,People's Republic of China
Jimaguayú,/m/03cb5wq,,Cuba
Jimaní,/m/06xhmr,,Dominican Republic
Jimbolia,/m/045w0p,,Romania
Jimeta,/m/027f9r4,,Nigeria
Jimma,/m/06ppnj,,Ethiopia
Jinan,/m/01l3h7,,People's Republic of China
Jinchang,/m/0bgvk7,,People's Republic of China
Jincheng,/m/064dkq,,People's Republic of China
Jincheng Township,/m/05g5gy,,Taiwan
Jind,/m/09808f,,India
Jindřichův Hradec,/m/07z19g,,Czech Republic
Jinfeng Township,/m/047rb16,,Taiwan
Jingdezhen,/m/01lkxt,,People's Republic of China
Jingmei District,/m/03sjq8,,Taiwan
Jingmen,/m/062vf6,,People's Republic of China
Jingzhou,/m/03lx2r,,People's Republic of China
Jinhu Township,/m/07k6xpf,,Taiwan
Jinhua,/m/086yhp,,People's Republic of China
Jining,/m/067zzh,,People's Republic of China
Jinja,/m/04kvnw,,Uganda
Jinju,/m/03v9yf,,South Korea
Jinka,/m/06ryqd,,Ethiopia
Jinning Township,/m/07kjp3c,,Taiwan
Jinotega,/m/0376tz,,Nicaragua
Jinotepe,/m/078sxk,,Nicaragua
Jinsha Township,/m/07kfwpb,,Taiwan
Jinzhong,/m/064f3g,,People's Republic of China
Jinzhou,/m/01rbyb,,People's Republic of China
Jisr ash-Shughur,/m/02qhj6g,,Syria
Jiujiang,/m/036z7v,,People's Republic of China
Jiuquan,/m/052yrk,,People's Republic of China
Jiuru Township,/m/07kgvs_,,Taiwan
Jixi,/m/06nrs4,,People's Republic of China
Jiyuan,/m/02cwd3,,People's Republic of China
Jizan,/m/0659tm,,Saudi Arabia
Jizerka,/m/0fwyy4,,Czech Republic
Jizzakh,/m/042lf9,,Uzbekistan
Jizzakh,/m/042lf9,,Soviet Union
Jičín,/m/01ksmm,,Czech Republic
Joachimsthal,/m/0fdt3r,,Germany
Joal-Fadiouth,/m/05g45g,,Senegal
Joaquin,/m/0108th,,United States
Jodhpur,/m/03wk0f,,India
Jodoigne,/m/017qq4,,Belgium
Joensuu,/m/01t5fg,,Finland
Jogbani,/m/0f51q1,,India
Johannesburg,/m/0g284,,South Africa
Johanngeorgenstadt,/m/0fdt5v,,Germany
John Day,/m/0zcwc,,United States
Johns Creek,/m/0dgq2y,,United States
Johnson,/m/0qxjf,,United States
Johnson,/m/0vv62,,United States
Johnson City,/m/0zc39,,United States
Johnson City,/m/013l9y,,United States
Johnson City,/m/0_ybx,,United States
Johnson City,/m/0tbz9,,United States
Johnsonville,/m/0_lkk,,United States
Johnston,/m/01_4p0_,,United States
Johnston City,/m/0sjlq,,United States
Johnstown,/m/0zpfy,,United States
Johnstown,/m/01mcfk,,United States
Johor Bahru,/m/0207sh,,Malaysia
Joice,/m/0t4s4,,United States
Joiner,/m/0qvty,,United States
Joinville,/m/082tg0,,Brazil
Jolbon,/m/0h0gmt,,Goguryeo
Joliet,/m/0s9b_,,United States
Jolley,/m/0sscp,,United States
Jolly,/m/0__3c,,United States
Jonava,/m/07mqz1,,Lithuania
Jonesboro,/m/0qskp,,United States
Jonesboro,/m/0shh4,,United States
Jonesboro,/m/0rv4c,,United States
Jonesboro,/m/0slpy,,United States
Jonesborough,/m/0cn5gk,,United Kingdom
Jonesburg,/m/0wy2b,,United States
Jonestown,/m/0109x_,,United States
Jonesville,/m/0ympx,,United States
Jonesville,/m/0v70h,,United States
Joniškis,/m/039qr0,,Lithuania
Joniškėlis,/m/0gbkmn,,Lithuania
Joplin,/m/013h1c,,United States
Jordan,/m/0whgb,,United States
Jordan Valley,/m/0zf2r,,United States
Jordanów,/m/0265gs,,Poland
Jordão,/m/026bf2t,,Brazil
Jorf,/m/0b6nnbw,,Morocco
Jorochito,/m/0b6dsvp,,Bolivia
Jos,/m/04fqd0,,Nigeria
Joseph,/m/0zg59,,United States
Josephine,/m/013m4h,,United States
Joshua,/m/0104y6,,United States
José C. Paz,/m/0csbr1,,Argentina
José Enrique Rodó,/m/0gvs3lr,,Uruguay
José Mármol,/m/0_x8z5q,,Argentina
Jounieh,/m/021lxg,,Lebanon
Jourdanton,/m/0_xps,,United States
Jovellanos,/m/0c35qn,,Cuba
João Pessoa,/m/01hy9d,,Brazil
Ju,/m/0jk_nv8,,People's Republic of China
Juan Bautista Alberdi,/m/0bwkz3w,,Argentina
Juan Griego,/m/0276313,,Venezuela
Juan José Castelli,/m/0dkfbv,,Argentina
Juanjuí,/m/03w9j2_,,Peru
Juazeiro,/m/06v3gz,,Brazil
Juazeiro do Norte,/m/08fpgt,,Brazil
Juba,/m/057686,,South Sudan
Jubail,/m/02yqrk,,Saudi Arabia
Juberri,/m/03wcr_h,,Andorra
Jud,/m/0ypcg,,United States
Judicate of Arborea,/m/0gm99b,,
Judsonia,/m/0qxnx,,United States
Juguang Township,/m/01ly9l,,Taiwan
Juigalpa,/m/078tbq,,Nicaragua
Juiz de Fora,/m/03lg4f,,Brazil
Julcán,/m/012zw8gt,,Peru
Julfa,/m/09w8_8,,Azerbaijan
Juliaca,/m/02v7k9,,Peru
Juliaetta,/m/0s25x,,United States
Juliobriga,/m/03d79vm,,Spain
Juliopolis,/m/03cywsb,,Turkey
Juma,/m/03wbbhz,,Uzbekistan
Junagadh,/m/03gjx7,,India
Junction,/m/01056l,,United States
Junction City,/m/0zdt0,,United States
Junction City,/m/0qxdm,,United States
Junction City,/m/0t6xl,,United States
Junction City,/m/013d05,,United States
Jundiaí,/m/02kcnn,,Brazil
Juneau,/m/0l_q9,,United States
Juneau,/m/01119_,,United States
Jungholz,/m/086_db,,Austria
Junnar,/m/08blsr,,India
Junín,/m/06_1jj,,Argentina
Junín,/m/03h5w2k,,Peru
Junín,/m/03hk36c,,Argentina
Juradó,/m/02qgxzx,,Colombia
Jurbarkas,/m/044f72,,Lithuania
Jurupa Valley,/m/0gh6pqy,,United States
Justin,/m/010039,,United States
Justiniana Prima,/m/07ns8g,,Serbia
Juticalpa,/m/075bvf,,Honduras
Jutrosin,/m/02889mn,,Poland
Juttah (Biblical site),/m/052rrm,,Land of Israel
Jvari,/m/09btz6,,Georgia
Jwaya,/m/0qfqhq_,,Lebanon
Jyväskylä,/m/01m3y_,,Finland
Jánoshalma,/m/0c_d21,,Hungary
Jánosháza,/m/0406vw5,,Hungary
Jánossomorja,/m/0dj8fp,,Hungary
Jászapáti,/m/026mffh,,Hungary
Jászberény,/m/07nytv,,Hungary
Jászfényszaru,/m/026mfs4,,Hungary
Jászkisér,/m/026qccv,,Hungary
Jászárokszállás,/m/0g4zw4,,Hungary
Järvenpää,/m/03bnw6,,Finland
Józefów,/m/0285fk1,,Poland
Józefów,/m/026fvzr,,Poland
Józefów nad Wisłą,/m/04jcng6,,Poland
Jõgeva,/m/07s5t0,,Estonia
Jõhvi,/m/06fvgs,,Estonia
Jöhstadt,/m/0fdt7q,,Germany
Jüchen,/m/0bkqvq,,Germany
Jülich,/m/03dv41,,Germany
Jüterbog,/m/05lcct,,Germany
Jēkabpils,/m/01c64s,,Latvia
Jędrzejów,/m/067gwl,,Poland
Jędrzychowice,/m/03gznxd,,Poland
Jōetsu-shi,/m/0gp6d7,,Japan
Jūrmala,/m/016mjk,,Latvia
Kaarst,/m/07nk0h,,Germany
Kaba,/m/0446gc,,Hungary
Kabala,/m/05bjj6,,Sierra Leone
Kabalo,/m/05f4m1t,,Democratic Republic of the Congo
Kabankalan,/m/06hnyv,,Philippines
Kabinda,/m/0118c94_,,Democratic Republic of the Congo
Kabul,/m/0494n,,Afghanistan
Kabwe,/m/066xy0,,Zambia
Kachemak,/m/0qfhv,,United States
Kadapa,/m/09h62s,,India
Kadarkút,/m/02r5yn_,,Hungary
Kadaň,/m/05wx4w,,Czech Republic
Kadiivka,/m/0bhb72,,Ukraine
Kadirli,/m/073gkq,,Turkey
Kadoka,/m/0_qy6,,United States
Kadoma,/m/0h4tgz,,Zimbabwe
Kadoma,/m/01wnbg,,Japan
Kaduna,/m/05349k,,Nigeria
Kaduqli,/m/0b8knj,,Sudan
Kadıköy,/m/05yqf8,,Turkey
Kaechon,/m/0czymg,,North Korea
Kafr Qara,/m/02r3r72,,Israel
Kafr Qara,/m/02r3r72,,Mandatory Palestine
Kafr Qasim,/m/0932zd,,Israel
Kafr Qasim,/m/0932zd,,Mandatory Palestine
Kafr Saad,/m/0m0hwlb,,Egypt
Kafr el-Dawwar,/m/0384mx,,Egypt
Kafr el-Sheikh,/m/0276ksn,,Egypt
Kafubu,/m/011jmsyk,,Namibia
Kaga-Bandoro,/m/05ydw9,,Central African Republic
Kagal,/m/09tys0,,India
Kagan,/m/063yj1m,,Uzbekistan
Kagitumba,/m/0jkydyk,,Rwanda
Kago Kaju,/m/05c1ccq,,South Sudan
Kagoshima,/m/049wm,,Japan
Kahama,/m/0gg6vms,,Tanzania
Kaharlyk,/m/0gtr6d,,Ukraine
Kahla,/m/0fdt9t,,Germany
Kahlotus,/m/010qgl,,United States
Kahoka,/m/0wtpv,,United States
Kahone,/m/0pmqz,,Senegal
Kahramanmaraş,/m/07_lx2,,Turkey
Kaibito,/m/0qnyw,,United States
Kaifeng,/m/01kdyf,,People's Republic of China
Kailahun,/m/07h8wj,,Sierra Leone
Kaimana,/m/0cc5kyl,,Indonesia
Kaimla,/m/012hpmys,,India
Kairana,/m/0f52dg,,India
Kaisersesch,/m/0br0jp,,Germany
Kaiserslautern,/m/01y_pd,,Germany
Kaiserstuhl,/m/0fzmph,,Switzerland
Kaithal,/m/06rwbd,,India
Kajiado,/m/0fm6f1,,Kenya
Kakamega,/m/03g2sg,,Kenya
Kakamigahara,/m/01wl5d,,Japan
Kakarbhitta,/m/04z_474,,Nepal
Kakata,/m/09jppj,,Liberia
Kake,/m/01z1xdp,,United States
Kakegawa,/m/01wlhw,,Japan
Kakhovka,/m/0dqf35,,Ukraine
Kakinada,/m/05n568,,India
Kakogawa,/m/01wnky,,Japan
Kakrala,/m/0f52k0,,India
Kaktovik Village,/m/0qgn0,,United States
Kalabahi,/m/02z0xym,,Indonesia
Kalabaydh,/m/03h0y5x,,Somalia
Kalabaydh,/m/03h0y5x,,Somaliland
Kalabera,/m/025y8kf,,United States
Kalaiya,/m/04my8cs,,Nepal
Kalama,/m/010q8d,,United States
Kalamata,/m/03f_dg,,Greece
Kalamazoo,/m/0f67f,,United States
Kalamboli,/m/02plm30,,India
Kalamon,/m/05p1xhk,,Ivory Coast
Kalamydi,/m/027kw_3,,Greece
Kalana,/m/05h3nml,,Mali
Kalat,/m/04f46,,Pakistan
Kalaureia,/m/03bxp2f,,Greece
Kalaw,/m/08df5h,,Myanmar
Kalbajar,/m/05pddxv,,Azerbaijan
Kalbe (Milde),/m/0bdq5k,,Germany
Kalemie,/m/081zcx,,Democratic Republic of the Congo
Kalenić,/m/02q6shg,,Serbia
Kalety,/m/028bst1,,Poland
Kalgoorlie,/m/0j322,,Australia
Kalimpong,/m/023228,,India
Kalindoia,/m/03hpc5l,,Greece
Kaliningrad,/m/049hw,,Russia
Kalish Pomorski,/m/050lqr,,Poland
Kalispell,/m/0x1vt,,United States
Kalisz,/m/0jx6v,,Poland
Kalkar,/m/0bfk39,,Germany
Kallaste,/m/07r343,,Estonia
Kallithea,/m/02qs48,,Greece
Kalmar,/m/03zv8k,,Sweden
Kalmiuske,/m/0gtrn9,,Ukraine
Kalocsa,/m/08fjgb,,Hungary
Kalol,/m/0f530v,,India
Kalona,/m/0t445,,United States
Kalotina,/m/02qtw5c,,Bulgaria
Kalpi,/m/06c_xf,,India
Kaltan,/m/03nndq2,,Russia
Kaltenkirchen,/m/0909vb,,Germany
Kaltennordheim,/m/0fdtdl,,Germany
Kaluga,/m/0233n3,,Russia
Kalundborg,/m/056vv8,,Denmark
Kalush,/m/02k6y9,,Ukraine
Kalutara,/m/02rrc1y,,Sri Lanka
Kaluđerovo,/m/026dvgt,,Serbia
Kalvarija,/m/0c2npg,,Lithuania
Kalwaria Zebrzydowska,/m/0140rz,,Poland
Kalyani,/m/0f5pbf,,India
Kalymnos,/m/03pc36,,Greece
Kalynivka,/m/0gt1x3,,Ukraine
Kamagaya,/m/01wj4k,,Japan
Kamakura,/m/0gqm_,,Japan
Kamalamai,/m/02rdzdr,,Nepal
Kamalia,/m/027nxm3,,Pakistan
Kamarhati,/m/07s6yq,,India
Kamarina,/m/0bckx6,,Italy
Kamas,/m/010gc4,,United States
Kambia,/m/025ybzv,,Sierra Leone
Kambove,/m/05mrph8,,Democratic Republic of the Congo
Kameiros,/m/01ytz4,,Greece
Kamen,/m/02k5xf,,Germany
"Kamenica, Kosovo",/m/0c2t7t,,Serbia
"Kamenica, Kosovo",/m/0c2t7t,,Kosovo
Kamensk-Uralsky,/m/08zyy1,,Russia
Kamenz,/m/04rf8h,,Germany
Kamiah,/m/0s1wl,,United States
Kamianets-Podilskyi,/m/04qcd_,,Ukraine
Kamianka,/m/0gtqxc,,Ukraine
Kamianka-Buzka,/m/0cgj4n,,Ukraine
Kamianka-Dniprovska,/m/0gt25g,,Ukraine
Kamienna Góra,/m/022bd5,,Poland
Kamień Krajeński,/m/02plx4v,,Poland
Kamień Pomorski,/m/05dnw7,,Poland
Kamieńczyk,/m/04ybmf7,,Poland
Kamieńsk,/m/0f8t99,,Poland
Kamin-Kashyrskyi,/m/0gt20z,,Ukraine
Kamina,/m/0cbhm8,,Democratic Republic of the Congo
Kaminahu,/m/0nfvy39,,Yemen
Kamisee,/m/03gvnd1,,Ethiopia
Kamloops,/m/01wj17,,Canada
Kamnik,/m/03w6jq,,Slovenia
Kamp-Lintfort,/m/0bn724,,Germany
Kampala,/m/0fngy,,Uganda
Kampar,/m/0bf2qx,,Malaysia
Kampen,/m/0vhg6,,Netherlands
Kampong Cham,/m/0bgmmd,,Cambodia
Kampong Chhnang,/m/0ggffk,,Cambodia
Kampong Thom,/m/0ggf1n,,Cambodia
Kampong Trach District,/m/02w66lb,,Cambodia
Kampot,/m/0c3ntb,,Cambodia
Kamrar,/m/0szz1,,United States
Kamsar,/m/026l0v9,,Guinea
Kamyanske,/m/04n2m7,,Ukraine
Kamyshin,/m/07g1cr,,Russia
Kamëz,/m/047mxmv,,Albania
Kanab,/m/010fcg,,United States
Kananga,/m/05wz5z,,Democratic Republic of the Congo
Kanawha,/m/0s_1j,,United States
Kanazawa,/m/0gp5ql,,Japan
Kanchipuram,/m/076p0r,,India
Kanchrapara,/m/0f53j9,,India
Kanda,/m/03bdd2,,Japan
Kandahar,/m/04dj2,,Afghanistan
Kandava,/m/03c3ffz,,Latvia
Kandel,/m/0br6b8,,Germany
Kandern,/m/0b1hx3,,Germany
Kandhkot,/m/03d0swp,,Pakistan
Kanding Township,/m/07k69pp,,Taiwan
Kandiyohi,/m/0w3h0,,United States
Kandy,/m/01sg4_,,Sri Lanka
Kandé,/m/09hmkj,,Togo
Kangaatsiaq,/m/0bch6n,,Greenland
Kangar,/m/03721p,,Malaysia
Kanggye,/m/04j51c,,North Korea
Kani,/m/01wl5s,,Japan
Kaniv,/m/037_9z,,Ukraine
Kankakee,/m/0s987,,United States
Kannapolis,/m/0l_vf,,United States
Kanne,/m/065_qdn,,Belgium
Kanniyakumari,/m/01txml,,India
Kannur,/m/074yys,,India
Kano,/m/02jttf,,Nigeria
Kanopolis,/m/0t6pj,,United States
Kanorado,/m/0tbtt,,United States
Kanoya,/m/01wr5b,,Japan
Kanpur,/m/01_q7h,,India
Kansas City,/m/0tcj6,,United States
Kansas City,/m/04f_d,,United States
Kantchari,/m/09gjntk,,Burkina Faso
Kanyabayonga,/m/0hgnk7w,,Democratic Republic of the Congo
Kanye,/m/09cx2p,,Botswana
Kaohsiung,/m/04bnx,,Taiwan
Kaolack,/m/05g3vn,,Senegal
Kaous,/m/04yc0c8,,Greece
Kapilvastu Municipality,/m/06_86x,,Nepal
Kapisi,/m/0117rbxg,,Kingdom of Kapisi
Kapitan Andreevo,/m/0265vw4,,Bulgaria
Kaplan,/m/0tn2n,,United States
Kaplice,/m/07z17r,,Czech Republic
Kaposvár,/m/01g_ld,,Hungary
Kappeln,/m/0ctj5r,,Germany
Kapshticë,/m/0nbqfbc,,Albania
Kapurthala,/m/06l4jq,,India
Kapuvár,/m/0dj8cm,,Hungary
Kapıkule,/m/0g1b6f,,Turkey
Kara-Balta,/m/0272shc,,Kyrgyzstan
Kara-Suu,/m/064nqp,,Kyrgyzstan
Karabük,/m/02ys_0,,Turkey
Karachi,/m/04cjn,,Pakistan
Karad,/m/041n94,,India
Karadeniz Ereğli,/m/02t75x,,Turkey
Karaganda,/m/01nlrz,,Kazakhstan
Karaikudi,/m/032j59,,India
Karak,/m/0d25xg,,Pakistan
Karakol,/m/01gqbd,,Kyrgyzstan
Karakore,/m/047ct0_,,Ethiopia
Karakorum,/m/09x1bt,,Mongolia
Karaköl,/m/03wcqb8,,Kyrgyzstan
Karaköprü district,/m/0vztgyk,,Turkey
Karala,/m/0gfg06c,,India
Karaman,/m/02p05s,,Turkey
Karamay,/m/044qq5,,People's Republic of China
Karanja Lad,/m/0f54fg,,India
Karasburg,/m/0cjz3m,,Namibia
Karatau,/m/02vqpb1,,Kazakhstan
Karatsu,/m/01wq3y,,Japan
Karawang,/m/0gc879,,Indonesia
Karbala,/m/01dyns,,Iraq
Karben,/m/049xn0,,Germany
Karcag,/m/0ct_t6,,Hungary
Karczew,/m/028771b,,Poland
Kardam,/m/0c00sqf,,Bulgaria
Kardítsa,/m/0564c1,,Greece
Kareli,/m/04gmk4l,,Georgia
Karepalli,/m/02px9ts,,India
Karesuando,/m/0h2bbm,,Sweden
Karesuvanto,/m/05_5z97,,Finland
Kargil,/m/0b5frl,,India
Kargowa,/m/02pjrb7,,Poland
Kariba,/m/02yrzf,,Zimbabwe
Karigasniemi,/m/05ymg6,,Finland
Karimnagar,/m/031c2d,,India
Kariya,/m/01wlrx,,Japan
Karjat,/m/04rt89,,India
Karkamış district,/m/0bpdnc,,Turkey
Karksi-Nuia,/m/0274dc7,,Estonia
Karlino,/m/027522c,,Poland
Karlivka,/m/0gt2h2,,Ukraine
Karlovac,/m/02prtm,,Croatia
Karlovy Vary,/m/01ty8l,,Czech Republic
Karlsruhe,/m/0qb1z,,Germany
Karlsruhe,/m/0ypjm,,United States
Karlstad,/m/0w3x2,,United States
Karlstadt am Main,/m/03sxbm,,Germany
Karmiel,/m/01typc,,Israel
Karnak,/m/014wy4,,Egypt
Karnes City,/m/0104_9,,United States
Karpacz,/m/014_g6,,Poland
Karpasia,/m/02qs9xx,,Cyprus
Kars,/m/047sts,,Turkey
Kartah,/m/0275t5v,,
Kartepe,/m/0ch1n_6,,Turkey
Karthaia,/m/0134clc6,,Greece
Kartung,/m/05b33b1,,The Gambia
Kartuzy,/m/013_x3,,Poland
Karungi,/m/05zl4fj,,Sweden
Karur,/m/03xk2q,,India
Karviná,/m/08446l,,Czech Republic
Karystos,/m/06d9qt,,Greece
Kasaan,/m/0qgxw,,United States
Kasama,/m/06tfj0,,Zambia
Kasane,/m/09cx0l,,Botswana
Kasanga,/m/0c99fr,,Tanzania
Kasese,/m/079yzp,,Uganda
Kashan,/m/04r6mf,,Iran
Kashgar,/m/0m0hc,,People's Republic of China
Kashihara,/m/01wnsm,,Japan
Kashipur,/m/09_s69,,India
Kashiwa,/m/01wj1n,,Japan
Kashiwanoha,/m/0crfjmf,,Japan
Kashkar,/m/0j2439z,,Iraq
Kashmar,/m/090t96,,Iran
Kaskelen,/m/063_2r2,,Kazakhstan
Kasota,/m/0w4s_,,United States
Kaspi,/m/0b6tlr,,Georgia
Kaspiysk,/m/0b5w22,,Russia
Kassala,/m/056gvt,,Sudan
Kassel,/m/0bkv0,,Germany
Kasson,/m/0vzbp,,United States
Kassope,/m/025vxnb,,Greece
Kastamonu,/m/03fryt,,Turkey
Kastanies,/m/05pjjf,,Greece
Kastav,/m/08b6my,,Croatia
Kastellaun,/m/0bt24l,,Germany
Kastoria,/m/01s2j6,,Greece
Kasuga,/m/01wp_p,,Japan
Kasugai,/m/01wlqm,,Japan
Kasukabe,/m/01whgw,,Japan
Kasulu,/m/0zwnvm9,,Tanzania
Kasumbalesa,/m/0f8548,,Democratic Republic of the Congo
Kasur,/m/03_7_n,,Pakistan
Katerini,/m/037dk_,,Greece
Kathmandu,/m/04cx5,,Nepal
Kathryn,/m/0yms_,,United States
Katima Mulilo,/m/05zxc4,,Namibia
Katiola,/m/0cbmhl,,Ivory Coast
Katni,/m/097fcw,,India
Katowice,/m/0bld8,,Poland
Katowice urban area,/m/05p5yyn,,Poland
Katsina,/m/02whq_,,Nigeria
Kattakurgan,/m/057p75,,Uzbekistan
Katuna,/m/09k6mfp,,Uganda
Katy,/m/013mmr,,United States
Katzenelnbogen,/m/024fd4,,Germany
Katzrin,/m/01v0gt,,Syria
Kaub,/m/0b6cr1,,Germany
Kaufbeuren,/m/04k37x,,Germany
Kaufman,/m/01051q,,United States
Kaukauna,/m/01mmbb,,United States
Kaunas,/m/0171b8,,Lithuania
Kaunos,/m/0bqsq1,,Turkey
Kavajë,/m/01tg13,,Albania
Kavarskas,/m/0b7ghd,,Lithuania
Kavieng,/m/02n4ch,,Papua New Guinea
Kaw City,/m/0z6s_,,United States
Kawachinagano,/m/01wn7h,,Japan
Kawagoe,/m/01whb7,,Japan
Kawaguchi,/m/01whc1,,Japan
Kawambwa,/m/09fgqv,,Zambia
Kawanishi,/m/01wnnp,,Japan
Kawartha Lakes,/m/02294_,,Canada
Kawasaki,/m/0gp66n,,Japan
Kawkaban,/m/07f0_j,,Yemen
Kawthaung,/m/0cbc0t,,Myanmar
Kaya,/m/04xz88,,Burkina Faso
Kaya,/m/0705dd,,South Sudan
Kayanza,/m/07gyx4,,Burundi
Kayes,/m/0446sk,,Mali
Kayseri,/m/01k571,,Turkey
Kaysville,/m/010dry,,United States
Kayyngdy,/m/03wbflh,,Kyrgyzstan
Kazallu,/m/02z7n73,,
Kazan,/m/01cr28,,Russia
Kazanlak,/m/025_mm,,Bulgaria
Kazimierz Dolny,/m/040_71,,Poland
Kazimierza Wielka,/m/0c5hjl,,Poland
Kazincbarcika,/m/05ld68,,Hungary
Kazlų Rūda,/m/0g2wbz,,Lithuania
Kazo,/m/01whdv,,Japan
Kazungula,/m/08n2gz,,Zambia
Kazungula,/m/0h98nq7,,Botswana
Kazungula,/m/0b2xlt,,Zimbabwe
Kaédi,/m/04p4s3,,Mauritania
Kaélé,/m/09ct0m,,Cameroon
Kałuszyn,/m/0c5ff4,,Poland
Kańczuga,/m/028bb1t,,Poland
Kaštela,/m/07wfmp,,Croatia
Kcynia,/m/02plbk_,,Poland
Kearney,/m/0wtt8,,United States
Kearney,/m/0x4nz,,United States
Kebri Beyah,/m/0dqhns,,Ethiopia
Kebri Dahar,/m/026sv35,,Ethiopia
Kecel,/m/0cz3x_,,Hungary
Kechi,/m/01_f3zy,,United States
Kecskemét,/m/03yqfk,,Hungary
Kediri,/m/025vkkq,,Indonesia
Keego Harbor,/m/0vgfq,,United States
Keelung,/m/01w1hg,,Taiwan
Keene,/m/0xf6r,,United States
Keene,/m/0104yk,,United States
Keene,/m/04936b_,,United States
Keetmanshoop,/m/03snzt,,Namibia
Keewatin,/m/0w2hp,,United States
Kefamenanu,/m/09g689n,,Indonesia
Keflavík,/m/04df2,,Iceland
Kegalle,/m/05jbnd,,Sri Lanka
Kehl,/m/04d7sc,,Germany
Kehra,/m/0tkbctw,,Estonia
Keila,/m/078_lk,,Estonia
Keilah,/m/0270gsp,,Jordan
Keiser,/m/0qvv8,,United States
Keith,/m/0538cn,,United Kingdom
Keithsburg,/m/0sdk4,,United States
Keizer,/m/0zfb9,,United States
Kelbra,/m/0d3_kb,,Germany
Kele,/m/03gt049,,Ethiopia
Kelebia,/m/026lv5h,,Hungary
Kelebija,/m/07xl95,,Serbia
Kelford,/m/0yd8x,,United States
Kelin,/m/0ds4jf6,,Spain
Kelkheim (Taunus),/m/0dkddd,,Germany
Keller,/m/0109ct,,United States
Kellerton,/m/0t2t4,,United States
Kelley,/m/0t3dg,,United States
Kelliher,/m/0vtjq,,United States
Kellinghusen,/m/074m2d,,Germany
Kellogg,/m/0s_vn,,United States
Kellogg,/m/0wlzm,,United States
Kellogg,/m/0s2km,,United States
Kelmė,/m/03p2f5,,Lithuania
Kelmė,/m/03p2f5,,Russian Empire
Kelowna,/m/01gb_7,,Canada
Kelso,/m/058ql_,,United Kingdom
Kelso,/m/010q8r,,United States
Kelsterbach,/m/0dpgqp,,Germany
Kemah,/m/0101pr,,United States
Kemalpaşa,/m/0bj9xl,,Turkey
Kemberg,/m/0d4_7_,,Germany
Kemecse,/m/026ryc0,,Hungary
Kemerovo,/m/04clh,,Russia
Kemin,/m/0272sd8,,Kyrgyzstan
Kemmerer,/m/011fxx,,United States
Kemnath,/m/04qyxq,,Germany
Kemp,/m/010521,,United States
Kempen,/m/05y01x,,Germany
Kempner,/m/0105gl,,United States
Kempten,/m/055wyt,,Germany
Kenai,/m/01z1xj2,,United States
Kenansville,/m/0yg3k,,United States
Kendallville,/m/0sp4b,,United States
Kendari,/m/0850nc,,Indonesia
Kenderes,/m/0b7r3w,,Hungary
Kendleton,/m/0101b1,,United States
Kendrick,/m/0s267,,United States
Kenedy,/m/0104_n,,United States
Kenema,/m/05bjkl,,Sierra Leone
Kenge,/m/05c35cv,,Democratic Republic of the Congo
Kengtung,/m/07l45r,,Myanmar
Keningau,/m/07bd61,,Malaysia
Kenitra,/m/02_b67,,Morocco
Kenly,/m/013j29,,United States
Kenmare,/m/0ys3b,,United States
Kenmore,/m/010rgv,,United States
Kennard,/m/01045n,,United States
Kennebec,/m/0_r87,,United States
Kennedale,/m/0109d4,,United States
Kennedy,/m/0w3xf,,United States
Kenner,/m/01_gv32,,United States
Kennesaw,/m/0rv8k,,United States
Kenneth,/m/0wgxt,,United States
Kennett,/m/0xhc6,,United States
Kennett,/m/076vcpg,,United States
Kennewick,/m/0mmvz,,United States
Kenosha,/m/02h98sm,,United States
Kenova,/m/010z04,,United States
Kensal,/m/02045f4,,United States
Kenscoff,/m/026771l,,Haiti
Kensett,/m/0qxp7,,United States
Kensett,/m/0t4sh,,United States
Kensington,/m/0vzln,,United States
Kensington,/m/0tbw5,,United States
Kent,/m/010rh5,,United States
Kent,/m/0z0y2,,United States
Kent,/m/0wn6j,,United States
Kentau,/m/03d1h8c,,Kazakhstan
Kenton,/m/0yydf,,United States
Kenton Vale,/m/0tghd,,United States
Kentwood,/m/0v9s8,,United States
Kentzou,/m/09k4slp,,Cameroon
Kenyon,/m/0v_zd,,United States
Kenzingen,/m/0fdtq_,,Germany
Keokuk,/m/0t0l2,,United States
Keomah Village,/m/0t141,,United States
Keosauqua,/m/0t3vk,,United States
Keota,/m/0t094,,United States
Kepoi,/m/026fv37,,Taman Peninsula
Kepoi,/m/026fv37,,Bosporan Kingdom
Kerben,/m/03wd209,,Kyrgyzstan
Kerch,/m/0ct7w,,Russia
Kerch,/m/0ct7w,,Ukraine
Kerekegyháza,/m/0c_gdv,,Hungary
Kerema,/m/0f_d_8,,Papua New Guinea
Keren,/m/06j09c,,Eritrea
Kerens,/m/01072q,,United States
Kerepes,/m/043jm5h,,Hungary
Kericho,/m/07q4g4,,Kenya
Kerkhoven,/m/0wl55,,United States
Kerki,/m/03ymj_g,,Turkmenistan
Kerman,/m/0qz7g,,United States
Kerman,/m/03gpkg,,Iran
Kermanshah,/m/055d0y,,Iran
Kermit,/m/010c6l,,United States
Kernersville,/m/013hzq,,United States
Kerpen,/m/02rpx_,,Germany
Kerrick,/m/0wcxj,,United States
Kerrville,/m/010567,,United States
Kesennuma,/m/01wfzv,,Japan
Kesh,/m/03whtw6,,Iraq
Keswick,/m/0t09h,,United States
Keszthely,/m/07h1qw,,Hungary
Keta,/m/02z5gp,,Ghana
Ketapang,/m/0463n3d,,Indonesia
Ketchikan,/m/0qfrj,,United States
Ketchum,/m/0s10b,,United States
Kettering,/m/013js4,,United States
Kettle Falls,/m/010vc2,,United States
Kettle River,/m/0vvzy,,United States
Ketzin/Havel,/m/0fdtsr,,Germany
Kevelaer,/m/04x_1b,,Germany
Kevil,/m/0tclb,,United States
Kewanee,/m/0s85d,,United States
Kewaunee,/m/0114f1,,United States
Key Colony Beach,/m/0rp3g,,United States
Key West,/m/0rp46,,United States
Keyser,/m/010xy9,,United States
Keystone,/m/0srnm,,United States
Keystone,/m/010xs4,,United States
Keystone Heights,/m/0rhk0,,United States
Keysville,/m/0rtg8,,United States
Keytesville,/m/0wtjp,,United States
Kfar Saba,/m/01vtfk,,Israel
Kfar Saba,/m/065ys9h,,Israel
Khaar,/m/0c3rg1,,Pakistan
Khabab,/m/05myjx7,,Syria
Khabarovsk,/m/010f1kyh,,Russia
Khabarovsk,/m/0fmxx,,Russia
Khachmaz,/m/04jknpd,,Azerbaijan
Khafji,/m/077_r8,,Saudi Arabia
Khairpur,/m/04342q,,Pakistan
Khairpur Tamiwali,/m/07kh90h,,Pakistan
Khalanga,/m/04zwk1_,,Nepal
Khambhat,/m/05tw2p,,India
Khami,/m/04374f,,Zimbabwe
Khamis Mushait,/m/0gk5t,,Saudi Arabia
Khan Abad,/m/02w9vgy,,Afghanistan
Khan Yunis,/m/0pq_y,,Palestine
Khanaqin,/m/040dw1,,Iraq
Khanbaliq,/m/03k8_0,,Yuan dynasty
Khandbari,/m/02p_hgb,,Nepal
Khandela,/m/0f56fw,,India
Khandwa,/m/02jxvh,,India
Khanewal,/m/0b1rr1,,Pakistan
Khankendi,/m/03pf8f,,Azerbaijan
Khanna,/m/03chrz8,,India
Khanpur,/m/011l8wjn,,India
Kharagpur,/m/0470zg,,India
Khardah,/m/07l6jc,,India
Khargone,/m/095xs6,,India
Kharian,/m/0283yfm,,Pakistan
Kharkiv,/m/082sy9,,Ukraine
Khartoum,/m/04d_m,,Sudan
Khartoum North,/m/08vb63,,Sudan
Khartsyzk,/m/0gt38n,,Ukraine
Khartsyzk,/m/0gt38n,,Soviet Union
Khartsyzk,/m/0gt38n,,Russian Empire
Khasavyurt,/m/0b5wcw,,Russia
Khashshum,/m/01029h60,,Turkey
Khashshum,/m/01029h60,,Hurrians
Khashuri,/m/0b6m4z,,Georgia
Khemisset,/m/09gn7l,,Morocco
Khenchela,/m/055mks,,Algeria
Khenifra,/m/0b4mvw,,Morocco
Khereddine,/m/0138gjqg,,Tunisia
Kherson,/m/03_dfy,,Ukraine
Khewra,/m/03hfvqw,,Pakistan
Khiva,/m/01xdrm,,Uzbekistan
Khizi,/m/04jpk59,,Azerbaijan
Khlong Yai,/m/0qs9mh4,,Thailand
Khmelnytskyi,/m/032x_k,,Ukraine
Khmilnyk,/m/0g3dnc,,Ukraine
Khobar,/m/03305y,,Saudi Arabia
Khobi,/m/011bwvc2,,Georgia
Khodoriv,/m/0bv60h,,Ukraine
Khojaly,/m/04jdg13,,Azerbaijan
Khojavend,/m/04jhqnx,,Azerbaijan
Kholm,/m/053vkx9,,Afghanistan
Khomeyni Shahr,/m/02pl10p,,Iran
Khon Kaen,/m/01cygw,,Thailand
Khoni,/m/03ykzv,,Georgia
Khordha,/m/025t763,,India
Khorgos,/m/04g03pb,,People's Republic of China
Khorixas,/m/0cjzk1,,Namibia
Khorol,/m/0gt2j3,,Ukraine
Khorostkiv,/m/0gt1s_,,Ukraine
Khorramabad,/m/0616ky,,Iran
Khorugh,/m/028qkv,,Tajikistan
Khosravi,/m/0ddd_r8,,Iran
Khosrow parviz hunting ground,/m/0cc8wtp,,Iran
Khosrow parviz hunting ground,/m/0cc8wtp,,Sasanian Empire
Khosrow parviz hunting ground,/m/0cc8wtp,,Parthian Empire
Khost,/m/023rrh,,Afghanistan
Khotyn,/m/051d8c,,Ukraine
Khovd,/m/05x_pp,,Mongolia
Khoy,/m/02k2ms,,Iran
Khrestivka,/m/0gt3lr,,Ukraine
Khrestivka,/m/0gt3lr,,Soviet Union
Khrustalnyi,/m/09hhc6,,Ukraine
Khrystynivka,/m/0gtr_w,,Ukraine
Khudabad,/m/02r_b4m,,Pakistan
Khudat,/m/0cy012,,Azerbaijan
Khujand,/m/03j74q,,Tajikistan
Khuldabad,/m/0c6rrl,,India
Khulna,/m/03t81c,,Bangladesh
Khunwa,/m/0hznvds,,India
Khushab,/m/09xlpk,,Pakistan
Khushab,/m/09xlpk,,British Raj
Khust,/m/09pk5z,,Ukraine
Khutir-Mykhailivskyi,/m/0gt2c9,,Ukraine
Khuzdar,/m/09xjsx,,Pakistan
Khyrdalan,/m/02pqzzf,,Azerbaijan
Khyriv,/m/0gt4g5,,Ukraine
Kiana,/m/0qgrp,,United States
Kibaha,/m/074xy7,,Tanzania
Kibler,/m/0qsn3,,United States
Kibuye,/m/0620ps,,Rwanda
Kibyra,/m/0gvscwx,,Turkey
Kidapawan,/m/06n9nl,,Philippines
Kidder,/m/0wszr,,United States
Kidira,/m/05g453,,Senegal
Kief,/m/0ypj_,,United States
Kiel,/m/0g7pm,,Germany
Kiel,/m/013nwd,,United States
Kielce,/m/0jx0_,,Poland
Kierspe,/m/01_q6q,,Germany
Kiester,/m/0vzyb,,United States
Kieta,/m/065cm8,,Papua New Guinea
Kietrz,/m/02751rp,,Poland
Kiffa,/m/0b1xgk,,Mauritania
Kigali,/m/0fnhf,,Rwanda
Kigoma,/m/06kxxf,,Tanzania
Kikagati,/m/0b77wv7,,Uganda
Kikinda,/m/01psb5,,Serbia
Kikwit,/m/0655d1,,Democratic Republic of the Congo
Kilaguni,/m/0h1csgw,,Kenya
Kilgore,/m/013mtk,,United States
Kiliba,/m/02q7qpt,,Democratic Republic of the Congo
Kilifi,/m/067x9d,,Kenya
Kiliia,/m/07swdx,,Ukraine
Kilimli,/m/0h7pw7_,,Turkey
Kilingi-Nõmme,/m/02qt3q3,,Estonia
Kilinochchi,/m/0393ct,,Sri Lanka
Kilis,/m/08x656,,Turkey
Kilkenny,/m/0m_xy,,Ireland
Kilkenny,/m/0w4tp,,United States
Kilkis,/m/073nzb,,Greece
Kill Devil Hills,/m/0yfym,,United States
Killdeer,/m/0ynx6,,United States
Killeen,/m/0_x_w,,United States
Killiney,/m/0406xc,,Ireland
"Kilrenny, Anstruther Easter and Anstruther Wester",/m/025sy35,,United Kingdom
Kilsyth,/m/02n40z,,United Kingdom
Kilwinning,/m/03g1sq,,United Kingdom
Kimathanka,/m/04_07p8,,Nepal
Kimball,/m/0x7t3,,United States
Kimball,/m/0_pdg,,United States
Kimball,/m/0wk7m,,United States
Kimballton,/m/0srlx,,United States
Kimberley,/m/051404,,Canada
Kimberling City,/m/0x0lb,,United States
Kimberly,/m/0s2qs,,United States
Kimchaek,/m/06zvgr,,North Korea
Kimmerikon,/m/026fvhz,,Russia
Kimmerikon,/m/026fvhz,,Ukraine
Kimmerikon,/m/026fvhz,,Bosporan Kingdom
Kimmswick,/m/0wwrz,,United States
Kimolos,/m/08hvjq,,Greece
Kimpese,/m/05h44yd,,Democratic Republic of the Congo
Kinbrae,/m/0w8sw,,United States
Kincaid,/m/0t50f,,United States
Kindred,/m/0ynj4,,United States
Kindu,/m/08n_wm,,Democratic Republic of the Congo
King,/m/013h_1,,United States
King City,/m/0r1_w,,United States
King City,/m/0zgf_,,United States
King City,/m/0wvpj,,United States
King Cove,/m/01z1yvs,,United States
Kingfisher,/m/0z6w1,,United States
Kingman,/m/0qpxc,,United States
Kingman,/m/0t7wc,,United States
Kings Mountain,/m/013hv1,,United States
Kingsburg,/m/0qz7w,,United States
Kingsbury,/m/01022l,,United States
Kingsford,/m/0v4z1,,United States
Kingsgate,/m/05h5mv4,,Canada
Kingsland,/m/0qscf,,United States
Kingsland,/m/0rtlg,,United States
Kingsley,/m/0tfrl,,United States
Kingsley,/m/0t278,,United States
Kingsport,/m/013lmb,,United States
Kingston,/m/06y065,,Australia
Kingston,/m/09b8m,,Jamaica
Kingston,/m/0t6sb,,Canada
Kingston,/m/01mgsn,,United States
Kingston,/m/0_whf,,United States
Kingston,/m/0ws_2,,United States
Kingston,/m/0w6_t,,United States
Kingston,/m/0rt58,,United States
Kingston upon Hull,/m/0fm2_,,United Kingdom
Kingston upon Hull,/m/0fm2_,,Kingdom of England
Kingstown,/m/037j8q,,Saint Vincent and the Grenadines
Kingstree,/m/0_nts,,United States
Kingsville,/m/0www1,,United States
Kingsville,/m/01057m,,United States
Kingussie,/m/024qh9,,United Kingdom
Kingwood,/m/010ycf,,United States
Kinloch,/m/0w_y0,,United States
Kinmundy,/m/0sclh,,United States
Kinney,/m/0wjln,,United States
Kinross,/m/023r5j,,United Kingdom
Kinross,/m/0t09v,,United States
Kinshasa,/m/0cf0s,,Democratic Republic of the Congo
Kinsley,/m/0t6jp,,United States
Kinston,/m/0yhk4,,United States
Kintore,/m/05kdjb,,United Kingdom
Kiowa,/m/0t547,,United States
Kipoi,/m/05b30z3,,Greece
Kipushi,/m/02r9s6t,,Democratic Republic of the Congo
Kira Town,/m/0524r4p,,Uganda
Kirby,/m/0_y6f,,United States
Kirbyville,/m/0104kq,,United States
Kirchberg,/m/0dzlv3,,Germany
Kirchberg,/m/02z3f23,,Germany
Kirchberg an der Jagst,/m/0ff357,,Germany
Kirchen,/m/04rxzd,,Germany
Kirchenlamitz,/m/0ff382,,Germany
Kirchhain,/m/0cy03h,,Germany
Kirchheim unter Teck,/m/0d9xpr,,Germany
Kirchheimbolanden,/m/038btv,,Germany
Kirishima,/m/02c10_,,Japan
Kirkcaldy,/m/01zrs_,,United Kingdom
Kirkcudbright,/m/011wj2,,United Kingdom
Kirkenes,/m/018d9w,,Norway
Kirkintilloch,/m/0302cl,,United Kingdom
Kirkjubæjarklaustur,/m/033bct,,Iceland
Kirkland,/m/010rhw,,United States
Kirkman,/m/0t34j,,United States
Kirksville,/m/0ws6b,,United States
Kirkuk,/m/01c9bx,,Iraq
Kirkville,/m/0t3yn,,United States
Kirkwall,/m/0ps6q,,United Kingdom
Kirkwood,/m/0w_yc,,United States
Kirn,/m/0bqgm0,,Germany
Kiron,/m/0stq2,,United States
Kirov,/m/0151rl,,Russia
Kirriemuir,/m/023r5w,,United Kingdom
Kirtipur,/m/04r_c2,,Nepal
Kirtland,/m/0yz8b,,United States
Kirtorf,/m/0dsy53,,Germany
Kirwin,/m/0t9jj,,United States
Kiryat Ata,/m/01vtpj,,Israel
Kiryat Bialik,/m/01vtq7,,Israel
Kiryat Gat,/m/01vtqm,,Israel
Kiryat Malachi,/m/01vtrq,,Israel
Kiryat Motzkin,/m/01vtq_,,Israel
Kiryat Ono,/m/01vtp5,,Israel
Kiryat Shmona,/m/029dfk,,Israel
Kiryat Yam,/m/01t7zl,,Israel
Kiryū,/m/0gp5_7,,Japan
Kisangani,/m/02sw2b,,Democratic Republic of the Congo
Kisantu,/m/06560k,,Democratic Republic of the Congo
Kisaran,/m/051vfrw,,Indonesia
Kisarazu,/m/0gp63l,,Japan
Kisbér,/m/0bl25j,,Hungary
Kish,/m/0126yk,,Iraq
Kishangarh,/m/08fg_3,,India
Kishiwada,/m/01wm_w,,Japan
Kisielice,/m/02pkmfz,,Poland
Kisii,/m/079__d,,Kenya
Kiskunfélegyháza,/m/07g_dk,,Hungary
Kiskunhalas,/m/07xjrm,,Hungary
Kiskunlacháza,/m/09jc5,,Hungary
Kiskunmajsa,/m/0c_czz,,Hungary
Kisköre,/m/03c_tnh,,Hungary
Kiskőrös,/m/0b80rl,,Hungary
Kismayo,/m/04gh99,,Somalia
Kismet,/m/0tbr1,,United States
Kissidougou,/m/05dlt1,,Guinea
Kissimmee,/m/0rpxq,,United States
Kistarcsa,/m/02rd0m7,,Hungary
Kistelek,/m/026mdmq,,Hungary
Kisumu,/m/02k641,,Kenya
Kisurra,/m/03csw9z,,Iraq
Kisvárda,/m/0f68n7,,Hungary
Kiszombor,/m/026md_r,,Hungary
Kisújszállás,/m/026mhq0,,Hungary
Kitakyūshū-shi,/m/0gp6vr,,Japan
Kitale,/m/02zlhh,,Kenya
Kitami,/m/01wfc0,,Japan
Kitchener,/m/0mbf4,,Canada
Kite,/m/0rxlx,,United States
Kition,/m/0cc5cpq,,Cyprus
Kitsman,/m/0dqfqp,,Ukraine
Kittitas,/m/010s0j,,United States
Kittrell,/m/0yldg,,United States
Kittrell,/m/04bzhgn,,United States
Kittsee,/m/09_r8d,,Austria
Kitty Hawk,/m/0fzy1,,United States
Kitwe,/m/04_w13,,Zambia
Kitzingen,/m/04z7xv,,Germany
Kitzscher,/m/0ff3b5,,Germany
Kivalina,/m/0qgs0,,United States
Kivertsi,/m/0gt1_x,,Ukraine
Kiviõli,/m/0dmjcb,,Estonia
Kladno,/m/01vcwl,,Czech Republic
Kladovo,/m/07c273,,Serbia
Klagenfurt am Wörthersee,/m/0kx53,,Austria
Klaipėda,/m/01523_,,Lithuania
Klamath Falls,/m/0zdml,,United States
Klang,/m/02m2h0,,Malaysia
Klanjec,/m/0b87wr,,Croatia
Klatovy,/m/05jxsl,,Czech Republic
Klawock,/m/0qgy6,,United States
Klazomenai,/m/0kk7_,,Turkey
Kleczew,/m/0ddnn6,,Poland
Kleinbettingen,/m/0cx3y6,,Luxembourg
Kleinlützel,/m/0g4jjx,,Switzerland
Kleitor,/m/0fnj6f,,Greece
Klemme,/m/0s_1w,,United States
Kleszczele,/m/022ly1,,Poland
Klettgau,/m/02q040w,,Germany
Kleve,/m/0194vw,,Germany
Klimontów,/m/02w80dp,,Poland
Klingenbach,/m/05d5fk,,Austria
Klingenberg am Main,/m/0bhll6,,Germany
Klingenthal,/m/0ff4w7,,Germany
Klobuk,/m/0crgyzx,,Bosnia and Herzegovina
"Klos, Mat",/m/0fc5dg,,Albania
Kloten,/m/03fts0,,Switzerland
Kluczbork,/m/0229bc,,Poland
Klundert,/m/02p5v9m,,Netherlands
Klötze,/m/0cwc__,,Germany
Klütz,/m/0ff4yp,,Germany
Knidos,/m/0kr95,,Turkey
"Knidos, Cyprus",/m/0cdplz,,Cyprus
Knierim,/m/0ssd0,,United States
Knightdale,/m/0yltv,,United States
Knin,/m/03jny8,,Croatia
Knittlingen,/m/0dlwcg,,Germany
Knob Noster,/m/0wwwd,,United States
Knobel,/m/0qs68,,United States
Knollwood,/m/0101yc,,United States
Knossos,/m/0ksnn,,Greece
Knox,/m/0ymzq,,United States
Knox,/m/0sq4b,,United States
Knox City,/m/0wwyt,,United States
Knoxville,/m/0qv12,,United States
Knoxville,/m/0s9h5,,United States
Knoxville,/m/0_vn7,,United States
Knoxville,/m/0t174,,United States
Knurów,/m/022bt1,,Poland
Knyszyn,/m/022lyd,,Poland
Koani,/m/074xvq,,Tanzania
Kobe,/m/0g3bc,,Japan
Kobeliaky,/m/0gt2jt,,Ukraine
Koblenz,/m/016gb5,,Germany
Koblenz AG,/m/03yr1y,,Switzerland
Kobo,/m/03c_nnv,,Ethiopia
Kobuk,/m/0qgsc,,United States
Kobylin,/m/02889rf,,Poland
Kobyłka,/m/0dmwy0,,Poland
Kocaeli Province,/m/02hs59,,Turkey
Kochi,/m/0fl2s,,India
Kochi,/m/01wpmx,,Japan
Kochkor-Ata,/m/07lzh4,,Kyrgyzstan
Kock,/m/0bkhm6,,Poland
Kodaikanal,/m/05346d,,India
Kodaira,/m/01wrlj,,Japan
Kodeń,/m/02qn2q2,,Poland
Kodiak,/m/01z1y_q,,United States
Kodjoviakopé,/m/0fskts,,Togo
Kodyma,/m/0c1r_3,,Ukraine
Koewacht,/m/02bhcf,,Belgium
Koewacht,/m/02bhcf,,Netherlands
Kofele,/m/027lvkn,,Ethiopia
Koforidua,/m/07_rmv,,Ghana
Kofu,/m/01wj_s,,Japan
Koga,/m/01wq1_,,Japan
Koganei,/m/01wrl3,,Japan
Kogo,/m/05ntth,,Equatorial Guinea
Koh Kong,/m/02pvchd,,Cambodia
Kohat,/m/04_cgy,,Pakistan
Kohima,/m/03gpr_,,India
Kohtla-Järve,/m/055vll,,Estonia
Kohunlich,/m/08wszb,,Mexico
Koidu,/m/05bjnw,,Sierra Leone
Koilabas,/m/04n1s6w,,Nepal
Kokand,/m/03lsr9,,Uzbekistan
Kokdala,/m/0134jb6l,,People's Republic of China
Koknese,/m/08wy7f,,Latvia
Kokomo,/m/0smfm,,United States
Kokopo,/m/0bzbf9,,Papua New Guinea
Kokshetau,/m/02c8ky,,Kazakhstan
Kokshetau,/m/02c8ky,,Soviet Union
Kokshetau,/m/02c8ky,,Russian Empire
Kokubunji,/m/01wrms,,Japan
Kolbermoor,/m/0dm_kx,,Germany
Kolbuszowa,/m/02_gf_,,Poland
Kolda,/m/09h2wd,,Senegal
Kolding,/m/03dt0_,,Denmark
Kolhapur,/m/01xpn2,,India
Kolkata,/m/0cvw9,,India
Kollam,/m/03gxbh,,India
Kolmanskop,/m/07s5l_,,Namibia
Kolno,/m/067nys,,Poland
Kolo,/m/04g2mvq,,Central African Republic
Kolomyia,/m/06gl6p,,Ukraine
Kolonai,/m/0gffl33,,Turkey
Kolonowskie,/m/02pl73m,,Poland
Koluszki,/m/0cr84q,,Poland
Kolwezi,/m/04tcfl,,Democratic Republic of the Congo
Kolín,/m/043bqk,,Czech Republic
Kom Ombo,/m/0qm8t,,Egypt
Komaki,/m/0gp666,,Japan
Komarno,/m/03nhl0,,Ukraine
Komatipoort,/m/054xlz,,South Africa
Komatsu,/m/01wjwg,,Japan
Komiža,/m/05vyg1,,Croatia
Komló,/m/0djlrw,,Hungary
Komotini,/m/062n00,,Greece
Komádi,/m/026n1l_,,Hungary
Komárno,/m/01z0vs,,Slovakia
Komárom,/m/02c33p,,Hungary
Konawa,/m/0z9x7,,United States
Kondoros,/m/026m97f,,Hungary
Kong,/m/0ds7f2,,Ivory Coast
Kongoussi,/m/0b4dkh,,Burkina Faso
Konibodom,/m/034vwt,,Tajikistan
Konice,/m/09zwd6,,Czech Republic
Koniecpol,/m/0284bvk,,Poland
Konin,/m/022mkv,,Poland
Konin,/m/022mkv,,Duchy of Warsaw
Konin,/m/022mkv,,Kingdom of Poland
Konispol,/m/0fc6px,,Albania
Konnagar,/m/0f58_g,,India
Konope,/m/0d7df7,,Greece
Konotop,/m/0b58l4,,Ukraine
Konstancin-Jeziorna,/m/0287mxz,,Poland
Konstantynów Łódzki,/m/02vl94,,Poland
Konya,/m/019_8m,,Turkey
Konya Province,/m/03pllp,,Turkey
Konye-Urgench,/m/06yqlf,,Turkmenistan
Konz,/m/06bcxp,,Germany
Končulj,/m/0ch1b2j,,Serbia
Kooskia,/m/0s1wy,,United States
Kootenai,/m/0s13s,,United States
Koper,/m/02j8ft,,Slovenia
Kopeysk,/m/03zfv7,,Russia
Koprivnica,/m/03bg6g,,Croatia
Koprzywnica,/m/0288mq5,,Poland
Kopychyntsi,/m/0gt1tb,,Ukraine
Kopřivnice,/m/080j66,,Czech Republic
Korba,/m/06lkwg,,India
Korbach,/m/06lq3m,,Germany
Korczowa,/m/02pzf6t,,Poland
Korday,/m/03cq1_n,,Kazakhstan
Kordié,/m/0b4dl7,,Burkina Faso
Korets,/m/0fkvr5,,Ukraine
Korfantów,/m/07r1_1,,Poland
Korhogo,/m/03kr3d,,Ivory Coast
Kori,/m/04g0h1j,,Central African Republic
Koriukivka,/m/0gtq_g,,Ukraine
Korntal-Münchingen,/m/0dmzsy,,Germany
Kornwestheim,/m/0dj996,,Germany
Koro,/m/05mz8ct,,Mali
Korogwe,/m/08nctw,,Tanzania
Koronadal,/m/06mfx4,,Philippines
Koronowo,/m/056flm,,Poland
Korosko,/m/0_qj6_5,,Egypt
Korosten,/m/0b58n7,,Ukraine
Korostyshiv,/m/0gt26v,,Ukraine
Korschenbroich,/m/0bkqrj,,Germany
Korsun-Shevchenkivskyi,/m/05shqq,,Ukraine
Korsze,/m/02plxk6,,Poland
Korsør,/m/03f3jt,,Denmark
Kortrijk,/m/01pbf3,,Belgium
Korydallos,/m/02fykb,,Greece
Korçë,/m/014jx9,,Albania
Korčula,/m/03c2s1d,,Croatia
Kosciusko,/m/0xgb1,,United States
Koshigaya,/m/01whkx,,Japan
Koshkonong,/m/0wyq3,,United States
Kosiv,/m/02z36h,,Ukraine
Kosonsoy,/m/03c0k6_,,Uzbekistan
Kosonsoy,/m/03c0k6_,,Soviet Union
Kosovo Polje,/m/01psbk,,Serbia
Kosovo Polje,/m/01psbk,,Kosovo
Kostajnica,/m/0d4_11,,Bosnia and Herzegovina
Kostanay,/m/0131z_j8,,Kazakhstan
Kostanay,/m/06_5gq,,Kazakhstan
Kostanjevica na Krki,/m/0g1zsp,,Slovenia
Kostelec nad Orlicí,/m/07zvnr,,Czech Republic
Kosti,/m/0ggtb8,,Sudan
Kostiantynivka,/m/088pdz,,Ukraine
Kostolac,/m/077hpj,,Serbia
Kostopil,/m/0gt2fc,,Ukraine
Kostrzyn,/m/0b2zl_,,Poland
Kostrzyn nad Odrą,/m/0b2zw0,,Poland
Koszalin,/m/0jx6c,,Poland
Koszyce,/m/04jk0y7,,Poland
Kosów Lacki,/m/02plx2s,,Poland
Kot Addu,/m/0b5s79,,Pakistan
Kot Momin,/m/03qdmc3,,Pakistan
Kot Radha Kishan,/m/047bb1d,,Pakistan
Kota,/m/04sw8z,,India
Kota Bharu,/m/028zq1,,Malaysia
Kota Kinabalu,/m/01_g7f,,Malaysia
Kota Masohi,/m/0hgn1gx,,Indonesia
Kota Tambolaka,/m/0n45tqp,,Indonesia
Kota Waikabubak,/m/02z0xst,,Indonesia
Kota Waingapu,/m/07g2lj,,Indonesia
Kotamobagu,/m/0hnbxzx,,Indonesia
Kotapinang,/m/051_6b2,,Indonesia
Kotdwar,/m/0f59h_,,India
Kotka,/m/021l12,,Finland
Kotlik,/m/0qhsm,,United States
Kotor,/m/01pjn0,,Montenegro
Kotri,/m/04fdzr,,Pakistan
Kottakuppam,/m/0f59w1,,India
Kottayam,/m/0b5668,,India
Kotzebue,/m/01z1zhv,,United States
Kouango,/m/09vc05,,Central African Republic
Koudougou,/m/04fyck,,Burkina Faso
Kouhu Township,/m/07kgkyr,,Taiwan
Koulamoutou,/m/05xn7l,,Gabon
Koumpentoum,/m/05p2hgm,,Senegal
Koumra,/m/07z6dk,,Chad
Kounahiri,/m/05n_vs3,,Ivory Coast
Koungheul,/m/04mx_g1,,Senegal
Kountze,/m/0102cp,,United States
Koupéla,/m/04p4fl,,Burkina Faso
Kourion,/m/098qt9,,Cyprus
Kousséri,/m/06ycdr,,Cameroon
Kovel,/m/02k6vh,,Ukraine
Kowal,/m/03bm7y,,Poland
Kowalewo Pomorskie,/m/027sw8d,,Poland
Kowary,/m/02pjbyc,,Poland
Koyuk,/m/0qggc,,United States
Koyukuk,/m/0qj5x,,United States
Kozan,/m/012wz4,,Turkey
Kozani,/m/01s2jm,,Greece
Kozarska Dubica,/m/09dty0,,Bosnia and Herzegovina
Kozhikode,/m/0fkbh,,India
Koziatyn,/m/09mc35,,Ukraine
Koziegłowy,/m/028brbl,,Poland
Kozienice,/m/0228s3,,Poland
Kozármisleny,/m/03h0pln,,Hungary
Kočani,/m/03hjnm,,North Macedonia
Kołaczyce,/m/02vx3pf,,Poland
Kołbaskowo,/m/0f6d91,,Poland
Koło,/m/022mjz,,Poland
Kołobrzeg,/m/04fmx,,Poland
Końskie,/m/022mh3,,Poland
Kościan,/m/022mzb,,Poland
Kościerzyna,/m/013_xy,,Poland
Kościerzyna,/m/013_xy,,Kingdom of Poland
Košice,/m/01t4hj,,Slovakia
Koźle,/m/0b6ctk,,Poland
Koźmin Wielkopolski,/m/0288b__,,Poland
Kożuchów,/m/027nzsy,,Poland
Kpalimé,/m/052qww,,Togo
Kragujevac,/m/012sys,,Serbia
Kraichtal,/m/0b3rfs,,Germany
Krajenka,/m/02bq7h,,Poland
Krajnik Dolny,/m/05pcrr4,,Poland
Krakow am See,/m/0ff6xq,,Germany
Kraków,/m/0491y,,Poland
Kraljevica,/m/07bsmd,,Croatia
Kraljevo,/m/01pscb,,Serbia
Kralovice,/m/0gvj7q,,Czech Republic
Kralupy nad Vltavou,/m/07zsqb,,Czech Republic
Kramatorsk,/m/087prg,,Ukraine
Kramer,/m/0yn2h,,United States
Kranichfeld,/m/0ff70j,,Germany
Kranioi,/m/080pnlw,,Greece
Kranj,/m/02ss9j,,Slovenia
Kranjska Gora,/m/0q9_l,,Slovenia
Krannonas,/m/0fy2_p,,Greece
Krapina,/m/03q7s3,,Croatia
Krapkowice,/m/0229cj,,Poland
Kraslice,/m/07j5z7,,Czech Republic
Krasna Talivka,/m/011q0683,,Ukraine
Krasnobród,/m/0cl5w1,,Poland
Krasnodar,/m/02dw2t,,Russia
Krasnodon,/m/07tggm,,Ukraine
Krasnohorivka,/m/0gtqc8,,Ukraine
Krasnohorivka,/m/0gtqc8,,Soviet Union
Krasnoyarsk,/m/0jhb4,,Russia
Krasnystaw,/m/022m3l,,Poland
Krasyliv,/m/0g46x_,,Ukraine
Kratié,/m/0ggdqx,,Cambodia
Krautheim,/m/0ff728,,Germany
Kravaře,/m/07n54r,,Czech Republic
Kraśnik,/m/0229pf,,Poland
Krebs,/m/0z9cm,,United States
Krefeld,/m/018hqt,,Germany
Kremenchuk,/m/04472h,,Ukraine
Kremenets,/m/06_pnz,,Ukraine
Kreminna,/m/0gt46s,,Ukraine
Kremmen,/m/0ff74c,,Germany
Krempe,/m/0cwdz5,,Germany
Krems,/m/02hk7f,,Austria
Krenides,/m/07s610t,,Greece
Kress,/m/01096y,,United States
Kressa,/m/07s6fdm,,Turkey
Kretinga,/m/067znx,,Lithuania
Kreuzlingen,/m/03zqb7,,Switzerland
Kreuztal,/m/0bly3q,,Germany
Kribi,/m/05r_h0,,Cameroon
Kriens,/m/0dx638,,Switzerland
Krimisa,/m/05p557m,,Italy
Krishnanagar,/m/04f2y2j,,Nepal
Krishnanagar,/m/09xm8d,,India
Kristianstad,/m/03zstb,,Sweden
Krithotai,/m/07s6m5m,,Turkey
Kriva Palanka,/m/07rzpg,,North Macedonia
Križevci,/m/03bbjp,,Croatia
Krk,/m/03c5p59,,Croatia
Krnov,/m/049yd6,,Czech Republic
Krobia,/m/08qkh1,,Poland
Kroh,/m/0hnbgwx,,Malaysia
Krolevets,/m/0gt2b7,,Ukraine
Kroměříž,/m/05v7w3,,Czech Republic
Kronach,/m/04t85t,,Germany
Kronberg im Taunus,/m/04jw7t,,Germany
Krong Kep,/m/05p2f73,,Cambodia
Kroppenstedt,/m/0cxsdh,,Germany
Kropyvnytskyi,/m/046bpr,,Ukraine
Krosno,/m/022mv1,,Poland
Krosno,/m/022mv1,,Austria–Hungary
Krosno,/m/022mv1,,Austrian Empire
Krosno,/m/022mv1,,General Government
Krosno,/m/022mv1,,Second Polish Republic
Krosno,/m/022mv1,,Polish People's Republic
Krosno Odrzańskie,/m/035d04,,Poland
Krotoszyn,/m/022mfz,,Poland
Krośniewice,/m/0b8wd6,,Poland
Krugerville,/m/01003n,,United States
Krujë,/m/043_hv,,Albania
Krum,/m/01003_,,United States
Krumbach,/m/0dsrnx,,Germany
Krumë,/m/05jlp8,,Albania
Kruszwica,/m/02xwq_,,Poland
Kruševac,/m/01psd2,,Serbia
Krvavi Potok,/m/05b0_zw,,Slovenia
Krymsk,/m/0fprw8,,Russia
Krynica Morska,/m/07n8ng,,Poland
Krynica-Zdrój,/m/05g3hj,,Poland
Krynki,/m/0dxjgs,,Poland
Krystallopigi,/m/0gppd3,,Greece
Kryvyi Rih,/m/02xz4r,,Ukraine
Krzanowice,/m/028bsx4,,Poland
Krzepice,/m/02887xm,,Poland
Krzeszowice,/m/022mn4,,Poland
Krzywiń,/m/062l97,,Poland
Krzyż Wielkopolski,/m/0284g9z,,Poland
Královo Pole,/m/0ztk5sd,,Czech Republic
Králíky,/m/0df53y,,Czech Republic
Kröpelin,/m/0ff77z,,Germany
Krāslava,/m/0gvkxx,,Latvia
Ksar Adjahil,/m/0vptxm3,,Algeria
Ksar Azelouaz,/m/0vpmdmk,,Algeria
Ksar Ouled Soltane,/m/0brz71,,Tunisia
Ksar el-Kebir,/m/02_14k,,Morocco
Ksar es-Seghir,/m/0g9ylhc,,Morocco
Książ Wielkopolski,/m/0284bzp,,Poland
Kuah,/m/0fnggf,,Malaysia
Kuajok,/m/0cnyhxw,,South Sudan
Kuala Kangsar,/m/02x2bh,,Malaysia
Kuala Lumpur,/m/049d1,,Malaysia
Kuala Terengganu,/m/02vl0m,,Malaysia
Kuantan,/m/03721b,,Malaysia
Kubang Kerian,/m/02vp5_s,,Malaysia
Kuching,/m/013_9z,,Malaysia
Kudanthaiyan,/m/0jlfs,,India
Kudirkos Naumiestis,/m/0g9cdb,,Lithuania
Kudowa-Zdrój,/m/085bz3,,Poland
Kufa,/m/02d4g9,,Iraq
Kufstein,/m/025xr4,,Austria
Kuki,/m/01whpr,,Japan
Kukuryki,/m/04f4j19,,Poland
Kukës,/m/01j_k7,,Albania
Kula,/m/03m4wct,,Ethiopia
Kulachi,/m/0bp8d_,,Pakistan
Kulata,/m/02qtyvc,,Bulgaria
Kuldīga,/m/02hlc3,,Latvia
Kulim,/m/0fnbbq,,Malaysia
Kulm,/m/0ypct,,United States
Kulmbach,/m/04_qwb,,Germany
Kulob,/m/028qlx,,Tajikistan
Kulpahar,/m/0b54lc,,India
Kumagaya,/m/0gp60b,,Japan
Kumamoto,/m/0gp6_0,,Japan
Kumasi,/m/025y67,,Ghana
Kumba,/m/05kjqq,,Cameroon
Kumbo,/m/05r_mc,,Cameroon
Kuna,/m/0s0pm,,United States
Kunauli,/m/0ch2kjr,,India
Kunda,/m/095qlm,,Estonia
Kunduz,/m/01g8_p,,Afghanistan
Kungsbacka,/m/03ztvw,,Sweden
Kunhegyes,/m/0b80yx,,Hungary
Kuni-kyō,/m/02q04s7,,Q132869361
Kuningan,/m/07z_qs,,Indonesia
Kunitachi,/m/01wrnl,,Japan
Kunming,/m/01c06d,,People's Republic of China
Kunowice,/m/06v639,,Poland
Kunszentmiklós,/m/0c_fwb,,Hungary
Kunszentmárton,/m/026j6nn,,Hungary
Kuntsevo Dacha,/m/0c02cb2,,Russia
Kunów,/m/0288mms,,Poland
Kuopio,/m/01shkv,,Finland
Kupang,/m/04xx5d,,Indonesia
Kupferberg,/m/0ff7q4,,Germany
Kupiansk,/m/0d5d7l,,Ukraine
Kupiškis,/m/0fvj4t,,Lithuania
Kuppenheim,/m/0ff7w3,,Germany
Kupreanof,/m/0qhxw,,United States
Kurakhove,/m/0gtpfw,,Ukraine
Kurakhove,/m/0gtpfw,,Soviet Union
Kurashiki,/m/0gp6hp,,Japan
Kurbnesh,/m/0n_bgxg,,Albania
Kurdamir,/m/04gg8vx,,Azerbaijan
Kure,/m/01wp3f,,Japan
Kure Beach,/m/0yj6r,,United States
Kuressaare,/m/021ctc,,Estonia
Kurgan,/m/03w7fw,,Russia
Kurichi,/m/0f5cbh,,India
Kurmuk,/m/0fj4fs,,Sudan
Kurmuk,/m/0dzbvy,,Ethiopia
Kurnool,/m/040n04,,India
Kursk,/m/03jmb8,,Russia
Kurukshetra,/m/06_5wd,,India
Kurumbakkavu Bhagavathy Temple Edathala,/m/03wgd9d,,India
Kurume,/m/0gp6x9,,Japan
Kurunegala,/m/07l3t5,,Sri Lanka
Kuršėnai,/m/09mn7x,,Lithuania
Kusado Sengen,/m/0c3mnq,,Japan
Kusatsu,/m/01wmd1,,Japan
Kusel,/m/04rf9k,,Germany
Kushiro,/m/01wfgy,,Japan
Kusong,/m/026qt08,,North Korea
Kussara,/m/0bqys7,,Turkey
Kut,/m/01ctb5,,Iraq
Kutaisi,/m/0276zg,,Georgia
Kutha,/m/077wx6,,Iraq
Kutha,/m/077wx6,,Babylonia
Kutina,/m/07cpyz,,Croatia
Kutjevo,/m/0c8g1z,,Croatia
Kutno,/m/022945,,Poland
Kutná Hora,/m/01khzb,,Czech Republic
Kuttainen,/m/03wgnkg,,Sweden
Kuttawa,/m/0tgxz,,United States
Kuwait City,/m/0fq5j,,Kuwait
Kuwana,/m/01wm5k,,Japan
Kuçovë,/m/07h213,,Albania
Kuřim,/m/03d3j2x,,Czech Republic
Kuşadası,/m/04ygm3,,Turkey
Kuşaklı,/m/0dp96p,,Turkey
Kuźnia Raciborska,/m/02pjzpb,,Poland
Kuźnica,/m/04glkh9,,Poland
Kvareli,/m/0b6mk7,,Georgia
Kwekwe,/m/08vljz,,Zimbabwe
Kwethluk,/m/0qd04,,United States
Kwidzyn,/m/013_wr,,Poland
Kyaukpyu,/m/08fmmx,,Myanmar
Kybartai,/m/0g36n5,,Lithuania
Kydonia,/m/0chk_1,,Greece
Kyiv,/m/02sn34,,Ukraine
Kyiv City State Administration,/m/0wxsyz6,,Ukraine
Kyjov,/m/0gbd62,,Czech Republic
Kyle,/m/0102zg,,United States
Kyllburg,/m/0bqnd7,,Germany
Kyoto,/m/09d4_,,Japan
Kyparissia,/m/02n046,,Greece
Kypuche,/m/0gjd5b,,Ukraine
Kyrenia,/m/013rkq,,Cyprus
Kyrenia,/m/013rkq,,Northern Cyprus
Kyritz,/m/0ff7_c,,Germany
Kythnos,/m/09q312,,Greece
Kyzyl-Kiya,/m/09nw4x,,Kyrgyzstan
Kyzylorda,/m/09r88m,,Kazakhstan
Kâhta,/m/0bj993,,Turkey
Kärdla,/m/07bsst,,Estonia
Kédougou,/m/05g430,,Senegal
Kélo,/m/08bww9,,Chad
Kópavogsbær,/m/02lvqf,,Iceland
Kórnik,/m/0gmth4,,Poland
Kölleda,/m/0ff57f,,Germany
Königs Wusterhausen,/m/0cbs9f,,Germany
Königsberg in Bayern,/m/0ff69k,,Germany
Königsbrunn,/m/0dkd86,,Germany
Königsbrück,/m/0ff6d2,,Germany
Königsee,/m/0ff6gy,,Germany
Königsee,/m/0rfcx3c,,Germany
Königslutter am Elm,/m/01tgw1,,Germany
Königstein,/m/08fpql,,Germany
Königstein im Taunus,/m/08fnz3,,Germany
Königswinter,/m/06tks_,,Germany
Köniz,/m/0d31r1,,Switzerland
Könnern,/m/0cwxxx,,Germany
Köping,/m/02p3hdl,,Sweden
Körfez,/m/0bjbkt,,Turkey
Körmend,/m/0b7rv_,,Hungary
Körösladány,/m/026m9ck,,Hungary
Köthen,/m/01scv0,,Germany
Kötschach-Mauthen,/m/02qq92t,,Austria
Køge,/m/05253ph,,Denmark
Kúty,/m/026k0fn,,Slovakia
Kühlungsborn,/m/0ff7bf,,Germany
Külsheim,/m/0ff7gq,,Germany
Künzelsau,/m/0dmw7t,,Germany
Küsnacht,/m/01x2fj,,Switzerland
Küstrin-Kietz,/m/0f6bxz,,Germany
Kütahya,/m/088yf1,,Turkey
Kārsava,/m/03c3fn_,,Latvia
Kąty Wrocławskie,/m/027vd8m,,Poland
Kėdainiai,/m/03gmj4,,Lithuania
Kędzierzyn-Koźle,/m/02298t,,Poland
Kępice,/m/0crk9f,,Poland
Kępno,/m/03fgry,,Poland
Kętrzyn,/m/0229ff,,Poland
Kęty,/m/022m51,,Poland
Kęty,/m/022m51,,Austrian Empire
Kęty,/m/022m51,,Cisleithania
Kınık,/m/0bjb2w,,Turkey
Kırklareli,/m/07jb_s,,Turkey
Kırıkkale,/m/08njhn,,Turkey
Kırşehir,/m/058qgn,,Turkey
Kızıltepe,/m/0bjb3x,,Turkey
Kłecko,/m/0288kb4,,Poland
Kłobuck,/m/0681bn,,Poland
Kłodawa,/m/0kw6kr,,Poland
Kłodzko,/m/0229_m,,Poland
Kōnosu-shi,/m/01whj5,,Japan
Kōriyama,/m/0gp5vg,,Japan
Kőszeg,/m/0b7_f_,,Hungary
L'Aquila,/m/02jjy1,,Italy
L'Hospitalet de Llobregat,/m/0jx78,,Spain
L'Hospitalet-près-l'Andorre,/m/02w94h3,,France
La Asunción,/m/073kd7,,Venezuela
"La Banda, Santiago del Estero",/m/0f7ymx,,Argentina
La Belle,/m/0wx7v,,United States
La Brigue,/m/03m4yph,,France
La Bélgica,/m/0b6j0gl,,Bolivia
La Calera,/m/02qnnmq,,Chile
La Carlota,/m/06hnz5,,Philippines
La Cañada Flintridge,/m/0r0g1,,United States
La Ceiba,/m/03sh8n,,Honduras
La Center,/m/010q25,,United States
La Center,/m/0tclp,,United States
La Chapelle,/m/03m8cw_,,France
La Chaux-de-Fonds,/m/05kcz0,,Switzerland
La Chinesca,/m/0gjc_wz,,Mexico
La Chorrera,/m/0287ktl,,Panama
La Ciotat,/m/05psks,,France
La Colle,/m/0dpfbj,,Monaco
La Coste,/m/0106g_,,United States
La Crescent,/m/013fr5,,United States
La Crosse,/m/0114m0,,United States
La Crosse,/m/0tb94,,United States
La Cruz,/m/0cnx14t,,Chile
La Cure,/m/0_l9pz6,,Switzerland
La Cure,/m/0_l9pz6,,France
La Cygne,/m/0t850,,United States
La Défense,/m/0k689,,France
La Esperanza,/m/06xgk3,,Honduras
La Falda,/m/08kdn8,,Argentina
La Feria,/m/0214k_v,,United States
La Flamengrie,/m/03qgb7q,,France
La Fonteta Ancient Phoenician Port City,/m/0_1m8sm,,Spain
La Goulette,/m/0bpryk,,Tunisia
La Grande,/m/0zg3l,,United States
La Grange,/m/0yhkh,,United States
La Grange,/m/0wx85,,United States
La Grange,/m/010146,,United States
La Grange,/m/0thlp,,United States
La Grita,/m/0479fzv,,Venezuela
La Grulla,/m/01090q,,United States
La Guaira,/m/07nrzl,,Venezuela
La Habra,/m/0r2fs,,United States
La Habra Heights,/m/0r0gg,,United States
La Harpe,/m/0s7wc,,United States
La Harpe,/m/0t4yp,,United States
La Higuera,/m/02rr4k,,Bolivia
La Imperial,/m/047t80t,,Chile
La Joya,/m/0103fm,,United States
La Junta,/m/0rc7f,,United States
La Libertad,/m/060ptl,,Ecuador
La Ligua,/m/03c5cmp,,Chile
La Longueville,/m/03qfk4k,,France
La Louvière,/m/017q5h,,Belgium
La Maná,/m/03qp1ww,,Ecuador
La Marque,/m/0214lr4,,United States
La Merced,/m/07x0lh,,Peru
La Mesa,/m/0r51t,,United States
La Mesilla,/m/09rx1_l,,Guatemala
La Milpa,/m/0hn8pp1,,Belize
La Mirada,/m/0r0gv,,United States
La Monte,/m/0wz1h,,United States
La Motte,/m/0s_qv,,United States
La Oroya,/m/0clwrh,,Peru
La Palma,/m/0r2g4,,United States
La Paz,/m/0brq4,,Bolivia
La Paz,/m/0gmfq1n,,Uruguay
La Paz,/m/06xgmz,,Honduras
La Paz,/m/02dfbn,,Mexico
La Paz,/m/08fscj,,Argentina
La Pine,/m/0zcj7,,United States
La Plata,/m/023b97,,Argentina
La Plata,/m/0wxm5,,United States
La Porte,/m/0102mz,,United States
La Porte,/m/0snbn,,United States
La Porte City,/m/0srvg,,United States
La Prairie,/m/0w2jc,,United States
La Puente,/m/0r0h7,,United States
La Quiaca,/m/0bd6wg,,Argentina
La Quinta,/m/0r3pc,,United States
La Rioja,/m/01hlc2,,Argentina
La Roche-en-Ardenne,/m/017wtt,,Belgium
La Rochelle,/m/0qb48,,France
La Romana,/m/06v1cr,,Dominican Republic
La Rousse,/m/05ncrt,,Monaco
La Russell,/m/0wwkf,,United States
"La Salina, Baja California",/m/02pwp8x,,Mexico
La Salle,/m/0wmxx,,United States
La Serena,/m/045y17,,Chile
La Sierpe,/m/03c9tqd,,Cuba
La Tablada,/m/0gg88ws,,Argentina
La Tour-de-Peilz,/m/09ssp2,,Switzerland
La Troncal,/m/03qp1x6,,Ecuador
La Turbie,/m/0c_2tz,,France
La Unión,/m/03h4jpd,,Peru
La Unión,/m/077_4n,,El Salvador
La Unión,/m/02qn6ln,,Colombia
La Unión,/m/0273j10,,Chile
La Vega,/m/09_m0z,,Dominican Republic
La Vergne,/m/0_wmm,,United States
La Verkin,/m/010h2b,,United States
La Verne,/m/0r0hn,,United States
La Vernia,/m/010c5k,,United States
La Victoria,/m/071w1z,,Venezuela
La Villa,/m/0103fz,,United States
La Vista,/m/0x9bs,,United States
La Wantzenau,/m/0281lgx,,France
La Ward,/m/0104h9,,United States
LaBelle,/m/043skg,,United States
LaFayette,/m/0q5pc,,United States
LaFayette,/m/0tddd,,United States
LaFayette,/m/0rzqs,,United States
LaFollette,/m/0_t0j,,United States
LaGrange,/m/0rzk8,,United States
LaMoure,/m/0ypd4,,United States
LaSalle,/m/0s9m_,,United States
Laage,/m/0ff8j5,,Germany
Laakirchen,/m/03gv4sr,,Austria
Laatzen,/m/02sg0_,,Germany
Laayoune,/m/023_2g,,Morocco
Laayoune,/m/023_2g,,Sahrawi Arab Democratic Republic
Labette,/m/0t7_v,,United States
Labici,/m/08z3xc,,Italy
Labin,/m/03cvqs,,Croatia
Laboulaye,/m/0fx8k4,,Argentina
Labuha,/m/0cc63ss,,Indonesia
Labé,/m/05dlv2,,Guinea
Lacey,/m/010vf4,,United States
Lachin,/m/0h4yyr,,Azerbaijan
Lackawanna,/m/0x_fv,,United States
Laclede,/m/0wxg0,,United States
Lacobriga,/m/0hgqgxr,,Portugal
Lacobriga,/m/0hgqgxr,,Ancient Rome
Lacombe,/m/066ws7,,Canada
Lacon,/m/0scpl,,United States
Lacona,/m/0t401,,United States
Laconia,/m/0xdnj,,United States
Lacy Lakeview,/m/04bwk03,,United States
Laddonia,/m/0wscv,,United States
Ladenburg,/m/0272gd3,,Germany
Ladora,/m/0s_n2,,United States
Ladue,/m/0w_yq,,United States
Ladysmith,/m/01190g,,United States
Ladyzhyn,/m/0gt1ws,,Ukraine
Lae,/m/02lvj5,,Papua New Guinea
Laem Chabang,/m/02wz1yc,,Thailand
Lafayette,/m/0qyrs,,United States
Lafayette,/m/0tl6d,,United States
Lafayette,/m/0zgmx,,United States
Lafayette,/m/0sqc8,,United States
Lafayette,/m/0w8j8,,United States
Lafayette,/m/0r919,,United States
Lafayette,/m/0_vvl,,United States
Lagaria,/m/02pnr1_,,Italy
Lagarto,/m/027j_tc,,Brazil
Lagash,/m/0129z7,,Iraq
Lage,/m/03fgys,,Germany
Lages,/m/0694s5,,Brazil
Lago Vista,/m/0109yb,,United States
Lagodekhi,/m/05y83c,,Georgia
Lagos,/m/0lnfy,,Nigeria
Laguna Beach,/m/0r2gj,,United States
Laguna Hills,/m/0r2gx,,United States
Laguna Niguel,/m/0r2h8,,United States
Laguna Woods,/m/0r2hn,,United States
Lahad Datu,/m/05rw10,,Malaysia
Lahan,/m/04_0qq1,,Nepal
Lahan,/m/0496c5n,,Nepal
Lahn,/m/02qst61,,Germany
Lahnstein,/m/07t5t6,,Germany
Lahore,/m/0xnt5,,Pakistan
Lahr/Schwarzwald,/m/04pnbl,,Germany
Lahti,/m/01shj_,,Finland
Lahuachaca,/m/0b6mh53,,Bolivia
Laibin,/m/0bmhlx,,People's Republic of China
Laichingen,/m/0czn24,,Germany
Laingsburg,/m/0vpyz,,United States
Laiyang,/m/08x3xc,,People's Republic of China
Laiyi Township,/m/0gl_lv,,Taiwan
Laja,/m/0522fvn,,Chile
Lajas,/m/03c8zm2,,Cuba
Lajosmizse,/m/0c_d0p,,Hungary
Lake Alfred,/m/0rrgn,,United States
Lake Andes,/m/0_pk9,,United States
Lake Angelus,/m/01_sd2f,,United States
Lake Annette,/m/0xh5q,,United States
Lake Benton,/m/0xdvq,,United States
Lake Bridgeport,/m/010c9b,,United States
Lake Bronson,/m/0w3xs,,United States
Lake Buena Vista,/m/01z_27q,,United States
Lake Butler,/m/04b5dg,,United States
Lake Charles,/m/0tk02,,United States
Lake City,/m/0ssdc,,United States
Lake City,/m/0rkbn,,United States
Lake City,/m/013fp3,,United States
Lake City,/m/0vdv6,,United States
Lake City,/m/0qsl1,,United States
Lake City,/m/0rv4r,,United States
Lake City,/m/0_lkx,,United States
Lake Crystal,/m/0vvf9,,United States
Lake Dallas,/m/0214m74,,United States
Lake Elmo,/m/01_ylsm,,United States
Lake Elsinore,/m/09v56_3,,United States
Lake Forest,/m/0r2j0,,United States
Lake Forest,/m/0sb1r,,United States
Lake Forest Park,/m/010rj7,,United States
Lake Geneva,/m/011cg9,,United States
Lake Havasu City,/m/0qpxs,,United States
Lake Helen,/m/0rsnb,,United States
Lake Henry,/m/0wk8n,,United States
Lake Jackson,/m/0_yq1,,United States
Lake Lafayette,/m/0wx1m,,United States
Lake Lillian,/m/0w3jd,,United States
Lake Lotawana,/m/0wwb6,,United States
Lake Lure,/m/0203fx1,,United States
Lake Mary,/m/0rs2f,,United States
Lake Mills,/m/01mld6,,United States
Lake Mills,/m/0t4fv,,United States
Lake Norden,/m/0_qng,,United States
Lake Oswego,/m/0k7h0,,United States
Lake Ozark,/m/013grv,,United States
Lake Park,/m/0yl87,,United States
Lake Park,/m/0sv8q,,United States
Lake Park,/m/0vt1y,,United States
Lake Park,/m/0rxxj,,United States
Lake Point,/m/076z4hr,,United States
Lake Preston,/m/0_r1p,,United States
Lake Quivira,/m/013cyd,,United States
Lake Santeetlah,/m/0ygks,,United States
Lake Shore,/m/0vwml,,United States
Lake St. Croix Beach,/m/0wmnn,,United States
Lake St. Louis,/m/0w_7c,,United States
Lake Station,/m/0sn5v,,United States
Lake Stevens,/m/010tnw,,United States
Lake Tapawingo,/m/0wwbk,,United States
Lake View,/m/0qw8d,,United States
Lake View,/m/0t2wk,,United States
Lake Village,/m/0qs2g,,United States
Lake Waccamaw,/m/0yfn1,,United States
Lake Wales,/m/0rrhb,,United States
Lake Waukomis,/m/0wz8s,,United States
Lake Wilson,/m/0xf50,,United States
Lake Winnebago,/m/0wtdk,,United States
Lake Worth,/m/0109f8,,United States
Lake Worth Beach,/m/0rq9m,,United States
Lakefield,/m/0w2_k,,United States
Lakeland,/m/0rxnz,,United States
Lakeland,/m/0rrhp,,United States
Lakeland,/m/0_wth,,United States
Lakeland,/m/0wmn_,,United States
Lakeland Shores,/m/0wmpb,,United States
Lakeport,/m/0q_rd,,United States
Lakeport,/m/010203,,United States
Lakeshire,/m/0w_z1,,United States
Lakeside,/m/0zcdf,,United States
Lakeside,/m/0wxw2,,United States
Lakeside,/m/0ss54,,United States
Lakeside Park,/m/0tghr,,United States
Lakesite,/m/0_v4r,,United States
Lakeview,/m/0zdnp,,United States
Lakeview,/m/0qrh_,,United States
Lakeview Heights,/m/0thxn,,United States
Lakeville,/m/0vz11,,United States
Lakeway,/m/0109yp,,United States
Lakewood,/m/0rbgg,,United States
Lakewood,/m/0yvjx,,United States
Lakewood,/m/0r0jd,,United States
Lakewood,/m/010s_p,,United States
Lakewood Village,/m/01004p,,United States
Lakin,/m/0t7vp,,United States
Lakota,/m/0yq2j,,United States
Lakota,/m/0t0g9,,United States
Lalamusa,/m/0cmc3b,,Pakistan
Lalitpur,/m/04m_xt,,Nepal
Lalitpur,/m/03m9ny,,India
Lamap,/m/0ztb1lj,,Vanuatu
Lamar,/m/0qv1f,,United States
Lamar,/m/0wskp,,United States
Lamar,/m/0rcf0,,United States
Lamas,/m/09lfqh,,Peru
Lamasba,/m/011p_5gm,,Kingdom of Numidia
Lambaréné,/m/05xn75,,Gabon
Lambayeque,/m/056pl1,,Peru
Lamberton,/m/0wfz5,,United States
Lambertville,/m/0xn_2,,United States
Lambrecht,/m/0bqg1l,,Germany
Lambs Grove,/m/0s_v_,,United States
Lambton Shores,/m/0bk7l2,,Canada
Lamesa,/m/0__yc,,United States
Lamia,/m/02k6xg,,Greece
Lamitan,/m/06nbtk,,Philippines
Lamoni,/m/0sv0t,,United States
Lamont,/m/0ss2r,,United States
Lampa,/m/03hh1b_,,Peru
Lampa,/m/0czz9s,,Chile
Lampang,/m/04q68x,,Thailand
Lampasas,/m/0105gy,,United States
Lampertheim,/m/0b9nsz,,Germany
Lamponeia,/m/0rph343,,Turkey
Lampsacus,/m/04tb93,,Turkey
Lanagan,/m/0wxr9,,United States
Lanark,/m/01pkv5,,United Kingdom
Lanark,/m/0s3k1,,United States
Lancaster,/m/0m0bj,,United Kingdom
Lancaster,/m/0l4vc,,United States
Lancaster,/m/0r0jv,,United States
Lancaster,/m/0112tg,,United States
Lancaster,/m/0t52j,,United States
Lancaster,/m/0wzz2,,United States
Lancaster,/m/0d851,,United States
Lancaster,/m/0__w_,,United States
Lancaster,/m/0w3y3,,United States
Lancaster,/m/0_m8s,,United States
Lancaster,/m/0tdpf,,United States
Lanchkhuti,/m/044rmz,,Georgia
Lanchkhuti,/m/044rmz,,Soviet Union
Lanco,/m/02qfyzb,,Chile
Lancy,/m/0894bg,,Switzerland
Landa,/m/0yn2v,,United States
Landau an der Isar,/m/08g8dr,,Germany
Landau in der Pfalz,/m/04r78,,Germany
Landen,/m/014wgy,,Belgium
Lander,/m/011fj5,,United States
Landfall,/m/0wmpp,,United States
Landis,/m/0ykg9,,United States
Landrum,/m/0_ndb,,United States
Landsberg,/m/0cc3gl,,Germany
Landsberg am Lech,/m/07tm80,,Germany
Landshut,/m/01yx6_,,Germany
Landstuhl,/m/0b55ht,,Germany
Lane,/m/0t6t4,,United States
Lanesboro,/m/0sskw,,United States
Lanesboro,/m/0v_8p,,United States
Lanett,/m/0q5pq,,United States
Lang Suan,/m/03cq6gl,,Thailand
Langdon,/m/0ynp9,,United States
Langdon,/m/0t9wz,,United States
Langdon Place,/m/0tfry,,United States
Langelsheim,/m/0c679y,,Germany
Langen,/m/0c4qcl,,Germany
Langen,/m/0dh187,,Germany
Langenau,/m/0dps3h,,Germany
Langenburg,/m/0ff8pv,,Germany
Langenfeld,/m/03_4sv,,Germany
Langenhagen,/m/01z30_,,Germany
Langenselbold,/m/0dsq8l,,Germany
Langenthal,/m/032k99,,Switzerland
Langenzenn,/m/0dz62f,,Germany
Langewiesen,/m/0ff8yv,,Germany
Langfang,/m/05rl5j,,People's Republic of China
Langford,/m/05f_xr,,Canada
Langholm,/m/024qgh,,United Kingdom
Langley,/m/04_z3x,,Canada
Langley,/m/010r29,,United States
Langsa,/m/02775bv,,Indonesia
Lanivtsi,/m/0gt1sn,,Ukraine
Lankin,/m/0yr_x,,United States
Lansford,/m/0yn3n,,United States
Lansing,/m/04pry,,United States
Lansing,/m/0yd19,,United States
Lansing,/m/0t827,,United States
Lansing,/m/0src_,,United States
Lanslebourg-Mont-Cenis,/m/03npgw4,,France
Lanuvium,/m/030bt7,,Italy
Lanyu Township,/m/0nbgg0w,,Taiwan
Lanzhou,/m/01l3n7,,People's Republic of China
Lanús,/m/036yhx,,Argentina
Lanškroun,/m/02m6zv,,Czech Republic
Lanžhot,/m/02z2zwj,,Czech Republic
Lao Bảo,/m/02z2xjx,,Vietnam
Laoag,/m/04fthk,,Philippines
Laodicea,/m/0c1sm7,,Iraq
Laodicea,/m/0c3213,,Greece
Laodicea Combusta,/m/0c1n7l,,Turkey
Laodicea on the Lycus,/m/07qlwc,,Turkey
Lapeer,/m/0vb8t,,United States
Laporte,/m/0w1yf,,United States
Lapovo,/m/09r2z2,,Serbia
Lappeenranta,/m/01lhf7,,Finland
Laprida,/m/03m57tp,,Argentina
Lapu-Lapu,/m/01zxng,,Philippines
Lapwai,/m/0s2fg,,United States
Larache,/m/03m992,,Morocco
Laramie,/m/011f07,,United States
Laranjal do Jari,/m/026bznw,,Brazil
Larantuka,/m/027wfpy,,Indonesia
Laraquete,/m/0275sly,,Chile
Larchwood,/m/0t0_l,,United States
Laredo,/m/010bnr,,United States
Laredo,/m/0wvsm,,United States
Largo,/m/0rr1f,,United States
Largs,/m/022yjl,,United Kingdom
Larimore,/m/0yp34,,United States
Larisa,/m/0gfd6sy,,Turkey
Larissa,/m/04pgb,,Greece
Larissa,/m/0fzk_9,,Turkey
Larissa,/m/07s71p4,,
Larkana,/m/047s8v,,Pakistan
Larkspur,/m/01zgwxs,,United States
Larnaca,/m/01q7yl,,Cyprus
Larne,/m/026_9_,,United Kingdom
Larned,/m/0t9h2,,United States
Larrabee,/m/0sszm,,United States
Larrau,/m/08f88g,,France
Larsa,/m/0lpl9,,Iraq
Larsen Bay,/m/0qfw1,,United States
Larson,/m/0yn83,,United States
Las,/m/06q6j8,,Greece
Las Animas,/m/0r8z3,,United States
Las Breñas,/m/03hm2b6,,Argentina
Las Cabras,/m/04yd1gv,,Chile
Las Condes,/m/04__sm,,Chile
Las Cruces,/m/0xtz9,,United States
Las Cumbres,/m/03qnr4c,,Panama
Las Delicias,/m/0gmdb74,,Mexico
Las Flores,/m/084blv,,Argentina
Las Heras,/m/0dd_d8,,Argentina
Las Lomitas,/m/0bwkfzt,,Argentina
Las Naves,/m/07s69sz,,Ecuador
Las Parejas,/m/0260f7q,,Argentina
Las Piedras,/m/0bslsl,,Uruguay
Las Piñas,/m/015lll,,Philippines
Las Tablas,/m/05k_m9,,Panama
Las Tunas,/m/0b57wh,,Cuba
Las Vegas,/m/0xw24,,United States
Las Vegas,/m/0cv3w,,United States
Las Ventanas,/m/03nmz2m,,Chile
Lashio,/m/03mknd,,Myanmar
Lashkar Gah,/m/066c3w,,Afghanistan
Lasker,/m/0yjdb,,United States
Lassan,/m/0ff8zy,,Germany
Lastoursville,/m/05xnn4,,Gabon
Lastrup,/m/0w7kb,,United States
Latacunga,/m/05fg3n,,Ecuador
Latakia,/m/01bsmp,,Syria
Latexo,/m/01045_,,United States
Latham,/m/0t5jq,,United States
Lathrop,/m/0wty1,,United States
Lathrop,/m/0r5cm,,United States
Lathrup Village,/m/0vlzh,,United States
Latimer,/m/0szkp,,United States
Latimer,/m/0t8yh,,United States
Latina,/m/06k7lb,,Italy
Lato,/m/02p9c6h,,Greece
Lato pros Kamara,/m/02qfnjl,,Greece
Latonia Lakes,/m/0tgj2,,United States
Latowicz,/m/04q6hf0,,Poland
Lattimore,/m/0yfgf,,United States
Latur,/m/05zx_k2,,India
Laubach,/m/0dz7dx,,Germany
Laucha an der Unstrut,/m/0cz1bl,,Germany
Lauchhammer,/m/0dkz9r,,Germany
Lauchheim,/m/0ff9gj,,Germany
Lauda-Königshofen,/m/0dpbtr,,Germany
Lauder,/m/022yjz,,United Kingdom
Lauderdale,/m/0wfk2,,United States
Lauderdale Lakes,/m/0rj5_,,United States
Lauderhill,/m/0rj6s,,United States
Lauenburg/Elbe,/m/0q0n_,,Germany
Lauf an der Pegnitz,/m/0738yw,,Germany
Laufen,/m/07nr_r,,Germany
Laufenburg,/m/085qr1,,Germany
Laufenburg,/m/0cn42l,,Switzerland
Lauffen am Neckar,/m/0dykrb,,Germany
Lauingen,/m/0dylz4,,Germany
Launceston,/m/01nf9x,,Australia
Launstroff,/m/03nq4zy,,France
Laupheim,/m/02mbml,,Germany
Laurel,/m/0twv2,,United States
Laurel,/m/0x465,,United States
Laurel,/m/0wqnn,,United States
Laurel,/m/0x59b,,United States
Laurel,/m/0t1by,,United States
Laurel Hill,/m/0rp9z,,United States
Laurel Park,/m/0yh29,,United States
Laurencekirk,/m/06htck,,United Kingdom
Laurens,/m/0t2bc,,United States
Laurens,/m/0_mc5,,United States
Laurent,/m/05w0mr,,United States
Laurentum,/m/02qmwks,,Ancient Rome
Laurie,/m/0wy52,,United States
Laurinburg,/m/0ykt5,,United States
Lauro de Freitas,/m/0277zw1,,Brazil
Lausanne,/m/04qdj,,Switzerland
Lauscha,/m/0ff9q3,,Germany
Lauta,/m/0ffb21,,Germany
Lautaro,/m/0cmbskn,,Chile
Lauter,/m/0ffb4h,,Germany
Lauter-Bernsbach,/m/0pk_qgt,,Germany
Lauterbach,/m/064qtk,,Germany
Lauterbourg,/m/09ljvq,,France
Lauterecken,/m/09d65m,,Germany
Lauterstein,/m/0ffb6y,,Germany
Lautoka,/m/034_hs,,Fiji
Lava Hot Springs,/m/0s0t1,,United States
Lavaca,/m/0qx3m,,United States
Laval,/m/01dbxr,,Canada
Lavena Ponte Tresa,/m/0ghz6d,,Italy
Lavici,/m/0123ln6h,,Italy
Lavinium,/m/02j0r0,,Italy
Lavon,/m/0214wt9,,United States
Lavonia,/m/0rwk0,,United States
Lavras,/m/0b02n9,,Brazil
Lavumisa,/m/099934,,Eswatini
Lawas,/m/0641gn,,Malaysia
Lawler,/m/0st24,,United States
Lawndale,/m/0yfgs,,United States
Lawndale,/m/0r0k7,,United States
Lawrence,/m/0tz1j,,United States
Lawrence,/m/0t6hk,,United States
Lawrence,/m/0snm9,,United States
Lawrenceburg,/m/0skvm,,United States
Lawrenceburg,/m/0tck9,,United States
Lawrenceburg,/m/0_vrh,,United States
Lawrenceville,/m/0rwyk,,United States
Lawson,/m/013gy6,,United States
Lawtey,/m/0rhkd,,United States
Lawton,/m/0z53k,,United States
Lawton,/m/01_4q11,,United States
Lawton,/m/0yqct,,United States
Layla,/m/07bmc3,,Saudi Arabia
Layou,/m/098vf5,,Saint Vincent and the Grenadines
Layton,/m/010ds8,,United States
Layton,/m/0rp4p,,United States
Layyah,/m/0czyg6,,Pakistan
Lazarevac,/m/01psdh,,Serbia
Lazdijai,/m/0b8th5,,Lithuania
Laç,/m/02613gb,,Albania
Laï,/m/03cgs5,,Chad
Laüs,/m/0gs6ld,,Italy
Le Center,/m/0w4vq,,United States
Le Claire,/m/0t2_q,,United States
Le Grand,/m/013cn8,,United States
Le Grand-Saconnex,/m/07y_gw,,Switzerland
Le Havre,/m/0f3vg,,France
Le Lamentin,/m/0dhcdj,,France
Le Locle,/m/06q_jz,,Switzerland
Le Mans,/m/04r5c,,France
Le Mars,/m/0t27m,,United States
Le Perthus,/m/09lgdc,,France
Le Roy,/m/0sdcz,,United States
Le Roy,/m/0w7zd,,United States
Le Roy,/m/0sv14,,United States
Le Rœulx,/m/017q5x,,Belgium
Le Sueur,/m/01_ym1g,,United States
Le Tampon,/m/0dhczr,,France
LeRoy,/m/0t5_x,,United States
Leachville,/m/0qvvm,,United States
Lead,/m/0_r4g,,United States
Leadington,/m/0w_g7,,United States
Leadore,/m/0s27m,,United States
Leadville,/m/0d1r2,,United States
Leadwood,/m/0w_gl,,United States
League City,/m/013mrc,,United States
Leakey,/m/0107zb,,United States
Leal,/m/0ymtv,,United States
Leander,/m/013n9x,,United States
Leandro N. Alem,/m/08d7cn,,Argentina
Leary,/m/0_ygb,,United States
Leary,/m/0rtkf,,United States
Leavenworth,/m/010psm,,United States
Leavenworth,/m/0qbpy,,United States
Leawood,/m/0t7ps,,United States
Lebach,/m/02glj_,,Germany
Lebanon,/m/0_32v,,United States
Lebanon,/m/0zd_9,,United States
Lebanon,/m/0ww_5,,United States
Lebanon,/m/0tbwj,,United States
Lebanon,/m/0tgzp,,United States
Lebanon,/m/0sgyy,,United States
Lebanon,/m/0sk6y,,United States
Lebanon,/m/0_xfs,,United States
Lebanon,/m/0z2_9,,United States
Lebanon,/m/0xgpg,,United States
Lebanon Junction,/m/0tczj,,United States
Lebedus,/m/0h0nhr,,Turkey
Lebedyn,/m/0gt29x,,Ukraine
Lebo,/m/0t607,,United States
Lebu,/m/03hlld2,,Chile
Lebus,/m/07stgy,,Poland
Lebus,/m/07stgy,,Germany
Lecce,/m/03895d,,Italy
Lecelles,/m/03mgyb0,,France
Lecompton,/m/0t6h_,,United States
Ledra,/m/0gh4n6,,Cyprus
Leduc,/m/01xw4j,,Canada
Ledyard,/m/0t0gn,,United States
Lee's Summit,/m/013gv7,,United States
Leeds,/m/04p3c,,United Kingdom
Leeds,/m/0q858,,United States
Leeds,/m/0ym_1,,United States
Leer,/m/016b4c,,Germany
Leerdam,/m/0wbfh,,Netherlands
Leers,/m/03h2bmm,,France
Leesburg,/m/0rm1h,,United States
Leesburg,/m/0rxrq,,United States
Leesville,/m/0tn4q,,United States
Leeton,/m/0wwx2,,United States
Leeuwarden,/m/0cfss,,Netherlands
Lefkada,/m/01jpjp,,Greece
Leganés,/m/02w158,,Spain
Legazpi,/m/01_6hw,,Philippines
Leggett,/m/0yg5z,,United States
Legio,/m/0f65xh,,Israel
Legionowo,/m/022b3r,,Poland
Legnica,/m/04lt0,,Poland
Leh,/m/02bnpk,,India
Lehesten,/m/0ffd7m,,Germany
Lehi,/m/010gsz,,United States
Lehigh,/m/0t4d3,,United States
Lehigh,/m/0t8dn,,United States
Lehigh,/m/0z50g,,United States
Lehliu Gară,/m/0285cj0,,Romania
Lehr,/m/013j74,,United States
Lehrte,/m/0cmgtq,,Germany
Leibstadt,/m/02pcqt,,Switzerland
Leicester,/m/0dhdp,,United Kingdom
Leichlingen,/m/08dxjb,,Germany
Leiden,/m/0cl8c,,Netherlands
Leighton,/m/0t14d,,United States
Leimen,/m/083xyp,,Germany
Leinefelde-Worbis,/m/03zvky,,Germany
Leinfelden-Echterdingen,/m/0dhmmn,,Germany
Leingarten,/m/0dzdhg,,Germany
Leipheim,/m/0ffdbf,,Germany
Leipzig,/m/04kf4,,Germany
Leisnig,/m/035yrx,,Germany
Leitchfield,/m/0tds6,,United States
Leith,/m/012c2c,,United Kingdom
Leith,/m/0yp5k,,United States
Leithum,/m/080ng59,,Luxembourg
Leiyang,/m/027sr8h,,People's Republic of China
Lekki,/m/012fxlwm,,Nigeria
Lekoni,/m/05xnkn,,Gabon
Leland,/m/0ydjt,,United States
Leland,/m/0ws15,,United States
Leland,/m/0t4g5,,United States
Leland Grove,/m/0sgfk,,United States
Leme,/m/041nzl,,Brazil
Lemgo,/m/01np41,,Germany
Lemmon,/m/0_ry7,,United States
Lemon Grove,/m/0r538,,United States
Lemoore,/m/0q_nl,,United States
Lendava,/m/04w878,,Slovenia
Lenexa,/m/0t7q3,,United States
Lengby,/m/0wdwy,,United States
Lengenfeld,/m/0ffdlv,,Germany
Lengerich,/m/0bl_tc,,Germany
Lengyeltóti,/m/02r5ynn,,Hungary
Lennestadt,/m/0bjl_f,,Germany
Lennox,/m/0_r76,,United States
Lenoir,/m/0yd_h,,United States
Lenoir City,/m/0_vtk,,United States
Lenora,/m/0t974,,United States
Lenox,/m/0srbm,,United States
Lenti,/m/027g70z,,Hungary
Lentvaris,/m/0g0l5z,,Lithuania
Lenzburg,/m/03x_gg,,Switzerland
Lenzen (Elbe),/m/0d0_p8,,Germany
Leola,/m/0_rgf,,United States
Leola,/m/0qtbm,,United States
Leominster,/m/0v04n,,United States
Leon,/m/0t5k1,,United States
Leon,/m/0sv1h,,United States
Leon Valley,/m/0_y6s,,United States
Leona,/m/0105ld,,United States
Leona,/m/0t6f3,,United States
Leonard,/m/010112,,United States
Leonard,/m/0ynjh,,United States
Leonard,/m/0vx_b,,United States
Leonardville,/m/0tb4z,,United States
Leonberg,/m/0d8d4k,,Germany
Leonidas,/m/0wjnc,,United States
Leontopolis,/m/0dk066,,Egypt
Leoti,/m/0tcd1,,United States
Leova,/m/0d13jt,,Moldova
Lepanto,/m/0qwd6,,United States
Lepoglava,/m/0b87ry,,Croatia
Lepreon,/m/04gmqc9,,Greece
Leptis Magna,/m/0d04x,,Libya
Leptis Parva,/m/026d5rr,,Tunisia
Lerik,/m/0h629w,,Azerbaijan
Leroy,/m/0106bf,,United States
Lerum,/m/03bx25s,,Sweden
Lerwick,/m/01v__b,,United Kingdom
Les Cayes,/m/09dbn0,,Haiti
Les Hautes-Rivières,/m/03m8dtk,,France
Les Moëres,/m/03qfkb1,,France
Les Révoires,/m/0dpfmj,,Monaco
Leshan,/m/06pg3t,,People's Republic of China
Lesko,/m/02rrc8,,Poland
Leskovac,/m/01psdv,,Serbia
Leskovik,/m/04y6jpn,,Albania
Leslie,/m/03c_h7p,,United Kingdom
Leslie,/m/0qw_g,,United States
Leslie,/m/0rz3n,,United States
Leslie,/m/0v7yr,,United States
Lessines,/m/017q69,,Belgium
Lester,/m/0t0_y,,United States
Lester Prairie,/m/0w6qj,,United States
Leszna Górna,/m/0285962,,Poland
Leszno,/m/022mzr,,Poland
Letenye,/m/0b7rl1,,Hungary
Lethbridge,/m/01qwkd,,Canada
Lethem,/m/063vp5,,Guyana
Leticia,/m/0swjk,,Colombia
Letlhakane,/m/09cx2b,,Botswana
Letopolis,/m/0zwkf4l,,Egypt
Letts,/m/0t0w3,,United States
Leucae,/m/012hd32d,,Turkey
Leucae,/m/012hg62j,,Greece
Leun,/m/099kt1,,Germany
Leuna,/m/0410sc,,Germany
Leutenberg,/m/0ffdpm,,Germany
Leutershausen,/m/0ffdrc,,Germany
Leutkirch im Allgäu,/m/07l3gv,,Germany
Leuven,/m/0k6bt,,Belgium
Leuze-en-Hainaut,/m/017qgm,,Belgium
Levasy,/m/0wwbx,,United States
Level Plains,/m/0q6mv,,United States
Levelland,/m/0103_q,,United States
Leverkusen,/m/018hxg,,Germany
Lewes,/m/0n0gb,,United States
Lewin Brzeski,/m/02pjjgf,,Poland
Lewis,/m/0ssp9,,United States
Lewis,/m/0t6k0,,United States
Lewisburg,/m/010wqv,,United States
Lewisburg,/m/0_v_g,,United States
Lewisburg,/m/0tgwy,,United States
Lewisport,/m/0tdx0,,United States
Lewiston,/m/010dfg,,United States
Lewiston,/m/0tnkg,,United States
Lewiston,/m/099vf,,United States
Lewiston,/m/0wnh3,,United States
Lewiston Woodville,/m/0yd97,,United States
Lewistown,/m/0s78t,,United States
Lewistown,/m/0wx8j,,United States
Lewistown,/m/0x1rq,,United States
Lewisville,/m/0yg91,,United States
Lewisville,/m/0qv2g,,United States
Lewisville,/m/013mcr,,United States
Lewisville,/m/0s1yn,,United States
Lewisville,/m/0wmy7,,United States
Lewoleba,/m/0n4c7dp,,Indonesia
Lexington,/m/0mnm2,,United States
Lexington,/m/0d9y6,,United States
Lexington,/m/0zfht,,United States
Lexington,/m/0yg0s,,United States
Lexington,/m/0sdd9,,United States
Lexington,/m/0z4yz,,United States
Lexington,/m/0x646,,United States
Lexington,/m/0wq9h,,United States
Lexington,/m/0wx1z,,United States
Lexington,/m/0_vg1,,United States
Lexington,/m/0ryjy,,United States
Lexington,/m/0vstb,,United States
Lezhë,/m/02n8fl,,Albania
León,/m/01n_4h,,Nicaragua
León de Los Aldama,/m/01fsrw,,Mexico
Leśna,/m/02plwb0,,Poland
Leśnica,/m/0fjvmb,,Poland
Leżajsk,/m/02rrcn,,Poland
Lhasa,/m/01jmlw,,People's Republic of China
Lhoka,/m/09r3kx,,People's Republic of China
Lhokseumawe,/m/02775d6,,Indonesia
Liantang Port,/m/0j9qcp5,,People's Republic of China
Lianyungang,/m/03pkgv,,People's Republic of China
Lianzhou,/m/080btp_,,People's Republic of China
Liao Nanjing,/m/0_1m56g,,Liao dynasty
Liaocheng,/m/088wgv,,People's Republic of China
Liaoyang,/m/03pyww,,People's Republic of China
Liaoyuan,/m/06m9xt,,People's Republic of China
Liaqatpur,/m/04g06rb,,Pakistan
Libby,/m/0xjt1,,United States
Liberal,/m/0wslc,,United States
Liberal,/m/0tbrd,,United States
Liberec,/m/01kj5x,,Czech Republic
Libertad,/m/0gvsmxx,,Uruguay
Libertad,/m/03hkzx2,,Argentina
Libertador General San Martín,/m/0c4btl,,Argentina
Liberty,/m/0yjyf,,United States
Liberty,/m/0wttm,,United States
Liberty,/m/0105pw,,United States
Liberty,/m/0_n53,,United States
Liberty,/m/0t8ws,,United States
Liberty,/m/0tdc0,,United States
Liberty Hill,/m/010c3h,,United States
Liberty Lake,/m/021gztv,,United States
Libertyville,/m/0s__3,,United States
Libiąż,/m/02plx__,,Poland
Liboi,/m/027g9kv,,Kenya
Librazhd,/m/01d0mg,,Albania
Libreville,/m/0fq73,,Gabon
Lice,/m/0chl_g,,Turkey
Lich,/m/0dq5w3,,Germany
Lichfield,/m/0153mh,,United Kingdom
Lichinga,/m/09m15p,,Mozambique
Lichtenau,/m/0b2k5t,,Germany
Lichtenau,/m/0bjmng,,Germany
Lichtenberg,/m/0d6x99,,Germany
Lichtenfels,/m/0dkmp6,,Germany
Lichtenfels,/m/03hqz9,,Germany
Lichtenstein,/m/02ps_tf,,Germany
Licking,/m/0x0rv,,United States
Lidderdale,/m/0ssl6,,United States
Lidgerwood,/m/0yqm3,,United States
Lidzbark,/m/04mjjz,,Poland
Lidzbark,/m/04mjjz,,Kingdom of Poland
Lidzbark Warmiński,/m/02cmbs,,Poland
Liebenau,/m/0ffdzm,,Germany
Liebenthal,/m/0tb9h,,United States
Liebenwalde,/m/0fff0q,,Germany
Lieberose,/m/0fff2g,,Germany
Liebstadt,/m/0fff2v,,Germany
Lielvārde,/m/0bp4vc,,Latvia
Lienz,/m/06tb88,,Austria
Liepāja,/m/016mjz,,Latvia
Lier,/m/03j1dq,,Belgium
Liestal,/m/01h80y,,Switzerland
Lieyu Township,/m/05f321,,Taiwan
Lifford,/m/03bb2s,,Ireland
Ligang Township,/m/07kb3w_,,Taiwan
Ligao,/m/06jjq4,,Philippines
Lighthouse Point,/m/01z_5tm,,United States
Lignite,/m/0yn8g,,United States
Ligonier,/m/0sp4q,,United States
Lihula,/m/0b7nlw,,Estonia
Lijiang,/m/02fq4k,,People's Republic of China
Likasi,/m/086gt6,,Democratic Republic of the Congo
Lilbourn,/m/0wy7v,,United States
Lilburn,/m/0rwyx,,United States
Lilesville,/m/0yczx,,United States
Lille,/m/0d8r8,,France
Lillington,/m/0ygyh,,United States
Lilly,/m/0rw1j,,United States
Lilongwe,/m/0fq7l,,Malawi
Lilydale,/m/0vz1d,,United States
Lima,/m/0lpfh,,Peru
Lima,/m/0yshw,,United States
Lima Puluh,/m/051ypnx,,Indonesia
Liman,/m/04gp631,,Azerbaijan
Limani,/m/012m2vc8,,Cameroon
Limanowa,/m/05dp3t,,Poland
Limassol,/m/0ft08,,Cyprus
Limbach-Oberfrohna,/m/0b72wx,,Germany
Limbang,/m/03x65k,,Malaysia
Limbang District,/m/0bbyp3x,,Malaysia
Limbaži,/m/06yxpt,,Latvia
Limbe,/m/05mwkn,,Cameroon
Limbe,/m/03czch8,,Malawi
Limboto,/m/04n060r,,Indonesia
Limbourg,/m/017w3k,,Belgium
Limburg an der Lahn,/m/04npq,,Germany
Lime Springs,/m/0s_g7,,United States
Limeira,/m/027_7r,,Brazil
Limerick,/m/0fp5z,,Ireland
Limoges,/m/0180yl,,France
Limoncito,/m/0b6cyt5,,Bolivia
Limyra,/m/0cq_dx,,Turkey
Limón,/m/04wst4,,Costa Rica
Linares,/m/03_17y,,Chile
Linbian Township,/m/03srnb,,Taiwan
Lincang,/m/04rgng,,People's Republic of China
Lincoln,/m/04jt2,,United Kingdom
Lincoln,/m/04gxf,,United States
Lincoln,/m/0qc06,,United States
Lincoln,/m/0qxjs,,United States
Lincoln,/m/0sbrv,,United States
Lincoln,/m/0wsr5,,United States
Lincoln,/m/0r2v2,,United States
Lincoln,/m/0t3km,,United States
Lincoln,/m/0yn9h,,United States
Lincoln,/m/0265_wh,,Argentina
Lincoln Center,/m/0t83_,,United States
Lincoln City,/m/0zdws,,United States
Lincoln Park,/m/0xck0,,United States
Lincolnshire,/m/0tfs8,,United States
Lincolnton,/m/0yhlj,,United States
Lincolnton,/m/0rxw4,,United States
Lincolnville,/m/0t8d_,,United States
Lindale,/m/0108wk,,United States
Lindau,/m/01jq_7,,Germany
Linden,/m/06jh12,,Guyana
Linden,/m/0xt0t,,United States
Linden,/m/0yfwx,,United States
Linden,/m/0dvns9,,Germany
Linden,/m/0q92f,,United States
Linden,/m/0stvy,,United States
Linden,/m/0_zw1,,United States
Linden,/m/0v5tw,,United States
Lindenberg im Allgäu,/m/0861d6,,Germany
Lindenfels,/m/03rf8w,,Germany
Lindi,/m/020pfm,,Tanzania
Lindon,/m/021bcvp,,United States
Lindow,/m/0dwvl5,,Germany
Lindsay,/m/0r7wp,,United States
Lindsay,/m/0__ml,,United States
Lindsay,/m/0z5zg,,United States
Lindsborg,/m/0t8m5,,United States
Lindström,/m/0vx88,,United States
Lindum Colonia,/m/025tcz0,,United Kingdom
Lineville,/m/0q5zt,,United States
Lineville,/m/0t478,,United States
Linfen,/m/05xtzn,,People's Republic of China
Lingen,/m/04g6n9,,Germany
Linguère,/m/09h2ry,,Senegal
Linhares,/m/0306yc,,Brazil
Linjiang,/m/026tnk6,,People's Republic of China
Linkuva,/m/0g9dw3,,Lithuania
Linköping,/m/0zw1_,,Sweden
Linlithgow,/m/0dy_3z,,United Kingdom
Linluo Township,/m/07k5kt1,,Taiwan
Linn,/m/0wyrh,,United States
Linn,/m/0tcbb,,United States
Linn Creek,/m/0wt26,,United States
Linn Grove,/m/0ss5h,,United States
Linn Valley,/m/0t85c,,United States
Linnei Township,/m/07k98jq,,Taiwan
Linneus,/m/0wxgc,,United States
Linnich,/m/0bflm6,,Germany
Lino Lakes,/m/0vstp,,United States
Linstead,/m/079tv6,,Jamaica
Linton,/m/0ynz8,,United States
Linton,/m/0sltk,,United States
Linwood,/m/0206vpx,,United States
Linwood,/m/0t82m,,United States
Linyi,/m/069zgh,,People's Republic of China
Linz,/m/0fhmf,,Austria
Linz am Rhein,/m/040s51,,Germany
Lionel Town,/m/09rtdf_,,Jamaica
Liouciou Township,/m/07khqcl,,Taiwan
Lioujiao Township,/m/07kdf3s,,Taiwan
Lipa,/m/035x8p,,Philippines
Lipan,/m/0214zk6,,United States
Lipcani,/m/03vr8s,,Moldova
Lipiany,/m/0284bp1,,Poland
Lipik,/m/0c8g2n,,Croatia
Lipnița,/m/02pj756,,Romania
Lipno,/m/0c46hg,,Poland
Lipník nad Bečvou,/m/0br9sb,,Czech Republic
Lipova,/m/0kw6vc,,Romania
"Lipovac, Nijemci",/m/02rlz7s,,Croatia
Lippstadt,/m/03fp8v,,Germany
Lipscomb,/m/0q85n,,United States
Lipsk,/m/0286gxb,,Poland
Liquiçá,/m/0bq2pn,,Timor-Leste
Lira,/m/05x5nn,,Uganda
Lircay,/m/047mkdf,,Peru
Lisala,/m/0cbhl6,,Democratic Republic of the Congo
Lisbon,/m/04llb,,Portugal
Lisbon,/m/0yqf5,,United States
Lisbon,/m/0t0qn,,United States
Lisburn,/m/01zrsk,,United Kingdom
Liscomb,/m/0t1c8,,United States
Lishui,/m/037_vc,,People's Republic of China
Lismore,/m/020760,,Australia
Lismore,/m/0w8v7,,United States
Lissos,/m/025swh5,,Greece
Litchfield,/m/0sdsq,,United States
Litchfield,/m/0w70h,,United States
Litchfield,/m/0v70v,,United States
Litchfield Park,/m/01z5b2l,,United States
Litchville,/m/0ymv5,,United States
Liteni,/m/04g07zk,,Romania
Liternum,/m/044tpj,,Italy
Lithgow,/m/03rmfc,,Australia
Lithonia,/m/0rvwp,,United States
Litomyšl,/m/033g5n,,Czech Republic
Litoměřice,/m/03fw7s,,Czech Republic
Litovel,/m/084s7q,,Czech Republic
Little Canada,/m/0wfkf,,United States
Little Elm,/m/0214zlv,,United States
Little Falls,/m/08zmsf,,United States
Little Falls,/m/0w7l0,,United States
Little Flock,/m/0qrq9,,United States
Little Italy,/m/06zl6z6,,Australia
Little River,/m/0tb3l,,United States
Little River-Academy,/m/0_y06,,United States
Little Rock,/m/0ftvg,,United States
Little Rock,/m/01_4qht,,United States
Little Sioux,/m/01_4qjk,,United States
Littlefield,/m/0105dt,,United States
Littlefork,/m/0w43p,,United States
Littleton,/m/0g8lsf,,United States
Litvínov,/m/02_096,,Czech Republic
Lityn,/m/0134pmbq,,Ukraine
Liuboml,/m/0c2c0t,,Ukraine
Liubotyn,/m/0d5dbp,,Ukraine
Liupanshui,/m/027pxqs,,People's Republic of China
Liuzhou,/m/0489yr,,People's Republic of China
Livada,/m/02w6pdx,,Romania
Live Oak,/m/011m48,,United States
Live Oak,/m/0214_61,,United States
Live Oak,/m/0rsh1,,United States
Livermore,/m/0qxzs,,United States
Livermore,/m/0th69,,United States
Livermore,/m/0s_j9,,United States
Liverpool,/m/04lh6,,United Kingdom
Liverpool,/m/0_yqf,,United States
Livingston,/m/0qbzf,,United States
Livingston,/m/0x37g,,United States
Livingston,/m/0r1tt,,United States
Livingston,/m/0107sc,,United States
Livingston,/m/0thwz,,United States
Livingstone,/m/05t3sz,,Zambia
Livonia,/m/0xckc,,United States
Livorno,/m/01kmyh,,Italy
Liwa,/m/0_qjpv6,,Indonesia
Liwonde,/m/02zvcc,,Malawi
Lixa,/m/02pk2rn,,Portugal
Lixus,/m/07pr57,,Morocco
Liège,/m/0d4k2,,Belgium
Ljubljana,/m/0bmm4,,Slovenia
Ljubuški,/m/05jl1k,,Bosnia and Herzegovina
Llano,/m/0105wq,,United States
Llanquihue,/m/04ycx5m,,Chile
Llavallol,/m/03qnksg,,Argentina
Lloydminster,/m/02289c,,Canada
Lo Miranda,/m/0k2lsqr,,Chile
Lo-Reninge,/m/0145cw,,Belgium
Loanhead,/m/06v0ss,,United Kingdom
Lobamba,/m/07272n,,Eswatini
Lobelville,/m/0_wc8,,United States
Lobito,/m/03xrf_,,Angola
Lobos,/m/01lm3g,,Argentina
Locarno,/m/01tmp8,,Switzerland
Lochiel,/m/0488lb9,,United States
Lochmaben,/m/07nhy5,,United Kingdom
Lock Haven,/m/0ztp7,,United States
Lockerbie,/m/0kt88,,United Kingdom
Lockhart,/m/0_z3j,,United States
Lockport,/m/026yth,,United States
Lockport,/m/0sjch,,United States
Lockridge,/m/0s__g,,United States
Lockwood,/m/0wv4z,,United States
Locumba,/m/09r0bs,,Peru
Locust,/m/013hs9,,United States
Locust Grove,/m/0rx9z,,United States
Lod,/m/01vtg9,,Israel
Lodhran,/m/0gxmjj,,Pakistan
Lodi,/m/01mjy8,,United States
Lodi,/m/0r5f0,,United States
Lodja,/m/0cbhjt,,Democratic Republic of the Congo
Lodwar,/m/08wy5z,,Kenya
Lodève,/m/03ybfn,,France
Log Cabin,/m/010339,,United States
Logan,/m/010dft,,United States
Logan,/m/0s_70,,United States
Logan,/m/010xcl,,United States
Logan,/m/0yyrq,,United States
Logan,/m/0t9jw,,United States
Logansport,/m/0skc1,,United States
Loganville,/m/0rwz7,,United States
Logroño,/m/0bwhzml,,Ecuador
Lohman,/m/0wtzs,,United States
Lohmar,/m/0bkrm5,,Germany
Lohne,/m/0bgm_8,,Germany
Lohr am Main,/m/0bqt4w,,Germany
Lohrville,/m/0ssdq,,United States
Loikaw,/m/06lmrf,,Myanmar
Loitokitok,/m/0h1d4jx,,Kenya
Loitz,/m/0ffff6,,Germany
Loja,/m/041ptn,,Ecuador
Lokeren,/m/0149yd,,Belgium
Lokhvytsia,/m/07blw8,,Ukraine
Lokichogio,/m/03zdhh,,Kenya
Lokoja,/m/05m2f_,,Nigeria
Loksa,/m/07bsds,,Estonia
Lollar,/m/0dzpmx,,Germany
Loma,/m/0ynpn,,United States
Loma Linda,/m/0r4kp,,United States
Lomas de Zamora,/m/036yjm,,Argentina
Lomas del Mirador,/m/043p3nt,,Argentina
Lometa,/m/0105h8,,United States
Lomita,/m/0r0lc,,United States
Lomié,/m/06j0kk,,Cameroon
Lomma,/m/02p3grn,,Sweden
Lommatzsch,/m/0fbgdq,,Germany
Lommel,/m/017ny1,,Belgium
Lompoc,/m/0r60q,,United States
Lomé,/m/0fqgs,,Togo
Loncoche,/m/0284zgb,,Chile
Londinium,/m/025s3y4,,Ancient Rome
London,/m/04jpl,LON,United Kingdom
London,/m/0b1t1,,Canada
London,/m/0qwkf,,United States
London,/m/0b2sm,,United States
London,/m/0tgn8,,United States
Londrina,/m/034rq2,,Brazil
Lone Elm,/m/0t50s,,United States
Lone Grove,/m/0z4mn,,United States
Lone Jack,/m/0wwc7,,United States
Lone Oak,/m/0104bv,,United States
Lone Rock,/m/0t0g_,,United States
Lone Star,/m/0106x3,,United States
Lone Tree,/m/0t01l,,United States
Lone Tree,/m/0r9l3,,United States
Lonerock,/m/0zct_,,United States
Long Beach,/m/0nbwf,,United States
Long Beach,/m/0y2ql,,United States
Long Beach,/m/0wq4b,,United States
Long Beach,/m/0wfc2,,United States
Long Branch,/m/0xq63,,United States
Long Creek,/m/0zcwq,,United States
Long Grove,/m/0t301,,United States
Long Island,/m/0t9k6,,United States
Long Lake,/m/01_yml7,,United States
Long Pine,/m/0x4ml,,United States
Long Prairie,/m/0wljj,,United States
Long View,/m/013hrm,,United States
Longaricum,/m/02qm7cf,,Italy
Longaví,/m/0g042y,,Chile
Longchamps,/m/0gmdr9p,,Argentina
Longford,/m/0t5ws,,United States
Longlaville,/m/03qdl3w,,France
Longmont,/m/0r91p,,United States
Longnan,/m/0bh1w0,,People's Republic of China
Longton,/m/0t6lr,,United States
Longula,/m/0z6s62_,,Italy
Longuyon,/m/0dsgz2,,France
Longview,/m/013mtx,,United States
Longview,/m/010q92,,United States
Longville,/m/0vwnm,,United States
Longwood,/m/01z_66r,,United States
Longyan,/m/04h47r,,People's Republic of China
Lonoke,/m/0qvl9,,United States
Lonsdale,/m/0wgqm,,United States
Loogootee,/m/0snr5,,United States
Lookout Mountain,/m/0rzr3,,United States
Lorain,/m/0yzyn,,United States
Loraine,/m/0yqgk,,United States
Lorca,/m/029kdw,,Spain
Lorch,/m/0b9p_y,,Germany
Lorch,/m/0b9pxf,,Germany
Lordsburg,/m/0xv72,,United States
Lorena,/m/0106bs,,United States
Lorengau,/m/063cvt,,Papua New Guinea
Lorenzo,/m/0__rf,,United States
Loretto,/m/01_ymvf,,United States
Loretto,/m/0tg_1,,United States
Loretto,/m/0_vrv,,United States
Lorimor,/m/0t3s4,,United States
Loris,/m/0_m36,,United States
Lorraine,/m/0t6pw,,United States
Lorsch,/m/08jzzs,,Germany
Loryma,/m/03cqlb0,,Turkey
Los Alamitos,/m/0r2jr,,United States
Los Alamos,/m/09hsr,,United States
Los Altos,/m/04qfx,,United States
Los Andes,/m/0g0yv9,,Chile
Los Angeles,/m/030qb3t,,United States
Los Antiguos,/m/05znscn,,Argentina
Los Banos,/m/0r1v5,,United States
Los Cipreses,/m/0bwj6_5,,Argentina
Los Cristianos,/m/0961ds,,Spain
Los Fresnos,/m/0_zhn,,United States
Los Guayos,/m/03wc0fq,,Venezuela
Los Lagos,/m/027q545,,Chile
Los Llanos de Aridane,/m/07t896,,Spain
Los Muermos,/m/05zthc8,,Chile
Los Polvorines,/m/03m5nwh,,Argentina
Los Teques,/m/07ns21,,Venezuela
Los Toldos,/m/026xszh,,Argentina
Los Vilos,/m/0gs_yy,,Chile
Los Ybanez,/m/0__yq,,United States
Los Álamos,/m/04qb0b9,,Chile
Los Ángeles,/m/03g4wf,,Chile
Lospalos,/m/0bs5ng,,Timor-Leste
Lost Nation,/m/0stkz,,United States
Lost River,/m/0s1l8,,United States
Lost Springs,/m/0t8fb,,United States
Lostine,/m/0zg5n,,United States
Lota,/m/0g0h__,,Chile
Lothal,/m/015jtt,,India
Lott,/m/0100yz,,United States
Lottstetten,/m/02q041x,,Germany
Loudi,/m/0dkygv,,People's Republic of China
Loudon,/m/0_vtx,,United States
Louisa,/m/0tgnz,,United States
Louisburg,/m/0ygcx,,United States
Louisburg,/m/0w495,,United States
Louisburg,/m/0t8q8,,United States
Louisiana,/m/0wz6q,,United States
Louisville,/m/0f__1,,United States
Louisville,/m/0r922,,United States
Louisville,/m/0z1y9,,United States
Louisville,/m/0ws37,,United States
Louisville,/m/020x74t,,United States
Louisville,/m/0x50_,,United States
Louisville,/m/0t9mm,,United States
Louisville,/m/0rxk5,,United States
Loulan Kingdom,/m/04zpr7,,People's Republic of China
Loum,/m/0b91pk,,Cameroon
Louny,/m/04rccl,,Czech Republic
Loup City,/m/0x9w9,,United States
Lousoi,/m/051_1p7,,Greece
Louvain-la-Neuve,/m/01spzb,,Belgium
Loučná pod Klínovcem,/m/03d4mv8,,Czech Republic
Love Valley,/m/0yh8w,,United States
Lovejoy,/m/0rv52,,United States
Lovelady,/m/01046b,,United States
Loveland,/m/013jfw,,United States
Loveland,/m/0rbpv,,United States
Lovelock,/m/0xd7w,,United States
Loves Park,/m/0s34m,,United States
Lovilia,/m/0t1qd,,United States
Lovington,/m/0xvb1,,United States
Lovosice,/m/03m6b3,,Czech Republic
Low Moor,/m/0stl9,,United States
Lowden,/m/0ssrq,,United States
Lowell,/m/0zdtc,,United States
Lowell,/m/0ygh0,,United States
Lowell,/m/0t_3w,,United States
Lowell,/m/0qrqn,,United States
Lowell,/m/0v9sm,,United States
Lower Burrell,/m/0_h3b,,United States
Lower Hutt,/m/0g1w5,,New Zealand
Lower Kalskag,/m/0qd15,,United States
Lowry,/m/0wfcf,,United States
Lowry City,/m/0w_c4,,United States
Lowry Crossing,/m/0__8x,,United States
Loyada,/m/03wf18c,,Djibouti
Loyal,/m/01mjst,,United States
Loyall,/m/0td_h,,United States
Loyalton,/m/0r6t5,,United States
Loyston,/m/04mzpm3,,United States
Loznica,/m/0cdb66,,Serbia
Lozova,/m/0d5d99,,Ukraine
Lož,/m/05ms6qr,,Slovenia
Lqliâa,/m/0h1dm3k,,Morocco
Lu Verne,/m/013ckj,,United States
Lu'an,/m/089xd3,,People's Republic of China
Luana,/m/0stcf,,United States
Luanda,/m/04nsy,,Angola
Luang Prabang,/m/01cxqb,,Laos
Luangwa,/m/02q59v0,,Zambia
Luanshya,/m/07yjbn,,Zambia
Luba,/m/05ntpv,,Equatorial Guinea
Lubaczów,/m/02_g9r,,Poland
Lubango,/m/02n85j,,Angola
Lubartów,/m/0229p0,,Poland
Lubawa,/m/02_6tn,,Poland
Lubawka,/m/0cw9cj,,Poland
Lubań,/m/022bdl,,Poland
Lubbock,/m/0105y2,,United States
Luberizi,/m/010gkvmt,,Democratic Republic of the Congo
Lubień Kujawski,/m/02plxdr,,Poland
Lubin,/m/0j_cc,,Poland
Lublin,/m/0jw_5,,Poland
Lubliniec,/m/022bh7,,Poland
Lubniewice,/m/02pjymz,,Poland
Lubny,/m/06t1bt,,Ukraine
Lubok Antu,/m/08_gkj,,Malaysia
Lubowidz,/m/04yf7_1,,Poland
Luboń,/m/02291b,,Poland
Lubraniec,/m/02plcl_,,Poland
Lubsko,/m/08dzrx,,Poland
Lubuk Linggau,/m/02775pv,,Indonesia
Lubuk Sikaping,/m/0jkxchn,,Indonesia
Lubumbashi,/m/02kr5p,,Democratic Republic of the Congo
Lubycza Królewska,/m/04jc_9d,,Poland
Lubāna,/m/0267j5_,,Latvia
Lucama,/m/0yml0,,United States
Lucan,/m/0wfzw,,United States
Lucao Township,/m/07kc4lk,,Taiwan
Lucas,/m/0__97,,United States
Lucas,/m/0t0y5,,United States
Lucas,/m/0tbd7,,United States
Lucca,/m/0cht6,,Italy
Lucea,/m/08gny5,,Jamaica
Lucedale,/m/0wp_r,,United States
Lucelle,/m/0dscs1,,Switzerland
Lucelle,/m/0dscs1,,France
Lucentum,/m/0g570v,,Spain
Lucerne,/m/0194f5,,Switzerland
Luchenza,/m/09_p57,,Malawi
Lucka,/m/0b07y2,,Germany
Luckau,/m/08w0qy,,Germany
Luckenwalde,/m/0b9q8k,,Germany
Lucknow,/m/022tq4,,India
Ludbreg,/m/09lphg,,Croatia
Ludden,/m/0ynss,,United States
Ludhiana,/m/02c7tb,,India
Ludington,/m/0vd1p,,United States
Ludlow,/m/0tgjf,,United States
Ludowici,/m/0rxwh,,United States
Luduș,/m/0297fj,,Romania
Ludwigsburg,/m/035wpv,,Germany
Ludwigsdorf,/m/05f6_vc,,Germany
Ludwigsfelde,/m/0bnmmb,,Germany
Ludwigshafen,/m/012j32,,Germany
Ludwigslust,/m/010jk5,,Germany
Ludwigsstadt,/m/0ffg7b,,Germany
Ludza,/m/01gcky,,Latvia
Lueders,/m/013n09,,United States
Luena,/m/07cf7z,,Angola
Lufkin,/m/0_xkz,,United States
Lugano,/m/01r76y,,Switzerland
Lugau,/m/0ffg9t,,Germany
Lugdunum,/m/02tt4l,,Gaul
Lugu Township,/m/02vkzsz,,Taiwan
Luguvalium,/m/02604pf,,United Kingdom
Luhansk,/m/0428dx,,Ukraine
Luhačovice,/m/0c538r,,Czech Republic
Luján,/m/0724s6,,Argentina
Lukang Township,/m/03tbrv,,Taiwan
Luke,/m/02q249z,,North Macedonia
Lukolela,/m/043qy56,,Democratic Republic of the Congo
Lula,/m/0rt12,,United States
Lules,/m/0bwm49r,,Argentina
Luleå,/m/03zncj,,Sweden
Luling,/m/0_z3w,,United States
Lumber Bridge,/m/0yk3b,,United States
Lumber City,/m/0rz9k,,United States
Lumberton,/m/0yk3p,,United States
Lumberton,/m/0102d0,,United States
Lumberton,/m/013ghp,,United States
Lumbo,/m/0bm9s9m,,Mozambique
Lumpkin,/m/0rz27,,United States
Luna,/m/026mpnx,,Italy
Luna,/m/04cyz8,,Italy
Luna Pier,/m/0vf12,,United States
Lunbei Township,/m/07kg47_,,Taiwan
Lund,/m/03zv2t,,Sweden
Lundu,/m/0bprmm,,Malaysia
Lunga Lunga,/m/0bs1gdf,,Kenya
Lunzenau,/m/0ffgm4,,Germany
Luodong Township,/m/0563ch,,Taiwan
Luohe,/m/05zlvj,,People's Republic of China
Luohu Port,/m/0gtxcm4,,People's Republic of China
Luoyang,/m/0166dk,,People's Republic of China
Lupus,/m/0wx_6,,United States
Luray,/m/0tbdl,,United States
Lusail,/m/0b5gmb,,Qatar
Lusaka,/m/0j3vl,,Zambia
Lusambo,/m/05h58vt,,Democratic Republic of the Congo
Lushnjë,/m/01sw_v,,Albania
Lustenau,/m/0489nr,,Austria
Lutetia,/m/02dqyv,,Ancient Rome
Luther,/m/0srxx,,United States
Lutherstadt Wittenberg,/m/0d0wt,,Germany
Luthersville,/m/0ry43,,United States
Lutomiersk,/m/04jlws_,,Poland
Lutsk,/m/02jz3q,,Ukraine
Luttrell,/m/0_x44,,United States
Lutuhyne,/m/0gtptz,,Ukraine
Lutuhyne,/m/0gtptz,,Soviet Union
Lutuhyne,/m/0gtptz,,Russian Empire
Lututów,/m/04j9xqf,,Poland
Luverne,/m/0q6d0,,United States
Luverne,/m/0wgy4,,United States
Luverne,/m/0yrlm,,United States
Luwuk,/m/05t5xh,,Indonesia
Luxembourg,/m/0fq8f,,Luxembourg
Luxemburg,/m/0sz4w,,United States
Luxor,/m/0180b5,,Egypt
Luye,/m/02w11sw,,Taiwan
Luzerne,/m/0srnz,,United States
Luzhou,/m/061y17,,People's Republic of China
Luziânia,/m/09qdll,,Brazil
Lviv,/m/0d7_n,,Ukraine
Lwakhakha,/m/0gyv9zs,,Kenya
Lwakhakha,/m/0gy1q5p,,Uganda
Lweje,/m/03hk17z,,Myanmar
Lwówek,/m/0288klr,,Poland
Lwówek Śląski,/m/0893_m,,Poland
Lychen,/m/0ffgnl,,Germany
Lycopolis,/m/0dfc91,,Ancient Egypt
Lycosura,/m/0bncmr,,Greece
Lyctus,/m/02r5qfy,,Greece
Lydiane,/m/066046s,,Senegal
Lyford,/m/010bz8,,United States
Lyle,/m/0w7_f,,United States
Lyman,/m/0gt3sm,,Ukraine
Lyman,/m/0gt3sm,,Soviet Union
Lynch,/m/0td_v,,United States
Lynchburg,/m/0mnk7,,United States
Lynchburg,/m/013lq7,,United States
Lynd,/m/0w594,,United States
Lynden,/m/010vs9,,United States
Lyndhurst,/m/0yvkl,,United States
Lyndon,/m/0t98j,,United States
Lyndon,/m/0tfsm,,United States
Lynn,/m/0tz1x,,United States
Lynn Haven,/m/0rhf1,,United States
Lynnview,/m/0tfsz,,United States
Lynnville,/m/0s_wb,,United States
Lynnwood,/m/010tpk,,United States
Lynwood,/m/0r0ls,,United States
Lyon,/m/0dprg,,France
Lyons,/m/0zd_n,,United States
Lyons,/m/0x4rq,,United States
Lyons,/m/0tb3y,,United States
Lyons,/m/0rzh6,,United States
Lypovets,/m/0gt1zj,,Ukraine
Lyrnessus,/m/025yvh0,,Turkey
"Lysias, Phrygia",/m/0_1fv4w,,Turkey
Lyss,/m/0d2dnj,,Switzerland
Lysychansk,/m/0b5ck3,,Ukraine
Lysá nad Labem,/m/076sw2,,Czech Republic
Lytle,/m/013lt1,,United States
Lào Cai,/m/07m245,,Vietnam
Lábatlan,/m/02r2xrg,,Hungary
Lázaro Cárdenas,/m/080619l,,Mexico
Lébény,/m/02rhxd7,,Hungary
Léo,/m/0b4dm8,,Burkina Faso
Léogâne,/m/0ckprt,,Haiti
Létavértes,/m/026n690,,Hungary
Lévis,/m/01wmwg,,Canada
Lónya,/m/0f9thm,,Hungary
Löbau,/m/053nsh,,Germany
Lödöse,/m/0cbqcc,,Sweden
Löffingen,/m/0fff9r,,Germany
Löhne,/m/06zxgj,,Germany
Löningen,/m/0c458b,,Germany
Lörrach,/m/02bdx4,,Germany
Löwenstein,/m/0b9q42,,Germany
Lößnitz,/m/0dyk4s,,Germany
Lübbecke,/m/0bjhxj,,Germany
Lübben (Spreewald),/m/0877xj,,Germany
Lübbenau/Spreewald,/m/073xlp,,Germany
Lübeck,/m/04hhb,,Germany
Lübtheen,/m/0fffv0,,Germany
Lübz,/m/0fffyh,,Germany
Lüchow,/m/0c7px4,,Germany
Lüdenscheid,/m/018x8d,,Germany
Lüderitz,/m/01_qn1,,Namibia
Lüdinghausen,/m/0bfkwf,,Germany
Lügde,/m/03fg_b,,Germany
Lüleburgaz,/m/08nvpp,,Turkey
Lüliang,/m/0bg80r,,People's Republic of China
Lüneburg,/m/0135kl,,Germany
Lünen,/m/0b6by2,,Germany
Lütjenburg,/m/0cpyy7,,Germany
Lützen,/m/01fzrf,,Germany
Lębork,/m/013_zg,,Poland
Lędziny,/m/025w9qp,,Poland
Līgatne,/m/01f22v,,Latvia
Līvāni,/m/098v43,,Latvia
Lőkösháza,/m/026mb8f,,Hungary
Lőrinci,/m/03d4f2d,,Hungary
M'Bour,/m/06q_w3,,Senegal
M'banza-Kongo,/m/09dl3s,,Angola
M'diq,/m/04n4qlz,,Morocco
Ma'ale Adumim,/m/01vthy,,Palestine
Ma'ale Adumim,/m/01vthy,,Israeli-occupied territories
Ma'alot-Tarshiha,/m/01vtjc,,Israel
Ma'an,/m/05xzdr,,Jordan
Ma'anshan,/m/02prmn,,People's Republic of China
Ma'arrat Nu'man,/m/07rlrm,,Syria
Ma-i,/m/09gmb25,,Philippines
Maardu,/m/04xjrz,,Estonia
Maarrat Misrin,/m/02qj24y,,Syria
Maaseik,/m/017nyg,,Belgium
Maasin,/m/06qyyt,,Philippines
Maassluis,/m/0wbkd,,Netherlands
Maastricht,/m/051ls,,Netherlands
Mabalacat,/m/0496c2,,Philippines
Mabaruma,/m/04tqym,,Guyana
Mabel,/m/0v_90,,United States
Mableton,/m/0rv8x,,United States
Mabton,/m/010w2r,,United States
MacKay,/m/0s1lm,,United States
Macapá,/m/03dz5q,,Brazil
Macará,/m/075ddk,,Ecuador
Macas,/m/08dvqs,,Ecuador
Macau,/m/04thp,,People's Republic of China
Macaé,/m/037pwy,,Brazil
Macclenny,/m/0rhbt,,United States
Macclesfield,/m/0yg69,,United States
Macduff,/m/0bbzfd1,,United Kingdom
Macedonia,/m/0z23p,,United States
Macedonia,/m/0t2ky,,United States
Macelj,/m/094jq_,,Croatia
Machachi,/m/03qp1xk,,Ecuador
Machagai,/m/03hm736,,Argentina
Machakos,/m/08m5kb,,Kenya
Machala,/m/028znz,,Ecuador
Machalí,/m/04yf6bm,,Chile
Machida,/m/01wrkq,,Japan
Machilipatnam,/m/04_z02,,India
Machinda,/m/03cpp0w,,Equatorial Guinea
Machipanda,/m/04lg31t,,Mozambique
Machiques,/m/07g7lp,,Venezuela
Machu Picchu,/m/0krfy,,Peru
Mackay,/m/03kr2n,,Australia
Mackinac Island,/m/0vc38,,United States
Macks Creek,/m/0wt2k,,United States
Macksburg,/m/0t11n,,United States
Macksville,/m/0tbxl,,United States
Mackville,/m/0tj6n,,United States
Macomb,/m/0scyv,,United States
Macon,/m/0rt80,,United States
Macon,/m/0ylwm,,United States
Macon,/m/0sbwp,,United States
Macon,/m/0wxmj,,United States
Macon,/m/0wr6l,,United States
Mactan,/m/02fk8d,,Philippines
Macusani,/m/03hh09z,,Peru
Macuto,/m/08w3nd,,Venezuela
Madaba,/m/05544x,,Jordan
Madalla,/m/0hr1xfg,,Nigeria
Madauros,/m/011q5v43,,Algeria
Maddock,/m/0ym_d,,United States
Madeira,/m/0yxxs,,United States
Madeira Beach,/m/0rr1s,,United States
Madelia,/m/0wmyy,,United States
Madera,/m/0r18l,,United States
Madha,/m/031djl,,Oman
Madhyamgram,/m/07p19v,,India
Madill,/m/0z7hv,,United States
Madinani,/m/05p5crh,,Ivory Coast
Madinat Al-Zahra,/m/08bc8h,,Spain
Madinat Zayed,/m/0y66fdz,,United Arab Emirates
Madipakkam,/m/07h6qj,,India
Madison,/m/0fw2y,,United States
Madison,/m/0ykbj,,United States
Madison,/m/0qx94,,United States
Madison,/m/0q8tn,,United States
Madison,/m/0sccz,,United States
Madison,/m/0x84t,,United States
Madison,/m/0wr01,,United States
Madison,/m/0rycb,,United States
Madison,/m/0_r2c,,United States
Madison,/m/0wy0m,,United States
Madison,/m/0rmv9,,United States
Madison,/m/0smqm,,United States
Madison,/m/0w49j,,United States
Madison,/m/010wbn,,United States
Madison,/m/0t745,,United States
Madison Heights,/m/0xc0s,,United States
Madison Lake,/m/0vvh1,,United States
Madisonville,/m/0_w59,,United States
Madisonville,/m/0tf61,,United States
Madisonville,/m/01060m,,United States
Madiun,/m/09nv79,,Indonesia
Madona,/m/02p442_,,Latvia
Madras,/m/0zdj3,,United States
Madrid,/m/056_y,,Spain
Madrid,/m/0sry7,,United States
Madurai,/m/019fbp,,India
Maduravoyal,/m/0dj692,,India
Madytos,/m/07s6wqy,,Turkey
Mae Sai,/m/012sntf6,,Thailand
Mae Sot,/m/012stm_t,,Thailand
Maebashi,/m/0gp5mh,,Japan
Mafeteng,/m/029_5k,,Lesotho
Mafraq,/m/0b9827,,Jordan
Magazine,/m/0qvft,,United States
Magburaka,/m/0cbh6c,,Sierra Leone
Magdala,/m/0ffgy_,,Germany
Magdalena,/m/03m6rvh,,Bolivia
Magdanly,/m/0641m2k,,Turkmenistan
Magdeburg,/m/0577d,,Germany
Magee,/m/0wrnr,,United States
Magelang,/m/06rrm_,,Indonesia
Magetobria,/m/05mtm1_,,France
Maggie Valley,/m/0203g01,,United States
Maghagha,/m/02qq8wy,,Egypt
Maghar,/m/02rcxhv,,India
Maghnia,/m/08whr3,,Algeria
Maglód,/m/03c7lfz,,Hungary
Magna,/m/010frg,,United States
Magnae Dobunnorum,/m/064lfvs,,United Kingdom
Magnesia ad Sipylum,/m/05yjy8,,Turkey
Magnesia on the Maeander,/m/0378_0,,Turkey
Magnitogorsk,/m/04x32r,,Russia
Magnolia,/m/0yg3x,,United States
Magnolia,/m/0qsdj,,United States
Magnolia,/m/0s_7c,,United States
Magnolia,/m/0wrbd,,United States
Magnolia,/m/0106p5,,United States
Magnolia,/m/0wgyv,,United States
Magong City,/m/01vpfv,,Taiwan
Magtymguly,/m/05b22zl,,Turkmenistan
Magura,/m/04f3c47,,Bangladesh
Magway,/m/02p24sn,,Myanmar
Magydus,/m/0gmpsg,,Turkey
Magé,/m/08990y,,Brazil
Mahabubnagar,/m/02xpgw,,India
"Mahakali, Mahakali Zone",/m/04jg778,,Nepal
Mahalapye,/m/09cx3r,,Botswana
Mahamba,/m/0crjbbk,,Eswatini
Mahandougou,/m/05p3jb8,,Ivory Coast
Maharishi Vedic City,/m/059mwb,,United States
Mahaska,/m/0tcbp,,United States
Mahd adh Dhahab,/m/03cnzxy,,Saudi Arabia
Mahdia,/m/0d91gm,,Venezuela
Mahdia,/m/0d91gm,,Guyana
Maheshtala,/m/0f5gl8,,India
Mahidpur,/m/091yps,,India
Mahishmati,/m/0280wp_,,India
Mahlberg,/m/0ffg_h,,Germany
Mahmoudiyah,/m/0fqsr3h,,Egypt
Mahnomen,/m/0w5l2,,United States
Mahoba,/m/04r4c1,,India
Mahou,/m/05h1zvs,,Mali
Mahtomedi,/m/0wmq0,,United States
Mai'Adua,/m/09gqj88,,Nigeria
Maiac,/m/03wd781,,Moldova
Maiac,/m/03wd781,,Soviet Union
Maiac,/m/03wd781,,Transnistria
Maiden,/m/013htb,,United States
Maiduguri,/m/06plf6,,Nigeria
Maihar,/m/08_gf0,,India
Maijdee,/m/0123n9wt,,Bangladesh
Mailiao Township,/m/03cnfb4,,Taiwan
Mailuu-Suu,/m/08lvc3,,Kyrgyzstan
Mainbernheim,/m/0b1m5d,,Germany
Mainburg,/m/0dq11g,,Germany
Mainpuri,/m/03yy59,,India
Maintal,/m/0dbgt7,,Germany
Mainz,/m/054y8,,Germany
Maipú,/m/0fwsh3,,Argentina
Maiquetía,/m/05t6tz,,Venezuela
Mairana,/m/0b6m2lx,,Bolivia
Mairiporã,/m/0ffjbb,,Brazil
Maisí,/m/03cb783,,Cuba
Maitland,/m/0ww39,,United States
Maitland,/m/0rpnf,,United States
Maiwut,/m/0gmcvv1,,South Sudan
Maize,/m/0tbnj,,United States
Majalengka,/m/05p0lw,,Indonesia
Majayahan,/m/03gqsvz,,Somalia
Majene,/m/02z3cv7,,Indonesia
Majete,/m/0478wk_,,Ethiopia
Majia Township,/m/04z_4mw,,Taiwan
Majibacoa,/m/03cbm85,,Cuba
Majuro,/m/0fq8y,,Marshall Islands
Makale,/m/09ggtgh,,Indonesia
Makarska,/m/03h636,,Croatia
Makassar,/m/022h47,,Indonesia
Makati,/m/01dvzy,,Philippines
Makeni,/m/05bjlp,,Sierra Leone
Makhachkala,/m/02dpch,,Russia
Makhmur,/m/011vlq6m,,Iraq
Makiivka,/m/04ykwv,,Ukraine
Makokou,/m/02vyj9,,Gabon
Makopong,/m/03gt53v,,Botswana
Makoti,/m/0ys42,,United States
Makronisos,/m/04zqtl,,Greece
Maktorion,/m/02q_76p,,Italy
Makurdi,/m/07sly9,,Nigeria
Makénéné,/m/09k6zr0,,Cameroon
Makó,/m/02g_y4,,Hungary
Maków Mazowiecki,/m/099757,,Poland
Maków Mazowiecki,/m/099757,,Russian Empire
Maków Mazowiecki,/m/099757,,Duchy of Warsaw
Maków Mazowiecki,/m/099757,,Kingdom of Poland
Maków Podhalański,/m/022m4q,,Poland
Mala Vyska,/m/0g90lp,,Ukraine
Malaba,/m/0c628v,,Kenya
Malaba,/m/06416t5,,Uganda
Malabo,/m/0d0vv,,Equatorial Guinea
Malabon,/m/02gprr,,Philippines
Malacca,/m/05fsj1,,Malaysia
Malad City,/m/0s2g4,,United States
Malahide,/m/03s4sv,,Ireland
Malakal,/m/07ycp6,,South Sudan
Malakoff,/m/01033n,,United States
Malakwal,/m/0bdt2s,,Pakistan
Malang,/m/04w8dn,,Indonesia
Malangawa,/m/04d_twf,,Nepal
Malanje,/m/029qn0,,Angola
Malanville,/m/050q1b,,Benin
Malappuram,/m/09zn81,,India
Malargüe,/m/06cl10,,Argentina
Malatya,/m/04qkvn,,Turkey
Malavli,/m/0bbtx4t,,India
Malaybalay,/m/02bbgn,,Philippines
Malayer,/m/04d564,,Iran
Malbork,/m/013_r4,,Poland
Malchin,/m/08y9zs,,Germany
Malchow,/m/0ffhfc,,Germany
Malcom,/m/0t2qd,,United States
Malda,/m/08sfq5,,India
Malden,/m/0t_48,,United States
Malden,/m/0wvfk,,United States
Maldonado,/m/025t04t,,Uruguay
Malegaon,/m/06cbfl,,India
Malerkotla,/m/05s6ht,,India
Mali Lošinj,/m/0265b2l,,Croatia
Mali Žam,/m/02654vl,,Serbia
Maliana,/m/0bs5_7,,Timor-Leste
Malibu,/m/0r0m6,,United States
Malin,/m/0zdm_,,United States
Malkajgiri,/m/09nn06,,India
Malkara district,/m/0bjb_g,,Turkey
Malko Tarnovo,/m/0c8437,,Bulgaria
Mallard,/m/0t24w,,United States
Mallawi,/m/08swk4,,Egypt
Mallus,/m/0bk6_6,,Turkey
Malmedy,/m/017w4c,,Belgium
Malmö,/m/011l894y,,Sweden
Malolos,/m/03x06f,,Philippines
Malout,/m/0f5ht8,,India
Maloy,/m/0t2th,,United States
Malta,/m/0x39k,,United States
Malta,/m/0s1gv,,United States
Malta Bend,/m/0wzv_,,United States
Malvern,/m/0qtl6,,United States
Malvern,/m/0t1h5,,United States
Malyn,/m/0gt26h,,Ukraine
Malé,/m/0fq9y,,Maldives
Mamalyha,/m/0102jwrv,,Ukraine
Mamfe,/m/05tqyx,,Cameroon
Mammoth Spring,/m/0qt6t,,United States
Mampong,/m/03gz6y2,,Ghana
Mamporal,/m/02rqfv4,,Venezuela
Mamuju,/m/0851bv,,Indonesia
Mamurras,/m/0f6j_6,,Albania
Man,/m/020h9t,,Ivory Coast
Mana,/m/0g5sdz,,France
Manado,/m/03gfzb,,Indonesia
Managua,/m/0fqbf,,Nicaragua
Manama,/m/054jj,,Bahrain
"Manama, Al",/m/03wg5sk,,United Arab Emirates
Manankoro,/m/05h2gy_,,Mali
Mananwala,/m/0y4yzgv,,Pakistan
Manas,/m/05jxr3,,Kyrgyzstan
Manassas,/m/0mnj4,,United States
Manassas,/m/0rz7h,,United States
Manassas Park,/m/0mnht,,United States
Manatuto,/m/0bs4f4,,Timor-Leste
Manatí,/m/03cbm96,,Cuba
Manaus,/m/02bkk3,,Brazil
Manawa,/m/011d9s,,United States
Manbij,/m/012w_b,,Syria
Mancherial,/m/0f5j7_,,India
Manchester,/m/052bw,,United Kingdom
Manchester,/m/04j2n3,,United States
Manchester,/m/0by10m1,,United States
Manchester,/m/0xhj2,,United States
Manchester,/m/0w__2,,United States
Manchester,/m/0_t9t,,United States
Manchester,/m/0ry4g,,United States
Manchester,/m/0sv5m,,United States
Manchester,/m/0t6cd,,United States
Manchester,/m/0v_qh,,United States
Manchester,/m/0tdg5,,United States
Mandalay,/m/024bg7,,Myanmar
Mandalgovi,/m/0gp84w,,Mongolia
Mandali,/m/05p12k0,,Iraq
Mandaluyong,/m/01_9bc,,Philippines
Mandan,/m/0yp_2,,United States
Mandaue,/m/027vb2,,Philippines
Mandera,/m/0c6xrs,,Kenya
Manderscheid,/m/06bcz5,,Germany
Mandeville,/m/071k5w,,Jamaica
Mandeville,/m/01_gvgc,,United States
Mandi Bahauddin,/m/085xc8,,Pakistan
Mandsaur,/m/03t2kg,,India
Mandu,/m/03p6v8,,India
Mandurah,/m/01v755,,Australia
Mandya,/m/03cvnp,,India
Manfalut,/m/02rfv9d,,Egypt
Manga,/m/0b4d3_,,Burkina Faso
Mangalia,/m/022sgl,,Romania
Mangaluru,/m/01sv6k,,India
Mangaung Metropolitan Municipality,/m/0g53ydc,,South Africa
Mangit,/m/03wcn28,,Kyrgyzstan
Mango,/m/0762sh,,Togo
Mangochi,/m/02zvcr,,Malawi
Mangum,/m/0z67s,,United States
Mangupura,/m/0n4cklk,,Indonesia
Mang‘it,/m/063yxlz,,Uzbekistan
Manhattan,/m/0cc56,,United States
Manhattan,/m/013cz2,,United States
Manhattan Beach,/m/0r0mn,,United States
Manhattan Beach,/m/0vyqc,,United States
Mani,/m/0bn0f9,,Chad
Manica,/m/09m16f,,Mozambique
Maniitsoq,/m/0b16vs,,Kingdom of Denmark
Manila,/m/0195pd,,Philippines
Manila,/m/0qvw9,,United States
Manilla,/m/0h264,,United States
Manisa,/m/04t5x_,,Turkey
Manistee,/m/0vcj4,,United States
Manistique,/m/0vpst,,United States
Manitou Springs,/m/0r9xp,,United States
Manitowoc,/m/01mlsy,,United States
Manizales,/m/047d48,,Colombia
Manjhou township,/m/07k6ly8,,Taiwan
Mankato,/m/013fbl,,United States
Mankato,/m/0t7m0,,United States
Manly,/m/0t4sv,,United States
Mannford,/m/013k6p,,United States
Mannheim,/m/0pf5y,,Germany
Manning,/m/0_l6w,,United States
Manning,/m/0sslk,,United States
Mannington,/m/010xhq,,United States
Manoel Urbano,/m/026bf56,,Brazil
Manokotak,/m/0qddn,,United States
Manokwari,/m/06qxt4,,Indonesia
Manono,/m/05my4cc,,Democratic Republic of the Congo
Manor,/m/0109zc,,United States
Manor Creek,/m/0tft9,,United States
Manpo,/m/026dgqy,,North Korea
Mansa,/m/09fgv0,,Zambia
Mansa,/m/07jy8v,,India
Mansehra,/m/08d31q,,Pakistan
Mansfeld,/m/0cz504,,Germany
Mansfield,/m/0rf_s,,United States
Mansfield,/m/0qwzf,,United States
Mansfield,/m/0tk9g,,United States
Mansfield,/m/0x14p,,United States
Mansfield,/m/0z18v,,United States
Mansfield,/m/013mkb,,United States
Mansfield,/m/0ryfh,,United States
Manson,/m/0ssfd,,United States
Mansoura,/m/029pld,,Egypt
Mansôa,/m/09c62h,,Guinea-Bissau
Manta,/m/033d7l,,Ecuador
Mantador,/m/0yqmg,,United States
Manteca,/m/0r5ff,,United States
Manteo,/m/0yfyz,,United States
Manter,/m/0tbzn,,United States
Manti,/m/010g38,,United States
Mantineia,/m/01n5p3,,Greece
Manton,/m/0vs3b,,United States
Mantorville,/m/0xd87,,United States
Manuel Tames,/m/03cb80j,,Cuba
Manvel,/m/0_yqs,,United States
Manvel,/m/0yp3h,,United States
Manzala,/m/0bmd7rw,,Egypt
Manzanillo,/m/063stp,,Cuba
Manzanillo,/m/01gn2t,,Mexico
Manzanita,/m/0zfsv,,United States
Manzanouan,/m/05p3f7x,,Ivory Coast
Manzhouli,/m/08h8qw,,People's Republic of China
Manzini,/m/096rgb,,Eswatini
Mao,/m/03cgsk,,Chad
Maoming,/m/06n356,,People's Republic of China
Mapai,/m/03d4tgp,,Mozambique
Mapimí,/m/0gjty4,,Mexico
Mapiri,/m/09gk_mq,,Bolivia
Maple Grove,/m/0xdfg,,United States
Maple Heights,/m/0yvky,,United States
Maple Hill,/m/0tc6x,,United States
Maple Lake,/m/0wnv5,,United States
Maple Plain,/m/01_yq2g,,United States
Maple Ridge,/m/01wl32,,Canada
Maple Valley,/m/010rl_,,United States
Mapleton,/m/010gtr,,United States
Mapleton,/m/0t1m9,,United States
Mapleton,/m/0vvhr,,United States
Mapleton,/m/0ynjv,,United States
Mapleton,/m/0t59s,,United States
Mapleview,/m/0w803,,United States
Maplewood,/m/0w__f,,United States
Maplewood,/m/0wfks,,United States
Maputo,/m/0fqby,,Mozambique
Maputsoe,/m/09gklg,,Lesotho
Maquoketa,/m/0s_r5,,United States
Mar del Plata,/m/01psv5,,Argentina
Marabá,/m/0429pk,,Brazil
Maracaibo,/m/01l263,,Venezuela
Maracanaú,/m/0278n0k,,Brazil
Maracay,/m/04wrbz,,Venezuela
Maradi,/m/068wbp,,Niger
Marandallah,/m/05n_kpq,,Ivory Coast
Maranguape,/m/04f48m2,,Brazil
Maras,/m/0dg800,,Peru
Marathon,/m/0ss5v,,United States
Marathon,/m/0rp50,,United States
Marawi,/m/03k9cb,,Philippines
Marbach am Neckar,/m/04mnxd,,Germany
Marble,/m/0w2l2,,United States
Marble Falls,/m/0_z2v,,United States
Marble Hill,/m/0wss6,,United States
Marble Rock,/m/0szgx,,United States
Marburg,/m/0cy41,,Germany
Marcali,/m/02r5yl7,,Hungary
Marceline,/m/013gv_,,United States
Marche-en-Famenne,/m/017wvl,,Belgium
Marcianopolis,/m/0gt_s9,,Bulgaria
Marco Island,/m/01z_85_,,United States
Marcodava,/m/0gfj4v2,,Romania
Marcos Juárez,/m/026h3s_,,Argentina
Marcus,/m/0sszz,,United States
Mardan,/m/060gsd,,Pakistan
Mardin,/m/072q_0,,Turkey
Marechal Cândido Rondon,/m/09rx1c4,,Brazil
Marechal Thaumaturgo,/m/026bf5k,,Brazil
Marehra,/m/0f5k_5,,India
Marengo,/m/0sd2p,,United States
Marengo,/m/0s_nf,,United States
Marevo,/m/0crjkd0,,Bosnia and Herzegovina
Marfa,/m/0107v2,,United States
Margao,/m/04js8k,,India
Margate,/m/0rj8n,,United States
Margate City,/m/0xkjx,,United States
Margilan,/m/06tw4k,,Uzbekistan
Margny,/m/03m8fbr,,France
Margonin,/m/0f46yv,,Poland
Margus,/m/0j64rbl,,Serbia
Marhanets,/m/0dqkvd,,Ukraine
Mari,/m/03_22h,,Syria
Marianna,/m/0rlw5,,United States
Mariano Acosta,/m/03hk_4p,,Argentina
Marib,/m/09pcny,,Yemen
Maribor,/m/0565d,,Slovenia
Maricopa,/m/0qqrt,,United States
Maricopa,/m/0q_96,,United States
Maricá,/m/027m60_,,Brazil
Mariel,/m/02gzms,,Cuba
Marienberg,/m/0bcp30,,Germany
Marienmünster,/m/0bhrcm,,Germany
Mariental,/m/07ll6z,,Namibia
Marietta,/m/0yk40,,United States
Marietta,/m/0z7f2,,United States
Marietta,/m/0rv97,,United States
Marietta,/m/0z33s,,United States
Marietta,/m/0w4bk,,United States
Mariinsky Posad,/m/0cpxkk,,Russia
Marijampolė,/m/01s350,,Lithuania
Marijampolė,/m/01s350,,Russian Empire
Marikina,/m/01_9ym,,Philippines
Mariluz,/m/09rwk0y,,Brazil
Marina,/m/0r20m,,United States
Marine City,/m/0vqbb,,United States
Marine on St. Croix,/m/0wmqc,,United States
Marinette,/m/0115_1,,United States
Maringá,/m/01tvzq,,Brazil
Marinka,/m/0gts_h,,Ukraine
Marinka,/m/0gts_h,,Soviet Union
Marion,/m/02pvll9,,Cyprus
Marion,/m/013t_3,,United States
Marion,/m/0yht9,,United States
Marion,/m/0slq8,,United States
Marion,/m/0qssm,,United States
Marion,/m/0qbc1,,United States
Marion,/m/0sjm1,,United States
Marion,/m/0t0q_,,United States
Marion,/m/0215cjy,,United States
Marion,/m/0_mm7,,United States
Marion,/m/0ypdh,,United States
Marion,/m/0y_bj,,United States
Marion,/m/0_sj6,,United States
Marion,/m/0tdh7,,United States
Marion,/m/0t8fp,,United States
Marionville,/m/0wx5f,,United States
Maripasoula,/m/0g5sf9,,France
"Mariposa, Satipo Province",/m/0wypszd,,Peru
Marituba,/m/09rvrvc,,Brazil
Mariupol,/m/04fpvs,,Ukraine
Marivan,/m/092s28,,Iran
Mariánské Lázně,/m/03wdrf,,Czech Republic
Marjayoun,/m/0fy74p,,Lebanon
Markdorf,/m/0dvp3f,,Germany
Marked Tree,/m/0qwdk,,United States
Markesan,/m/01136g,,United States
Markgröningen,/m/0dpfwl,,Germany
Markham,/m/018gmr,,Canada
Markham,/m/0s557,,United States
Marki,/m/0926g6,,Poland
Markkleeberg,/m/0dkl2s,,Germany
Markneukirchen,/m/0ffj9m,,Germany
Markranstädt,/m/0dq65r,,Germany
Marks,/m/0wrgx,,United States
Marksville,/m/0tjnd,,United States
Marktbreit,/m/03br3q,,Germany
Marktheidenfeld,/m/0dym1z,,Germany
Marktleuthen,/m/0ffjcr,,Germany
Marktoberdorf,/m/0cc8l_,,Germany
Marktredwitz,/m/0dmknj,,Germany
Marktsteft,/m/0ffjh6,,Germany
Marl,/m/0bkng7,,Germany
Marlborough,/m/0t_4n,,United States
Marlette,/m/0vpl7,,United States
Marlin,/m/0100z9,,United States
Marlow,/m/0ffjmc,,Germany
Marlow,/m/0zb9t,,United States
Marmaduke,/m/0qtf0,,United States
Marmarth,/m/0yrh3,,United States
Marmet,/m/010x62,,United States
Marne,/m/0cmjwy,,Germany
Marne,/m/0sspn,,United States
Marneuli,/m/0b6lvg,,Georgia
Maroa,/m/0sbx0,,United States
Marondera,/m/06_wf8,,Zimbabwe
Maros,/m/02y_59t,,Indonesia
Marot,/m/0gk_wb9,,Pakistan
Maroua,/m/05bf_1,,Cameroon
Marquand,/m/0wxpl,,United States
Marquette,/m/0stcs,,United States
Marquette,/m/053dg,,United States
Marquette,/m/0t8mj,,United States
Marquette Heights,/m/0shcb,,United States
Marquez,/m/0105lr,,United States
Marrakesh,/m/054rw,,Morocco
Marriott-Slaterville,/m/010h97,,United States
Mars Hill,/m/0yhn7,,United States
Marsa Matruh,/m/01czsk,,Egypt
Marsabit,/m/06kxkf,,Kenya
Marsberg,/m/0bh5z9,,Germany
Marseille,/m/0jdtt,,France
Marseilles,/m/0s9pc,,United States
Marshall,/m/0yhnl,,United States
Marshall,/m/0102t4,,United States
Marshall,/m/0s433,,United States
Marshall,/m/0qw_t,,United States
Marshall,/m/0qhsz,,United States
Marshall,/m/0wzwb,,United States
Marshall,/m/0w5b5,,United States
Marshall,/m/0v36r,,United States
Marshalltown,/m/0t1cm,,United States
Marshallville,/m/0rxzl,,United States
Marshfield,/m/011v9d,,United States
Marshfield,/m/0x114,,United States
Marshville,/m/0yl8l,,United States
Marsiling,/m/0hzm9pf,,Singapore
Marsing,/m/0s2h6,,United States
Marston,/m/0wy85,,United States
Mart,/m/013n1t,,United States
Martelange,/m/017wmy,,Belgium
Martelle,/m/0t050,,United States
Martensdale,/m/0t40d,,United States
Martensville,/m/066dsj,,Canada
Martfű,/m/026mhxx,,Hungary
Marthasville,/m/0xjfz,,United States
Martigny,/m/030857,,Switzerland
Martin,/m/03tr11,,Slovakia
Martin,/m/0_p45,,United States
Martin,/m/0_xbb,,United States
Martin,/m/0tdm0,,United States
Martin,/m/0yrdq,,United States
Martindale,/m/0215fc4,,United States
Martinez,/m/0qys4,,United States
Martins Ferry,/m/0yt1m,,United States
Martinsburg,/m/010w9z,,United States
Martinsburg,/m/0wsd5,,United States
Martinsburg,/m/0t0b5,,United States
Martinsville,/m/0mnhg,,United States
Martinsville,/m/0s43g,,United States
Martinsville,/m/0sn_h,,United States
Martonvásár,/m/0dj1wp,,Hungary
Martvili,/m/044_vn,,Georgia
Martínez,/m/0ds0v8,,Argentina
Marugame,/m/01wpdm,,Japan
Marvell,/m/0qw92,,United States
Marvin,/m/0yl8y,,United States
Mary,/m/03wd31,,Turkmenistan
Mary Esther,/m/01z_95g,,United States
Maryborough,/m/028118,,Australia
Maryborough,/m/069lw4,,Australia
Maryhill,/m/01h0dj,,United Kingdom
Maryhill Estates,/m/0tftn,,United States
Maryland Heights,/m/0x003,,United States
Marysville,/m/0r8fx,,United States
Marysville,/m/0vqbp,,United States
Marysville,/m/010trq,,United States
Marysville,/m/0z2r0,,United States
Marysville,/m/0t8jf,,United States
Marysville,/m/0t17h,,United States
Maryville,/m/0_swz,,United States
Maryville,/m/0wymq,,United States
Marília,/m/03n6xj,,Brazil
Masaka,/m/079ysz,,Uganda
Masally,/m/04gg8vj,,Azerbaijan
Masan,/m/06hlmf,,South Korea
Masaya,/m/0cl92_,,Nicaragua
Masbate City,/m/05bjyn,,Philippines
Mascara,/m/0b9dz5,,Algeria
Mascotte,/m/0rm25,,United States
Mascoutah,/m/0sgzz,,United States
Maseru,/m/0fqcf,,Lesotho
Mases,/m/0j67gzh,,Greece
Masfout,/m/03wg5ns,,United Arab Emirates
Masha,/m/07kcn0g,,Ethiopia
Masjed Soleiman,/m/01qq07,,Iran
Mason,/m/0z2__,,United States
Mason,/m/010620,,United States
Mason,/m/0v7zs,,United States
Mason City,/m/0scv1,,United States
Mason City,/m/0ssvh,,United States
Masonville,/m/0sv5z,,United States
Maspalomas,/m/07p4g5,,Spain
Massaguet,/m/0bn0cj,,Chad
Massakory,/m/0b9syy,,Chad
Massawa,/m/02plmw,,Eritrea
Massena,/m/0ssp_,,United States
Massenya,/m/07x9xj,,Chad
Massillon,/m/0z1yn,,United States
Mastaura,/m/0_ft0qv,,Turkey
Mastaura,/m/012mc9xg,,Turkey
Mastia,/m/0fqq371,,Spain
Mastung,/m/043mvhr,,Pakistan
Masvingo,/m/029mgd,,Zimbabwe
Masyaf,/m/06kz_b,,Syria
Maszewo,/m/0287rzz,,Poland
Matadi,/m/0k53h,,Democratic Republic of the Congo
Matagalpa,/m/06xgwc,,Nicaragua
Matai,/m/0276k83,,Egypt
Matale,/m/06rdd8,,Sri Lanka
Matam,/m/08_dfk,,Senegal
Matamoros,/m/01byl2,,Mexico
Matanzas,/m/04yhfq,,Cuba
Matara,/m/0bl81f,,Sri Lanka
Mataram,/m/04n95m,,Indonesia
Matarieh,/m/0bmjm4y,,Egypt
Matfield Green,/m/0t5mv,,United States
Mathangwane,/m/03h3r23,,Botswana
Mathis,/m/0108m7,,United States
Mati,/m/06qtyx,,Philippines
Matlock,/m/0t390,,United States
Matola,/m/057jcq,,Mozambique
Matsubara,/m/01wn7w,,Japan
Matsudo,/m/01why4,,Japan
Matsue,/m/0gp6gx,,Japan
Matsumoto,/m/012xgc,,Japan
Matsusaka,/m/01wm54,,Japan
Matsuyama,/m/0gp6sg,,Japan
Mattawa,/m/010qnt,,United States
Matthews,/m/0yhvp,,United States
Matthews,/m/0wy8j,,United States
Matton-et-Clémency,/m/03m8ff4,,France
Mattoon,/m/0s4df,,United States
Matucana,/m/03h595w,,Peru
Maturín,/m/02qyyq,,Venezuela
Maud,/m/0_ygp,,United States
Maud,/m/013kdn,,United States
Maulbronn,/m/065tsb,,Germany
Maulde,/m/03qfhfw,,France
Mauldin,/m/0_lrt,,United States
Maumee,/m/020ms5j,,United States
Maumelle,/m/0qwqq,,United States
Maumere,/m/0f93tf,,Indonesia
Maungdaw Township,/m/03hkbdh,,Myanmar
Maupin,/m/0zg7s,,United States
Mauren,/m/07vw5r,,Liechtenstein
Maurice,/m/01_4r_d,,United States
Mauritsstad,/m/07s9p4s,,Brazil
Mauritsstad,/m/07s9p4s,,Dutch Brazil
Mauston,/m/01143z,,United States
Mauá,/m/0429s_,,Brazil
Mawlamyine,/m/052vyq,,Myanmar
Max,/m/0ypsk,,United States
Maxbass,/m/0yn3_,,United States
Maxhütte-Haidhof,/m/0dz8cc,,Germany
Maximianopolis,/m/0b6hxts,,Palestine
Maxixe,/m/09f_x7,,Mozambique
Maxton,/m/013j4c,,United States
Maxwell,/m/0t3dt,,United States
May Pen,/m/071fp2,,Jamaica
Mayadin,/m/0bkl9g,,Syria
Mayarí,/m/0c244h,,Cuba
Maybole,/m/04t6sm,,United Kingdom
Mayen,/m/04t6vd,,Germany
Mayer,/m/0vw8k,,United States
Mayetta,/m/0t7fh,,United States
Mayfield,/m/0tc1d,,United States
Mayfield,/m/0tdqg,,United States
Mayfield Heights,/m/0yvlm,,United States
Mayflower,/m/0qt2b,,United States
Maykop,/m/02hgr9,,Russia
Maynard,/m/0vx2c,,United States
Maynard,/m/0szc3,,United States
Maynardville,/m/0_x4h,,United States
Maynila,/m/04yh7j5,,Philippines
Maynooth,/m/02wr0l,,Ireland
Mayodan,/m/0ykbw,,United States
Maypearl,/m/0100vj,,United States
Maysville,/m/0yhhr,,United States
Maysville,/m/0th1t,,United States
Maysville,/m/0wv9s,,United States
Maysville,/m/0t30d,,United States
Mayumba,/m/05xnjk,,Gabon
Mayview,/m/0wx2b,,United States
Mayville,/m/0111cc,,United States
Mayville,/m/0yrx3,,United States
Maywood,/m/0r0ns,,United States
Maywood Park,/m/0zfkk,,United States
Maza,/m/0yrs_,,United States
Mazar-i-Sharif,/m/054t2,,Afghanistan
Mazatlán,/m/02n49j,,Mexico
Mazeppa,/m/0wl_9,,United States
Mazeppa,/m/09glhw6,,United States
Mazsalaca,/m/0bv3bc,,Latvia
Mazyr,/m/04r4q1,,Belarus
Małogoszcz,/m/07ms8s,,Poland
Małomice,/m/02pjyd1,,Poland
Mažeikiai,/m/04t71c,,Lithuania
Mbabane,/m/0fqcy,,Eswatini
Mbacké,/m/09h2tb,,Senegal
Mbale City,/m/079ykj,,Uganda
Mbalmayo,/m/06sdrh,,Cameroon
Mbamba Bay,/m/03c_s60,,Tanzania
Mbandaka,/m/0655tg,,Democratic Republic of the Congo
Mbanza-Ngungu,/m/0655p5,,Democratic Republic of the Congo
Mbarara City,/m/079yvq,,Uganda
Mbaïki,/m/039yz2,,Central African Republic
Mbeya,/m/074xtm,,Tanzania
Mbinda,/m/06032p,,Republic of the Congo
Mbini,/m/03027k,,Equatorial Guinea
Mbombela,/m/02jy6b,,South Africa
Mbouda,/m/0b2qsj,,Cameroon
Mbuji-Mayi,/m/0522cn,,Democratic Republic of the Congo
McAdenville,/m/0yghc,,United States
McAlester,/m/0z9d9,,United States
McAllen,/m/0103hp,,United States
McBain,/m/0vdvk,,United States
McCall,/m/0s2sj,,United States
McCallsburg,/m/0t3f4,,United States
McCamey,/m/010b5m,,United States
McCammon,/m/0s0td,,United States
McCaskill,/m/0qth3,,United States
McCausland,/m/0t30r,,United States
McCaysville,/m/0rwcj,,United States
McCleary,/m/010qxt,,United States
McClelland,/m/0t2l8,,United States
McClusky,/m/0yrf1,,United States
McComb,/m/0wrbr,,United States
McCook,/m/0x91c,,United States
McCracken,/m/0tb9v,,United States
McCrory,/m/0qxt1,,United States
McCune,/m/0t66t,,United States
McDonald,/m/0yk4c,,United States
McDonald,/m/0t9t3,,United States
McDonough,/m/0rxb9,,United States
McEwen,/m/0_vk4,,United States
McFall,/m/0wvpw,,United States
McFarlan,/m/0yc_7,,United States
McFarland,/m/0q_9l,,United States
McFarland,/m/0tc77,,United States
McGehee,/m/0qsy4,,United States
McGrath,/m/0qj78,,United States
McGrath,/m/0vsfn,,United States
McGregor,/m/0std3,,United States
McGregor,/m/013m84,,United States
McGregor,/m/0vsf_,,United States
McHenry,/m/0sd3c,,United States
McHenry,/m/0yn__,,United States
McHenry,/m/0thjz,,United States
McIntire,/m/0t1jk,,United States
McIntosh,/m/0_pt6,,United States
McIntosh,/m/0wdy9,,United States
McKee,/m/0tf8g,,United States
McKeesport,/m/0zhv2,,United States
McKenzie,/m/013l9l,,United States
McKinley,/m/0wjpr,,United States
McKinney,/m/0__9l,,United States
McKittrick,/m/0wy2p,,United States
McLaughlin,/m/0_ptk,,United States
McLeansboro,/m/0s7ry,,United States
McLendon-Chisholm,/m/01086h,,United States
McLouth,/m/0t7gw,,United States
McMechen,/m/010xmp,,United States
McMinnville,/m/0zgn7,,United States
McMinnville,/m/0_x5w,,United States
McNeil,/m/0qsdw,,United States
McPherson,/m/0t8mw,,United States
McRae,/m/0qxpy,,United States
McVille,/m/0yq2w,,United States
Mchinji,/m/02zv8s,,Malawi
Meade,/m/0t8p7,,United States
Meadow Lake,/m/051165,,Canada
Meadow Vale,/m/0tft_,,United States
Meadowbrook Farm,/m/0tfvb,,United States
Meadowlakes,/m/0_z35,,United States
Meadowlands,/m/0xfvr,,United States
Meadows Place,/m/0101bd,,United States
Meadowview Estates,/m/0tfvp,,United States
Meadville,/m/0zw8f,,United States
Meadville,/m/0wxgq,,United States
Meansville,/m/0ryq4,,United States
Mebane,/m/013hpx,,United States
Mechanicsville,/m/0sss1,,United States
Mechanicville,/m/0y6nq,,United States
Mechelen,/m/014h9r,,Belgium
Mechernich,/m/0bfn7s,,Germany
Mechinagar Municipality,/m/02vzwth,,Nepal
Meckenheim,/m/0b037n,,Germany
Meckhe,/m/026y61c,,Senegal
Medan,/m/01_d_n,,Indonesia
Medebach,/m/0bh60f,,Germany
Medellín,/m/01x_6s,,Colombia
Medford,/m/0zdfp,,United States
Medford,/m/01mnjz,,United States
Medford,/m/0t_4_,,United States
Medford,/m/0wkq1,,United States
Medford,/m/0z65q,,United States
Medgidia,/m/022sdp,,Romania
Medgyesegyháza,/m/026m98t,,Hungary
Media Luna,/m/03cbh67,,Cuba
Mediapolis,/m/0sv7b,,United States
Mediaș,/m/029g_q,,Romania
Medical Lake,/m/021h09v,,United States
Medicine Hat,/m/01k70l,,Canada
Medicine Lake,/m/0w19q,,United States
Medicine Lodge,/m/0t54m,,United States
Medina,/m/0y_fm,,United States
Medina,/m/010rmb,,United States
Medina,/m/01_yr7z,,United States
Medina,/m/0yrp1,,United States
Medina,/m/0_tws,,United States
Medina,/m/094vf,,Saudi Arabia
Medininagar,/m/05p9nn,,India
Medinipur,/m/065y_v,,India
Mediolanum,/m/02fhyz,,Ancient Rome
Medma,/m/026b4vv,,Italy
Medon,/m/0_vwp,,United States
Medora,/m/0yn13,,United States
Medullia,/m/06zmvhr,,Italy
Medumi,/m/04f42hh,,Latvia
Medyka,/m/02xbzcf,,Poland
Meerane,/m/07rdkw,,Germany
Meerbusch,/m/0846fq,,Germany
Meersburg,/m/05qjnn,,Germany
Meerut,/m/025fj7,,India
Mega,/m/02wxkwg,,Ethiopia
Megara,/m/053fp,,Greece
Megara Hyblaea,/m/03ykyq,,Italy
Mehran,/m/06935q,,Iran
Mehsana,/m/04pktz,,India
Meiganga,/m/0b2yyv,,Cameroon
Meigs,/m/0ry6j,,United States
Meilen,/m/01tnjs,,Switzerland
Meinerzhagen,/m/03q0xr,,Germany
Meiningen,/m/04164m,,Germany
Meire Grove,/m/0xfxg,,United States
Meisenheim,/m/0bqh83,,Germany
Meishan,/m/061xdh,,People's Republic of China
Meishan Township,/m/02vxf9s,,Taiwan
Meissen,/m/0b46s,,Germany
Meizhou,/m/030l9h,,People's Republic of China
Mejillones,/m/0389xn,,Chile
Mekane Berhan,/m/028150l,,Ethiopia
Mekane Selam,/m/02z5qbd,,Ethiopia
Mekele,/m/04jnx5,,Ethiopia
Meki,/m/03c_nqk,,Ethiopia
Meknes,/m/023jdv,,Morocco
Mekoryuk,/m/0qd1j,,United States
Melangeia,/m/04y91xd,,Greece
Melba,/m/0s1bq,,United States
Melbourne,/m/0chgzm,,Australia
Melbourne,/m/0qtst,,United States
Melbourne,/m/0t1df,,United States
Melbourne,/m/0rhp6,,United States
Melbourne,/m/01_gm67,,United States
Melbourne Arts Precinct,/m/06_vd05,,Australia
Melbourne Sports and Entertainment Precinct,/m/04k0xc,,Australia
Melcher-Dallas,/m/0t17v,,United States
Melchor de Mencos,/m/078y3s,,Guatemala
Meldorf,/m/08zht0,,Germany
Melena del Sur,/m/03c96jh,,Cuba
Melfort,/m/040635,,Canada
Melilla,/m/052lf,,Spain
Melipilla,/m/02pzg9k,,Chile
Melissa,/m/0__9y,,United States
Melitopol,/m/05crgp,,Ukraine
Mellaria,/m/0ryt5s8,,Roman Empire
Melle,/m/03nthx,,Germany
Mellen,/m/010zjn,,United States
Mellette,/m/0_s7m,,United States
Mellisurgis,/m/03g_rcx,,Greece
Mellrichstadt,/m/0ffjqk,,Germany
Melrose,/m/01vr54,,United Kingdom
Melrose,/m/0t_5b,,United States
Melrose,/m/0t1qr,,United States
Melrose,/m/0wkbq,,United States
Melsungen,/m/0dn_xl,,Germany
Melut,/m/0h3r8v6,,South Sudan
Melvern,/m/0t98w,,United States
Melville,/m/04062f,,Canada
Melvin,/m/0t1zp,,United States
Melvindale,/m/0vrtc,,United States
Memmingen,/m/02jv3s,,Germany
Memphis,/m/0ny25,,Egypt
Memphis,/m/0c_m3,,United States
Memphis,/m/013f3l,,United States
Memphis,/m/01028l,,United States
Memphis,/m/0xj17,,United States
Mena,/m/0gt4k8,,Ukraine
Mena,/m/0qwhc,,United States
Menace,/m/0crthn,,Spain
Menahga,/m/0wm6w,,United States
Menan,/m/0s1y_,,United States
Menard,/m/0106hp,,United States
Menasha,/m/013tx0,,United States
Mende,/m/02z5sdg,,Greece
Mendefera,/m/06j0ky,,Eritrea
Menden (Sauerland),/m/0195rx,,Germany
Mendenhall,/m/0wrp2,,United States
Mendi,/m/08p950,,Papua New Guinea
Mendi,/m/03d1186,,Ethiopia
Mendig,/m/0bsj3h,,Germany
Mendon,/m/010dg5,,United States
Mendon,/m/0wtk0,,United States
Mendota,/m/0s9pq,,United States
Mendota,/m/0qz8z,,United States
Mendota,/m/0vz22,,United States
Mendota Heights,/m/0vz2f,,United States
Mendoza,/m/0gbhrl,,Peru
Mendoza,/m/02mtwt,,Argentina
Mendrisio,/m/04j15s,,Switzerland
Menemen,/m/0bjc5r,,Turkey
Menen,/m/01456m,,Belgium
Mengen,/m/0f5cy9,,Germany
Mengomeyén,/m/09rbl0,,Equatorial Guinea
Menifee,/m/0gp2rg,,United States
Menlo,/m/0szw_,,United States
Menlo,/m/0tc44,,United States
Menlo,/m/0rtzj,,United States
Menlo Park,/m/0qcrj,,United States
Menno,/m/0_qv3,,United States
Menominee,/m/0vdh6,,United States
Menomonee Falls,/m/011d04,,United States
Menomonie,/m/01mklp,,United States
Menouf,/m/0j277l9,,Egypt
Menton,/m/027fgw,,France
Mentor,/m/0yz9r,,United States
Mentor,/m/0wdyn,,United States
Mentor,/m/0td5s,,United States
Mentor-on-the-Lake,/m/0yzb3,,United States
Meppen,/m/05qwgz,,Germany
Mequon,/m/0117dh,,United States
Merak,/m/077q1k,,Indonesia
Merano,/m/045fm9,,Italy
Meraro,/m/047tn0d,,Ethiopia
Merauke,/m/02pb539,,Indonesia
Merawi,/m/0135__h_,,Ethiopia
Merca,/m/06164n,,Somalia
Merced,/m/0b_cr,,United States
Mercedes,/m/06xkcr,,Uruguay
Mercedes,/m/02xq6s,,Argentina
Mercedes,/m/09rsghl,,Brazil
Mercedes,/m/0103j0,,United States
Mercedes,/m/0bcl76,,Argentina
Mercer,/m/0wxsp,,United States
Mercer,/m/0ypsx,,United States
Mercer Island,/m/021h0cg,,United States
Merdare,/m/0by1tk7,,Serbia
Merefa,/m/0d5dnv,,Ukraine
Merewether,/m/0cm9kr,,Australia
Meriden,/m/01m22n,,United States
Meriden,/m/0ss_9,,United States
Meriden,/m/0t7h6,,United States
Meridian,/m/0qkyj,,United States
Meridian,/m/0_ydm,,United States
Meridian,/m/0s0pz,,United States
Merkel,/m/0109mk,,United States
Merkendorf,/m/0ffjtp,,Germany
Merkezefendi district,/m/0vxd3s7,,Turkey
Merlo,/m/025ymgd,,Argentina
Meroz,/m/02pl954,,Jordan
Meroë,/m/02lds2,,Sudan
Merriam,/m/0t7qh,,United States
Merrill,/m/0zdnb,,United States
Merrill,/m/01mlrk,,United States
Merrill,/m/0t27z,,United States
Merritt,/m/03bl5k,,Canada
Merschweiller,/m/03qf1vj,,France
Merseburg,/m/058ts,,Germany
Mersin,/m/04b8ty,,Turkey
Merta City,/m/0f5mgb,,India
Mertzon,/m/0104fl,,United States
Meru,/m/03f4xs,,Kenya
Merv,/m/01ldgr,,Turkmenistan
Merzig,/m/0b_sk7,,Germany
Mesa,/m/0qpn9,,United States
Mesa,/m/010qgy,,United States
Meschede,/m/06bj4_,,Germany
Mescherin,/m/02rr52b,,Germany
Mesen,/m/0145zf,,Belgium
Meservey,/m/0ssvv,,United States
Mesic,/m/0yjmn,,United States
Mesquita,/m/027m6g2,,Brazil
Mesquite,/m/013md2,,United States
Mesquite,/m/0xcds,,United States
Messene,/m/0l5hf,,Greece
Messina,/m/0g7yx,,Italy
Messincourt,/m/03m8fhx,,France
Messkirch,/m/05k603,,Germany
Meta,/m/0wyrv,,United States
Metaljka,/m/0crdhx7,,Bosnia and Herzegovina
Metangula,/m/0g8h77,,Mozambique
Metapontum,/m/06jfls,,Italy
Metehara,/m/03h4r92,,Ethiopia
Metemma,/m/06kwlx,,Ethiopia
Methuen,/m/0tz30,,United States
Metković,/m/05yw9y,,Croatia
Metlika,/m/0bmyzx,,Slovenia
Metolius,/m/0zdjg,,United States
Metro,/m/0277560,,Indonesia
Metro Manila,/m/0jhwd,,Philippines
Metropolis,/m/02qy77v,,Turkey
Metropolis,/m/0scwf,,United States
Metter,/m/0rtmh,,United States
Mettmann,/m/03zmy0,,Germany
Metu,/m/06rxxp,,Ethiopia
Metz,/m/0fwdr,,France
Metzingen,/m/079bb_,,Germany
Meulaboh,/m/04v1wt,,Indonesia
Meuselwitz,/m/0dzpkc,,Germany
Mexia,/m/0105ry,,United States
Mexicali,/m/01n8m_,,Mexico
Mexico,/m/0wsdj,,United States
Mexico Beach,/m/0rhff,,United States
Mexico City,/m/04sqj,,Mexico
Meycauayan,/m/02y3pq,,Philippines
Meyenburg,/m/0ffjxt,,Germany
Meyrin,/m/080_50,,Switzerland
Mezőberény,/m/0bl3pr,,Hungary
Mezőcsát,/m/05ljp0,,Hungary
Mezőhegyes,/m/026lb8w,,Hungary
Mezőkeresztes,/m/08wh79,,Hungary
Mezőkovácsháza,/m/026lbgc,,Hungary
Mezőkövesd,/m/05ldgt,,Hungary
Mezőtúr,/m/07c7gs,,Hungary
Meßstetten,/m/0dyl8r,,Germany
Mežica,/m/050c8_,,Slovenia
Mfuwe,/m/02qp_lr,,Zambia
Mhlume,/m/099945,,Eswatini
Mhlumeni,/m/026gjd9,,Eswatini
Mialouto,/m/04g1zfk,,Central African Republic
Miami,/m/0f2v0,,United States
Miami,/m/01083m,,United States
Miami,/m/0z8z_,,United States
Miami,/m/0wzwp,,United States
Miami Beach,/m/0rnmy,,United States
Miami Gardens,/m/04dvzs,,United States
Miami Springs,/m/0rnp2,,United States
Miamisburg,/m/0y__c,,United States
Mian Channu,/m/0cgc5q,,Pakistan
Miani,/m/057l0b,,Pakistan
Mianwali,/m/052ddx,,Pakistan
Mianyang,/m/057b4w,,People's Republic of China
Miaoli City,/m/04b4v8,,Taiwan
Miarinarivo,/m/02qc4v5,,Madagascar
Miasteczko Śląskie,/m/02pl8j5,,Poland
Miastko,/m/01zknj,,Poland
Michalovce,/m/066mbg,,Slovakia
Michałowo,/m/03nqk1p,,Poland
Michelena,/m/047b9xy,,Venezuela
Michelstadt,/m/066sbk,,Germany
Michigan City,/m/0sncp,,United States
Michigan City,/m/0yq36,,United States
Michmash,/m/02xlw9,,Palestine
Michuhol,/m/0nbgmdm,,
Micomiseng,/m/03cpnwc,,Equatorial Guinea
Micro,/m/0yhfb,,United States
Middelburg,/m/0ps68,,Netherlands
Middelfart,/m/0128_h,,Denmark
Middle River,/m/0w5zt,,United States
Middleburg,/m/0ylf7,,United States
Middleburg Heights,/m/0yvlz,,United States
Middlepits,/m/03gt51f,,Botswana
Middlesboro,/m/0tcps,,United States
Middlesbrough,/m/01xbld,,United Kingdom
Middlesex,/m/0yj2z,,United States
Middleton,/m/01mk6l,,United States
Middleton,/m/0s1c1,,United States
Middleton,/m/0_v96,,United States
Middletown,/m/01p726,,United States
Middletown,/m/011q7q,,United States
Middletown,/m/0c4fnt,,United Kingdom
Middletown,/m/0sv7p,,United States
Middletown,/m/013jcb,,United States
Middletown,/m/0wy30,,United States
Middletown,/m/0tfw0,,United States
Midea,/m/02z55bz,,Greece
Midfield,/m/01z38pd,,United States
Midland,/m/01zt4l,,United States
Midland,/m/013n2h,,United States
Midland,/m/013dy7,,United States
Midlothian,/m/0100vw,,United States
Midvale,/m/010frt,,United States
Midvale,/m/0s2t6,,United States
Midville,/m/0rtgm,,United States
Midway,/m/0bngq_,,United States
Midway,/m/010g_t,,United States
Midway,/m/01060z,,United States
Midway,/m/0rxv3,,United States
Midway,/m/0tjbs,,United States
Midway,/m/011m5q,,United States
Midwest City,/m/0z8l7,,United States
Midyat,/m/0bjc84,,Turkey
Miechów,/m/0c17ss,,Poland
Miejska Górka,/m/0288bjj,,Poland
Mielec,/m/0228r1,,Poland
Mielno,/m/01mq9v,,Poland
Miercurea Ciuc,/m/03bqsp,,Romania
Miercurea Nirajului,/m/07cdhh,,Romania
Miercurea Sibiului,/m/09vf4v,,Romania
Mieroszów,/m/07r215,,Poland
Miesbach,/m/04yxx5,,Germany
Mieso,/m/03gr2ws,,Ethiopia
Miesville,/m/0vz2s,,United States
Mieszkowice,/m/0286s94,,Poland
Mieza,/m/0cl_f0,,Greece
Mieścisko,/m/05c4p6z,,Poland
Mieścisko,/m/05c4p6z,,Duchy of Warsaw
Mieścisko,/m/05c4p6z,,Kingdom of Poland
Migdal HaEmek,/m/01vtgp,,Israel
Miguel Alemán,/m/02w3m2w,,Mexico
Migues,/m/0gvvv69,,Uruguay
Mihama-ku,/m/06ptly,,Japan
Mihtarlam,/m/02ww_66,,Afghanistan
Mihăilești,/m/0463lzy,,Romania
Mikkeli,/m/021210,,Finland
Mikołajki,/m/04lkmh,,Poland
Mikołów,/m/036sxy,,Poland
Mikstat,/m/02889kl,,Poland
Mikstat,/m/02889kl,,Kingdom of Poland
Mikulov,/m/059zfw,,Czech Republic
Milaca,/m/0w770,,United States
Milagro,/m/060lyx,,Ecuador
"Milak, Sistan and Baluchestan",/m/04f4qt5,,Iran
Milan,/m/0947l,MIL,Italy
Milan,/m/0_tx3,,United States
Milan,/m/0tc1r,,United States
Milan,/m/0vx2q,,United States
Milan,/m/013f49,,United States
Milan,/m/0rw04,,United States
Milan,/m/0xjd7,,United States
Milano,/m/0106jq,,United States
Milanówek,/m/02691fj,,Poland
Milazzo,/m/0c6bz,,Italy
Milbank,/m/0_qfy,,United States
Mildred,/m/0t4z0,,United States
Mildura,/m/02qfk6,,Australia
Miles,/m/01089l,,United States
Miles,/m/0s_rk,,United States
Miles City,/m/0x1pm,,United States
Miletus,/m/0jb__,,Turkey
Milevsko,/m/04s6lp,,Czech Republic
Milevum,/m/011jhp47,,Algeria
Milford,/m/05czhc,,Ireland
Milford,/m/010cmg,,United States
Milford,/m/0rgkt,,United States
Milford,/m/013tbb,,United States
Milford,/m/0sv91,,United States
Milford,/m/0t6xy,,United States
Milford,/m/013jgq,,United States
Milford,/m/0x9qh,,United States
Milicz,/m/0dd6k3,,Poland
Milișăuți,/m/0464yq4,,Romania
Mill City,/m/013kl6,,United States
Mill Creek,/m/021h0k5,,United States
Mill Valley,/m/0r1gl,,United States
Millbrae,/m/0r5tn,,United States
Millbrook,/m/0qmt7,,United States
Millcreek,/m/010fs4,,United States
Milledgeville,/m/0rs_c,,United States
Millen,/m/0rxlk,,United States
Miller,/m/0wx5s,,United States
Miller,/m/0_qnt,,United States
Millersburg,/m/0zd__,,United States
Millersburg,/m/0s_ns,,United States
Millersburg,/m/0tcrw,,United States
Millersville,/m/013lqz,,United States
Millerton,/m/0t47m,,United States
Millerville,/m/0xd8y,,United States
Milligan,/m/0x6jb,,United States
Millington,/m/0_wtv,,United States
Millport,/m/0pfcj,,United Kingdom
Mills River,/m/03qqtg,,United States
Millville,/m/0xmfz,,United States
Millville,/m/010dgj,,United States
Millville,/m/0stdg,,United States
Millville,/m/0wl__,,United States
Millwood,/m/010v6v,,United States
Milner,/m/0rxnm,,United States
Milngavie,/m/0m7bs,,United Kingdom
Milnor,/m/0yrbw,,United States
Milo,/m/0t40r,,United States
Milos,/m/018x2c,,Greece
Miloslaw,/m/0288by7,,Poland
Milpitas,/m/0r69z,,United States
Milroy,/m/0wf_6,,United States
Miltenberg,/m/028dmw,,Germany
Milton,/m/03vb6d,,United States
Milton,/m/0yf51,,United States
Milton,/m/013nqb,,United States
Milton,/m/0t3w7,,United States
Milton,/m/0rrqm,,United States
Milton,/m/0ynp_,,United States
Milton,/m/0dgpsn,,United States
Milton,/m/0tj2w,,United States
Milton Keynes,/m/0131ly,,United Kingdom
Milton-Freewater,/m/0zfzq,,United States
Miltona,/m/0vznq,,United States
Miltonvale,/m/0t5zw,,United States
Milwaukee,/m/0dyl9,,United States
Milwaukie,/m/013khr,,United States
Mimongo,/m/0hn8jcg,,Gabon
Minas,/m/03cb5bj,,Cuba
Minas,/m/06xk66,,Uruguay
Minatare,/m/0x9m1,,United States
Minatitlán,/m/02fdhz,,Mexico
Minburn,/m/0stw8,,United States
Minco,/m/0z61x,,United States
Mindelheim,/m/096pss,,Germany
Mindelo,/m/0k02b,,Cape Verde
Minden,/m/018xkz,,Germany
Minden,/m/02z1b8t,,Germany
Minden,/m/0x7nr,,United States
Minden,/m/0t2lm,,United States
Minden,/m/0tn9j,,United States
Mindenmines,/m/0wsm1,,United States
Mindszent,/m/026mdnd,,Hungary
Mineola,/m/010ccd,,United States
Miner,/m/013h46,,United States
Mineral Point,/m/01ml82,,United States
Mineral Springs,/m/0yl9q,,United States
Mineral Springs,/m/0qtmm,,United States
Mineral Wells,/m/013n4m,,United States
Mingjian Township,/m/0465tdg,,Taiwan
Mingo,/m/0s_wp,,United States
Mingora,/m/0cf5wq,,Pakistan
Mingus,/m/0107hs,,United States
Minidoka,/m/0s2d2,,United States
Minna,/m/05lb0l,,Nigeria
Minnagara,/m/027_49q,,Pakistan
Minneapolis,/m/0t9fq,,United States
Minneapolis,/m/0fpzwf,,United States
Minneiska,/m/013gf8,,United States
Minneola,/m/0rm2j,,United States
Minneola,/m/0t5vr,,United States
Minneota,/m/0w5bj,,United States
Minnesota City,/m/0wnhg,,United States
Minnesota Lake,/m/013fby,,United States
Minnesott Beach,/m/0yjm_,,United States
Minnetonka,/m/0w1bd,,United States
Minnetonka Beach,/m/0w1br,,United States
Minnetrista,/m/0w1c2,,United States
Minnewaukan,/m/0ym_r,,United States
Minoh,/m/01wn9b,,Japan
Minonk,/m/0sjvv,,United States
Minor Hill,/m/0_tz5,,United States
Minot,/m/0ys4f,,United States
Minsk,/m/0dlxj,,Belarus
Minsyong Township,/m/07khvf_,,Taiwan
Mint Hill,/m/0yhw0,,United States
Minto,/m/0ys07,,United States
Minvoul,/m/09x0dt,,Gabon
Minya,/m/02r6ww5,,Egypt
Mioveni,/m/045w4g,,Romania
Mira-Bhayandar,/m/0f5ms9,,India
Mirama Hills,/m/0j9njtx,,Uganda
Miramar,/m/0rj9r,,United States
Miramar,/m/02699gz,,Argentina
Miramichi,/m/016x15,,Canada
Miranda de Ebro,/m/0ctbsp,,Spain
Miranda do Douro,/m/080fk1b,,Portugal
Miranshah,/m/0bnsrh,,Pakistan
Miri,/m/03x621,,Malaysia
Mirjaveh,/m/076v3q0,,Iran
Mirosławiec,/m/07r1zp,,Poland
Mirow,/m/0cx1gp,,Germany
Mirpur,/m/04x88s,,Pakistan
Mirpur Khas,/m/03_dt6,,Pakistan
Mirpur Mathelo,/m/03nqsry,,Pakistan
Mirsk,/m/02pjc0g,,Poland
Miryang,/m/03v9zq,,South Korea
Miróbriga,/m/02v_jw5,,Portugal
Misato,/m/01whrw,,Japan
Misenheimer,/m/0993qn,,United States
Mishawaka,/m/0sq12,,United States
Mishima,/m/01wld1,,Japan
Miskolc,/m/01j5l6,,Hungary
Misrata,/m/02d982,,Libya
Mission,/m/01wpz6,,Canada
Mission,/m/0103kd,,United States
Mission,/m/0t7qv,,United States
Mission,/m/0_sbq,,United States
Mission Hills,/m/0t7r5,,United States
Mission Viejo,/m/0r2k3,,United States
Mission Woods,/m/0t7rj,,United States
Mississauga,/m/0154gx,,Canada
Missoula,/m/0x335,,United States
Missouri City,/m/013mny,,United States
Missouri City,/m/0wttz,,United States
Missouri Valley,/m/0s_7q,,United States
Mit Abou Ghaleb,/m/0w5t65m,,Egypt
Mit Ghamr,/m/08pfjl,,Egypt
Mitaka,/m/01wrh5,,Japan
Mitchell,/m/0zgkv,,United States
Mitchell,/m/0t1jx,,United States
Mitchell,/m/0x9md,,United States
Mitchell,/m/0_pxn,,United States
Mitchell,/m/0snfr,,United States
Mitchellville,/m/0qsyh,,United States
Mitchellville,/m/01_4s1z,,United States
Mitchellville,/m/0_wzn,,United States
Mito,/m/0gp5wc,,Japan
Mitrovica,/m/01psby,,Serbia
Mitrovica,/m/01psby,,Kosovo
Mitsamiouli,/m/099slh,,Comoros
Mittenwalde,/m/0ffk0p,,Germany
Mitterteich,/m/0ffk3k,,Germany
Mittweida,/m/04tk3q,,Germany
Mitzic,/m/09x0dg,,Gabon
Mitú,/m/06xkzd,,Colombia
Miusynsk,/m/0gt503,,Ukraine
Mixco,/m/078z13,,Guatemala
Miyakonojō,/m/0gp70r,,Japan
Miyazaki,/m/0gp709,,Japan
Mizan Aman,/m/07nv3n,,Ethiopia
Mizil,/m/056hd2,,Romania
Mizpah,/m/0w440,,United States
Mizque,/m/08nbd9,,Bolivia
Międzybórz,/m/02vrflp,,Poland
Międzychód,/m/0c0w0f,,Poland
Międzyrzec Podlaski,/m/022hlh,,Poland
Międzyrzecz,/m/022mf5,,Poland
Międzyzdroje,/m/01mq9g,,Poland
Miękinia,/m/03gv645,,Poland
Miłakowo,/m/02pk7cg,,Poland
Miłomłyn,/m/02pk79r,,Poland
Mińsk Mazowiecki,/m/0228q8,,Poland
Mkoani,/m/074xm2,,Tanzania
Mkokotoni,/m/074xw1,,Tanzania
Mladá Boleslav,/m/044gp4,,Czech Republic
Mnichovo Hradiště,/m/039yy9,,Czech Republic
Mníšek v Krušných horách,/m/0n42brq,,Czech Republic
Moa,/m/0c1tp_,,Cuba
Moab,/m/010f5z,,United States
Moatize,/m/09m174,,Mozambique
Mobaye,/m/039yx6,,Central African Republic
Mobayi-Mbongo,/m/02886dg,,Democratic Republic of the Congo
Mobeetie,/m/010bv2,,United States
Moberly,/m/0xh_w,,United States
Mobile,/m/058cm,,United States
Mobile City,/m/01086v,,United States
Mobridge,/m/0_snc,,United States
Moc Bai,/m/05pbw36,,Vietnam
Moca,/m/08r7lv,,Dominican Republic
Mocha,/m/06k_2w,,Yemen
Moche,/m/0jwt7f8,,Peru
Mockingbird Valley,/m/0tfwq,,United States
Mocksville,/m/0yg25,,United States
Mocuba,/m/09m16s,,Mozambique
Modale,/m/0s_81,,United States
Modena,/m/0gw2w,,Italy
Modesto,/m/0r7fy,,United States
Modi'in Illit,/m/04cj39,,Palestine
Modi'in Illit,/m/04cj39,,Israeli-occupied territories
Modi'in-Maccabim-Re'ut,/m/0dyc3r,,Israel
Modliborzyce,/m/04dz1wd,,Poland
Moers,/m/07q5s9,,Germany
Moffat,/m/024fn5,,United Kingdom
Moga,/m/0d3ls5,,India
Mogadishu,/m/0gclb,,Somalia
Mogaung,/m/0f8fd6,,Myanmar
Mogi Guaçu,/m/042m7m,,Brazil
Mogi das Cruzes,/m/03zy9_,,Brazil
Mogielnica,/m/0287731,,Poland
Mogilev,/m/0159fw,,Belarus
Mogilno,/m/02xwrc,,Poland
Mogoditshane,/m/09cx5g,,Botswana
Mogues,/m/03m8fj7,,France
Mohali,/m/04t725,,India
Mohall,/m/0yqgx,,United States
Mohammedia,/m/03gt6j,,Morocco
Mohelnice,/m/04flz8,,Czech Republic
Mohyliv-Podilskyi,/m/0g46x9,,Ukraine
Mohács,/m/07qbb8,,Hungary
Mojkovac,/m/0b9cdy,,Montenegro
Mojokerto,/m/0bccnc,,Indonesia
Mokane,/m/0wt0v,,United States
Mokhotlong,/m/029_b3,,Lesotho
Mokissos,/m/0278dn2,,Turkey
Mokolo,/m/08k5y5,,Cameroon
Mokpo,/m/01w6c4,,South Korea
Moladah,/m/0hzprml,,
Molalla,/m/0zc3n,,United States
Moldova Nouă,/m/0gtv6,,Romania
Molena,/m/0ryqh,,United States
Molenbeek-Saint-Jean,/m/013vjh,,Belgium
Molepolole,/m/05jq10,,Botswana
Molfetta,/m/0cb78,,Italy
Molina City,/m/0cw2kb,,Chile
Moline,/m/0sg4x,,United States
Moline,/m/0t6m2,,United States
Moline Acres,/m/0xj7f,,United States
Mollendo,/m/05568r,,Peru
Molochansk,/m/0g5j65,,Ukraine
Molėtai,/m/06rzbz,,Lithuania
Mombasa,/m/01cfd3,,Kenya
Momence,/m/0s98y,,United States
Momeyer,/m/0yj39,,United States
Momignies,/m/017qcg,,Belgium
Mona,/m/010f98,,United States
Monaco,/m/04w58,,Monaco
Monahans,/m/013nbz,,United States
Monango,/m/0ynt3,,United States
Monastir,/m/02_pwl,,Tunisia
Monastyryshche,/m/0gt5dh,,Ukraine
Monastyryska,/m/0gt1vd,,Ukraine
Monchy,/m/0glp368,,Canada
Moncton,/m/04_lb,,Canada
Mondamin,/m/0s_8d,,United States
Mondorf-les-Bains,/m/08gg33,,Luxembourg
Mondorff,/m/0f5rj9,,France
Mondovi,/m/01mjlx,,United States
Moneghetti,/m/05ncqf,,Monaco
Monessen,/m/0_h51,,United States
Monett,/m/013gpf,,United States
Monette,/m/0qsld,,United States
Mong La,/m/0gx0_zc,,Myanmar
Mongar,/m/0118gz9s,,Bhutan
Mongo,/m/03cgvx,,Chad
Mongomo,/m/0286rl,,Equatorial Guinea
Mongu,/m/07cdbl,,Zambia
Monheim am Rhein,/m/03zw5x,,Germany
Monifieth,/m/08skz_,,United Kingdom
Monmouth,/m/0zfn9,,United States
Monmouth,/m/0shsv,,United States
Monmouth,/m/0s_rx,,United States
Monona,/m/0110_m,,United States
Monona,/m/0stdt,,United States
Monongahela,/m/0_g4c,,United States
Monor,/m/0b7rs7,,Hungary
Monroe,/m/0zc0j,,United States
Monroe,/m/03q7rs,,United States
Monroe,/m/0ylb1,,United States
Monroe,/m/010g7x,,United States
Monroe,/m/0tlq9,,United States
Monroe,/m/0vf23,,United States
Monroe,/m/013jd4,,United States
Monroe,/m/010tsr,,United States
Monroe,/m/0rzsv,,United States
Monroe,/m/0s_x0,,United States
Monroe City,/m/013h3w,,United States
Monroeville,/m/0q9fp,,United States
Monrovia,/m/01pxqx,,Liberia
Monrovia,/m/0r0p4,,United States
Monrupino,/m/0gkcbq,,Italy
Mons,/m/0fm88,,Belgium
Monschau,/m/02cn40,,Germany
Mont Belvieu,/m/013m0n,,United States
Mont-Saint-Martin,/m/03qfdw9,,France
Mont-Terri (prehistoric settlement/medieval castle),/m/0hhv72n,,Switzerland
Montabaur,/m/0bznyp,,Germany
Montague,/m/0r6yn,,United States
Montague,/m/0vfr7,,United States
Montclair,/m/01zjct2,,United States
Monte Caseros,/m/0bcpqp,,Argentina
Monte Chingolo,/m/05f6sfw,,Argentina
Monte Cristi,/m/02qg0vq,,Ecuador
Monte Grande,/m/0bt093,,Argentina
Monte Patria,/m/0bwjgvd,,Chile
Monte Sereno,/m/0r6bc,,United States
Monte Vista,/m/0rckk,,United States
Monteagudo,/m/04my35k,,Bolivia
Montebello,/m/0r0pk,,United States
Montecarlo,/m/0bwjfbb,,Argentina
Montego Bay,/m/023d7v,,Jamaica
Montello,/m/01mm0w,,United States
Montepuez,/m/09m186,,Mozambique
Monterey,/m/0b2ds,,United States
Monterey,/m/0thnr,,United States
Monterey Park,/m/09k4sr_,,United States
Monteriggioni,/m/0ft6d0,,Italy
Montero,/m/08f_ft,,Bolivia
Monteros,/m/04gk923,,Argentina
Monterrey,/m/0b2h3,,Mexico
Monterrico,/m/0bwj91p,,Argentina
Montería,/m/04kwrp,,Colombia
Montes Claros,/m/0430cf,,Brazil
Montesano,/m/010qyh,,United States
Montevallo,/m/0qbr3,,United States
Montevideo,/m/09jp3,,Uruguay
Montevideo,/m/0vx31,,United States
Montezuma,/m/0t2qr,,United States
Montezuma,/m/0rxzy,,United States
Montezuma,/m/0t71s,,United States
Montgomery,/m/0fttg,,United States
Montgomery,/m/0yxz4,,United States
Montgomery,/m/0106pk,,United States
Montgomery,/m/0w4wd,,United States
Montgomery,/m/013ns1,,United States
Montgomery City,/m/0xhrg,,United States
Monthey,/m/08lsxf,,Switzerland
Monticello,/m/0qs_6,,United States
Monticello,/m/0qs_6,,Confederate States of America
Monticello,/m/0sfhy,,United States
Monticello,/m/010f_9,,United States
Monticello,/m/0wnwy,,United States
Monticello,/m/0t05c,,United States
Monticello,/m/0tj7p,,United States
Monticello,/m/0sr4d,,United States
Monticello,/m/0rxh3,,United States
Monticello,/m/0rlww,,United States
Monto Bello,/m/0ftrsc,,Republic of the Congo
Montour,/m/0t3kz,,United States
Montpelier,/m/0bjy7,,United States
Montpelier,/m/0s0vt,,United States
Montpelier,/m/0yrpx,,United States
Montpelier,/m/0sk5k,,United States
Montpellier,/m/0jq27,,France
Montreal,/m/052p7,,Canada
Montreal,/m/0113gc,,United States
Montreat,/m/0ydrj,,United States
Montreuil,/m/02jbj_,,France
Montreux,/m/0dlkr,,Switzerland
Montrose,/m/0qrdk,,United States
Montrose,/m/01nx1x,,United Kingdom
Montrose,/m/0rc3l,,United States
Montrose,/m/0wvzh,,United States
Montrose,/m/01_4s4b,,United States
Montrose,/m/0_rdq,,United States
Montrose,/m/0v5v6,,United States
Montrose,/m/0wnxm,,United States
Monument,/m/0zcxg,,United States
Monywa,/m/05jcqq,,Myanmar
Monza,/m/0hb37,,Italy
Monze,/m/028bnm8,,Zambia
Moody,/m/01z3rb8,,United States
Moody,/m/0106cg,,United States
Moore,/m/0s199,,United States
Moore,/m/0z4zb,,United States
Moore Haven,/m/0rktp,,United States
Moore Station,/m/01033_,,United States
Mooresboro,/m/0yfhg,,United States
Mooresville,/m/0yh96,,United States
Mooreton,/m/0yqmt,,United States
Moorhead,/m/0vxpb,,United States
Moorhead,/m/0wrrh,,United States
Moorhead,/m/0t1mn,,United States
Moorland,/m/0t4dg,,United States
Moorland,/m/0tfx1,,United States
Moorpark,/m/0r87z,,United States
Moosburg an der Isar,/m/06s17f,,Germany
Moose Jaw,/m/01wpsl,,Canada
Moose Lake,/m/0vv_z,,United States
Moquegua,/m/04r1rx,,Peru
Mora,/m/026vdny,,Cameroon
Mora,/m/0w37t,,United States
Moradabad,/m/067jn5,,India
Moraine,/m/0y__r,,United States
Moran,/m/0t4zc,,United States
Moran,/m/0108sg,,United States
Morant Bay,/m/09kzjz,,Jamaica
Moravia,/m/0srgs,,United States
Moravița,/m/04gl1m7,,Romania
Moravská Třebová,/m/0c2sk3,,Czech Republic
Moravské Budějovice,/m/0dn274,,Czech Republic
Moravský Krumlov,/m/026vgm5,,Czech Republic
Morawica,/m/04j9ynp,,Poland
Morbi,/m/08gcgy,,India
Morden,/m/04_wj0,,Canada
Mordy,/m/02709n5,,Poland
Moreh,/m/02ptvg_,,India
Morehead,/m/0thx_,,United States
Morehead City,/m/0yf3p,,United States
Morehouse,/m/0wy8w,,United States
Morena,/m/03tzyk,,India
Morenci,/m/0vbqk,,United States
Moreno,/m/03m3nb_,,Argentina
Moreno Valley,/m/01zjg7_,,United States
Morgan,/m/010fhw,,United States
Morgan,/m/0_ydz,,United States
Morgan,/m/0wf_k,,United States
Morgan,/m/0rtks,,United States
Morgan City,/m/0tmp1,,United States
Morgan Hill,/m/0r6bq,,United States
Morgan's Point,/m/0102n9,,United States
Morgan's Point Resort,/m/0_y0k,,United States
Morganfield,/m/0tj3k,,United States
Morgantina,/m/064yb4,,Italy
Morganton,/m/0ydwb,,United States
Morgantown,/m/010y34,,United States
Morgantown,/m/0tc_x,,United States
Morganville,/m/0t5x3,,United States
Morges,/m/02v66n,,Switzerland
Moriarty,/m/0xwtb,,United States
Moriguchi,/m/0gp65h,,Japan
Moringen,/m/0254sl,,Germany
Morinë,/m/09v3g5k,,Albania
Morioka,/m/01wfnv,,Japan
Morland,/m/0t6_p,,United States
Morley,/m/0t05q,,United States
Morley,/m/0w_1j,,United States
Mormugao,/m/0bl4qn,,India
Morning Sun,/m/0t0wg,,United States
Moro,/m/0zfpp,,United States
Morococha,/m/080918k,,Peru
Morogoro,/m/05m25_,,Tanzania
Moron,/m/0h7pkwp,,Portugal
Moroni,/m/01qk24,,Comoros
Moroni,/m/010g3z,,United States
Morrill,/m/0t5dj,,United States
Morrilton,/m/0qsg7,,United States
Morris,/m/0s7pj,,United States
Morris,/m/0wkxy,,United States
Morris,/m/0z8r2,,United States
Morrison,/m/0sj5z,,United States
Morrison,/m/01__kyq,,United States
Morrison,/m/0szt7,,United States
Morristown,/m/0wgqz,,United States
Morristown,/m/013lk9,,United States
Morrisville,/m/013hy7,,United States
Morrisville,/m/0wzfy,,United States
Morro Bay,/m/0r5kj,,United States
Morrow,/m/0rv5f,,United States
Morrowville,/m/0tcc0,,United States
Morshyn,/m/0gt50t,,Ukraine
Mortagne-du-Nord,/m/03cksr7,,France
Morteros,/m/02rv4gx,,Argentina
Morton,/m/0wgj2,,United States
Morton,/m/010s85,,United States
Morton,/m/0wrlb,,United States
Morton,/m/0__41,,United States
Mortons Gap,/m/0tf6d,,United States
Mortsel,/m/014h0n,,Belgium
Morven,/m/0yc_l,,United States
Morven,/m/0rtbg,,United States
Moryllus,/m/07k3zc5,,Greece
Moryllus,/m/07k3zc5,,Macedonia
Moryń,/m/0286s7s,,Poland
Morón,/m/0cnk3x,,Cuba
Morón,/m/09w56d,,Argentina
Morąg,/m/05g53w,,Poland
Mosbach,/m/017b94,,Germany
Mosby,/m/0wtv9,,United States
Moscow,/m/04swd,MOW,Russia
Moscow,/m/0f0z_,,United States
Moscow,/m/0tb_b,,United States
Moscow,/m/0_tpx,,United States
Moscow,/m/0ts1b,,United States
Moscow International Business Center,/m/0c0bv_,,Russia
Moscow Mills,/m/0xhnq,,United States
Moses Lake,/m/010qp4,,United States
Moshi,/m/03k8hk,,Tanzania
Moshupa,/m/08frf8,,Botswana
Mosier,/m/0zg83,,United States
Mosina,/m/02889_b,,Poland
Mosinee,/m/01mlwq,,United States
Mosonmagyaróvár,/m/042jfp,,Hungary
Mospyne,/m/0gtrw0,,Ukraine
Mospyne,/m/0gtrw0,,Soviet Union
Moss Point,/m/0wqjs,,United States
Mossoró,/m/09bf28,,Brazil
Mossyrock,/m/010s8j,,United States
Most,/m/03hy9p,,Czech Republic
Mosta,/m/03yt1z,,Malta
Mostaganem,/m/05s7ym,,Algeria
Mostyska,/m/0gt5ct,,Ukraine
Mosul,/m/01cgxp,,Iraq
Mosylon,/m/0by0bcv,,Somalia
Mosynopolis,/m/043r7n1,,Greece
Mota,/m/03c_nhb,,Ethiopia
Mota'ain,/m/05f9mm9,,Timor-Leste
Motihari,/m/05pnt9,,India
Motley,/m/013fg3,,United States
Mott,/m/0yp79,,United States
Mouchin,/m/03h2y5s,,France
Mouila,/m/05xnbd,,Gabon
Moulton,/m/0q8n7,,United States
Moulton,/m/0srh3,,United States
Moultrie,/m/0rvfg,,United States
Mounana,/m/05xnvt,,Gabon
Mound,/m/0w1cf,,United States
Mound Bayou,/m/0wpj7,,United States
Mound City,/m/0sfrh,,United States
Mound City,/m/0ww3n,,United States
Mound City,/m/0t85q,,United States
Mound Valley,/m/0t805,,United States
Moundou,/m/03cgw9,,Chad
Moundridge,/m/0t8n6,,United States
Mounds,/m/0sfrv,,United States
Mounds View,/m/0xfkg,,United States
Moundsville,/m/010xn0,,United States
Mount Airy,/m/0yl41,,United States
Mount Auburn,/m/0srp9,,United States
Mount Ayr,/m/0t2tv,,United States
Mount Calm,/m/0103zb,,United States
Mount Carmel,/m/0shrs,,United States
Mount Carroll,/m/0s3kr,,United States
Mount Clemens,/m/0vc9z,,United States
Mount Dora,/m/01z_p8p,,United States
Mount Enterprise,/m/0108bm,,United States
Mount Gambier,/m/03czdk,,Australia
Mount Gilead,/m/0yhxr,,United States
Mount Hagen,/m/06dqm9,,Papua New Guinea
Mount Healthy,/m/0yxzh,,United States
Mount Holly,/m/0yghq,,United States
Mount Hope,/m/0tbnw,,United States
Mount Hope,/m/010wm1,,United States
Mount Ida,/m/0qv_2,,United States
Mount Isa,/m/02sxmf,,Australia
Mount Morris,/m/0v5vx,,United States
Mount Olive,/m/06_4rj,,United States
Mount Olive,/m/0sc26,,United States
Mount Olivet,/m/0thw8,,United States
Mount Pearl,/m/02715h,,Canada
Mount Pleasant,/m/0ydyf,,United States
Mount Pleasant,/m/010g49,,United States
Mount Pleasant,/m/0109sd,,United States
Mount Pleasant,/m/0s_b3,,United States
Mount Pleasant,/m/0v8t7,,United States
Mount Pleasant,/m/0_w04,,United States
Mount Pulaski,/m/0sbsj,,United States
Mount Shasta,/m/0r6zb,,United States
Mount Sterling,/m/0s35_,,United States
Mount Sterling,/m/0t3wl,,United States
Mount Sterling,/m/0thc3,,United States
Mount Vernon,/m/0yc7f,,United States
Mount Vernon,/m/0zcym,,United States
Mount Vernon,/m/0s8p7,,United States
Mount Vernon,/m/0yz6z,,United States
Mount Vernon,/m/0xhn0,,United States
Mount Vernon,/m/010tcv,,United States
Mount Vernon,/m/0t0rb,,United States
Mount Vernon,/m/0thx9,,United States
Mount Vernon,/m/0_px_,,United States
Mount Vernon,/m/0spjr,,United States
Mount Vernon,/m/0ry98,,United States
Mount Washington,/m/0tczw,,United States
Mount Zion,/m/0rtp6,,United States
Mountain,/m/0yq6_,,United States
Mountain Brook,/m/0q88t,,United States
Mountain City,/m/0102zt,,United States
Mountain Grove,/m/013h71,,United States
Mountain Home,/m/0qrjb,,United States
Mountain Home,/m/0s1mn,,United States
Mountain House,/m/05vg1_,,United States
Mountain Iron,/m/0wjrg,,United States
Mountain Lake,/m/0vy99,,United States
Mountain Park,/m/01p0nb,,United States
Mountain Pine,/m/0qt9l,,United States
Mountain View,/m/0r6c4,,United States
Mountain View,/m/0qxbw,,United States
Mountain View,/m/0ww62,,United States
Mountain Village,/m/0qhv3,,United States
Mountainburg,/m/0qsng,,United States
Mountlake Terrace,/m/010tt2,,United States
Mouscron,/m/017ptp,,Belgium
Moussoro,/m/05tr6r,,Chad
Moustier-en-Fagne,/m/03mgzyy,,France
Moville,/m/0t4nq,,United States
Mowa,/m/0f5nt7,,India
Moxee,/m/010w32,,United States
Moyale,/m/06kxcj,,Kenya
Moyale,/m/06kxcj,,Ethiopia
Moyamba,/m/03gqvnr,,Sierra Leone
Moyie Springs,/m/0s188,,United States
Moyobamba,/m/02d6vw,,Peru
Moçâmedes,/m/029qrg,,Angola
Mońki,/m/022lz2,,Poland
Mpack,/m/02rzhz7,,Senegal
Mpanda,/m/0lq02n4,NPY,Tanzania
Mpandamatenga,/m/0b2xp6,,Zimbabwe
Mpondwe,/m/06zpytt,,Uganda
Mpwapwa,/m/06sydn,,Tanzania
Mrauk U,/m/07tf3r,,Myanmar
Mrocza,/m/02plcn0,,Poland
Mrozy,/m/04q6x0q,,Poland
Mrągowo,/m/0229d9,,Poland
Mszana Dolna,/m/0ftnhv,,Poland
Mszczonów,/m/09mqlz,,Poland
Mt. Angel,/m/0zfcp,,United States
Mt. Juliet,/m/0_xg3,,United States
Mtskheta,/m/0284wf,,Georgia
Mtwara,/m/07tlcg,,Tanzania
Muang Sua,/m/01c_zj,,Laos
Muar,/m/04gqzqp,,Malaysia
Muaro,/m/0jkzyb_,,Indonesia
Muborak,/m/0j9krrd,,Uzbekistan
Mud Lake,/m/0s1zb,,United States
Mudan Township,/m/02rycyf,,Taiwan
Mudanjiang,/m/06f38_,,People's Republic of China
Mueda,/m/09xgl2,,Mozambique
Muenster,/m/0__my,,United States
Muff,/m/05px9q,,Ireland
Mufulira,/m/079q2y,,Zambia
Muggia,/m/0f9ws9,,Italy
Muhanga,/m/09f2s3,,Rwanda
Muiden,/m/0w0r9,,Netherlands
Muisne,/m/0b2gxb,,Ecuador
Mukachevo,/m/02_bv3,,Ukraine
Mukalla,/m/07bg2m,,Yemen
Mukdahan,/m/02vx_l,,Thailand
Mukilteo,/m/010ttf,,United States
Mukim Bangar,/m/03hg3f2,,Brunei
Mukim Labu,/m/03hg3rw,,Brunei
Mulanje,/m/02zvdh,,Malawi
Mulberry,/m/0qsnt,,United States
Mulberry,/m/0t674,,United States
Mulberry,/m/0rrk1,,United States
Mulchén,/m/0c6zy5,,Chile
Muldraugh,/m/013d30,,United States
Mulenge,/m/04ycq_9,,Democratic Republic of the Congo
Muleshoe,/m/0_xsk,,United States
Mulhouse,/m/01_wjj,,France
Mullaitivu,/m/0dw2rv,,Sri Lanka
Mullan,/m/0s2kz,,United States
Mullens,/m/010z70,,United States
Mullins,/m/0_mml,,United States
Mullinville,/m/0t7z3,,United States
Muloza,/m/02qylkk,,Malawi
Multan,/m/027_dl,,Pakistan
Mulvane,/m/013czs,,United States
Mumbai,/m/04vmp,,India
Mumias,/m/0gxrlm,,Kenya
Munabao,/m/0dkv78,,India
Munchon,/m/026c_8w,,North Korea
Muncie,/m/0sl2w,,United States
Munday,/m/010590,,United States
Munden,/m/0tb0h,,United States
Munderkingen,/m/0ffy63,,Germany
Mundo Novo,/m/027d1z9,,Brazil
Mundo Perdido,/m/0j430qp,,Guatemala
Munford,/m/0_x2f,,United States
Munfordville,/m/0tf1y,,United States
Munger,/m/05pngk,,India
Mungyeong,/m/03v998,,South Korea
Munich,/m/02h6_6p,,Germany
Munich,/m/0ynqb,,United States
Municipality of Kranjska Gora,/m/0r4sfvj,,Slovenia
Municipality of Macau,/m/06jv64,,Portuguese Macau
Municipality of Zavrč,/m/0bnjzt,,Slovenia
Munising,/m/0v0nx,,United States
Munroe Falls,/m/0z24c,,United States
"Munster, Lower Saxony",/m/05cfvh,,Germany
Muntinlupa,/m/016tfq,,Philippines
Mupandawana,/m/010ffm0n,,Zimbabwe
Muqdadiyah,/m/07br8m,,Iraq
Muramvya,/m/07gyz0,,Burundi
Murchison,/m/01034b,,United States
Murdo,/m/0_q_8,,United States
Murdock,/m/0wl6x,,United States
Murfatlar,/m/04pj71,,Romania
Murfreesboro,/m/0yh52,,United States
Murfreesboro,/m/0qwc5,,United States
Murfreesboro,/m/0_wm_,,United States
Murgeni,/m/0415kp8,,Romania
Muri bei Bern,/m/0frxcr,,Switzerland
Muriaé,/m/0b3whx,,Brazil
Murichaq,/m/047lffg,,Afghanistan
Murideva,/m/0gff7cj,,Bulgaria
Muridke,/m/06zntw,,Pakistan
Muriqan,/m/0cz8k06,,Albania
Murom,/m/0392z7,,Russia
Murowana Goślina,/m/0288b7y,,Poland
Murphy,/m/0__b8,,United States
Murphy,/m/0yfbk,,United States
Murphysboro,/m/02phz92,,United States
Murray,/m/010fsv,,United States
Murray,/m/0st3w,,United States
Murray,/m/0td1z,,United States
Murray Bridge,/m/04y3r5,,Australia
Murray Hill,/m/0tfxd,,United States
Murrhardt,/m/0dpg05,,Germany
Murrieta,/m/0r3rx,,United States
Murska Sobota,/m/02n0ys,,Slovenia
Mursko Središće,/m/02dbf0,,Croatia
Murtaugh,/m/0s2r3,,United States
Murzuk,/m/05hy03,,Libya
Musaid,/m/0262wq2,,Libya
Musashino,/m/01wrgq,,Japan
Muscat,/m/0fqds,,Oman
Muscle Shoals,/m/0q62_,,United States
Muscotah,/m/0t52w,,United States
Muse,/m/04yb72q,,Myanmar
Muskego,/m/011d0v,,United States
Muskegon,/m/0vfs8,,United States
Muskegon Heights,/m/0vftq,,United States
Muskogee,/m/0z843,,United States
Musoma,/m/074xzb,,Tanzania
Musselburgh,/m/0452xh,,United Kingdom
Mustang,/m/0z4k7,,United States
Mustang Ridge,/m/013lv3,,United States
Musti,/m/0b41zn,,Tunisia
Mustvee,/m/03gxtck,,Estonia
Musumba,/m/0flcwn,,Democratic Republic of the Congo
Muszyna,/m/03c37y,,Poland
Mutare,/m/02fpfx,,Zimbabwe
Mutoko,/m/02pjmht,,Zimbabwe
Mutsamudu,/m/099smj,,Comoros
Muttenz,/m/0ct1qy,,Switzerland
Muttrah,/m/053cx1,,Oman
Mutukula,/m/09rw433,,Tanzania
Mutukula,/m/09rxb24,,Uganda
Muyinga,/m/07gyyn,,Burundi
Muzaffarabad,/m/047q32,,Pakistan
Muzaffargarh,/m/061xdw,,Pakistan
Muzaffarnagar,/m/0446tn,,India
Muzaffarpur,/m/05pnhm,,India
"Muñiz, Buenos Aires",/m/03nt9kg,,Argentina
Muñoz,/m/06sg1d,,Philippines
Muğla,/m/04wqhs,,Turkey
Muş,/m/025swlg,,Turkey
Mușenița,/m/046518y,,Romania
Mwanza,/m/05lj_j,,Tanzania
Mwene-Ditu,/m/07xs7n,,Democratic Republic of the Congo
Myawaddy,/m/02pxq3d,,Myanmar
Mycenae,/m/09cb3,,Greece
Myeik,/m/06n844,,Myanmar
Myitkyina,/m/04ynqp,,Myanmar
Mykolaiv,/m/03n7hk,,Ukraine
Mykolaiv,/m/05h9yr,,Ukraine
Mykolaivka,/m/0gtqcm,,Ukraine
Mykolaivka,/m/0gtqcm,,Soviet Union
Mykonos,/m/0v_fqwt,,Greece
Mylo,/m/0yr7f,,United States
Mymensingh,/m/02p62hb,,Bangladesh
Myndus,/m/09ghxf,,Turkey
Myra,/m/0czjn,,Turkey
Myrhorod,/m/07b74c,,Ukraine
Myrina,/m/03m40ct,,Turkey
Myrkinos,/m/07s3qz4,,Greece
Myrmekion,/m/026ftv9,,Russia
Myrmekion,/m/026ftv9,,Ukraine
Myrmekion,/m/026ftv9,,Crimea
Myrmekion,/m/026ftv9,,Bosporan Kingdom
Myrnohrad,/m/0gt38_,,Ukraine
Myrnohrad,/m/0gt38_,,Soviet Union
Myronivka,/m/0gtrb9,,Ukraine
Myrtilis Iulia,/m/0hgl8gn,,Lusitania
Myrtilis Iulia,/m/0hgl8gn,,Ancient Rome
Myrtle,/m/0v_rw,,United States
Myrtle Beach,/m/0_m3k,,United States
Myrtle Creek,/m/0zcn0,,United States
Myrtle Point,/m/0zcds,,United States
"Myslowice, Silesian Voivodeship",/m/022bxr,,Poland
Mysomakedones,/m/09g9tmv,,Turkey
Mysore,/m/0j603,,India
Mystic,/m/0srhg,,United States
Mystras,/m/01rsnl,,Greece
Myszków,/m/022bj4,,Poland
Myszyniec,/m/028774f,,Poland
Mytilene,/m/018t8t,,Greece
Mytishchi,/m/06cyq5,,Russia
Mytistraton,/m/02qztty,,Italy
Myton,/m/010dyr,,United States
Myus,/m/02z607m,,Turkey
Myślenice,/m/022mrf,,Poland
Myślibórz,/m/08_y1p,,Poland
Mzuzu,/m/02k1s4,,Malawi
Mágocs,/m/0b6jxmg,,Hungary
Máncora,/m/090cdh,,Peru
Mándok,/m/0274csm,,Hungary
Máriapócs,/m/04cj_8,,Hungary
Mátészalka,/m/026s1v2,,Hungary
Mâncio Lima,/m/026bf4j,,Brazil
Mäls,/m/03wd5pd,,Liechtenstein
Männedorf,/m/01tkwt,,Switzerland
Märkisch Buchholz,/m/0ffj6h,,Germany
Méagui,/m/05p2wty,,Ivory Coast
Médéa,/m/05l6tr,,Algeria
Mélykút,/m/026lw9m,,Hungary
Mérida,/m/02wzm2d,,Venezuela
Mérida,/m/0hyqj,,Mexico
Móng Cái,/m/09jclq,,Vietnam
Mór,/m/0b80bj,,Hungary
Mórahalom,/m/026mdqg,,Hungary
Móstoles,/m/05ccvv,,Spain
Mõisaküla,/m/0dky7x,,Estonia
Möckern,/m/0cz1nh,,Germany
Möckmühl,/m/0ffk7c,,Germany
Möhlin,/m/05q7t3,,Switzerland
Mölln,/m/0pzyv,,Germany
Mönchengladbach,/m/018kdv,,Germany
Mörfelden-Walldorf,/m/0dhmys,,Germany
Mörön,/m/053dzx,,Mongolia
Mössingen,/m/0dln4g,,Germany
Mücheln,/m/0c_74k,,Germany
Mügeln,/m/0ffvyc,,Germany
Mühlacker,/m/02rw58,,Germany
Mühlberg/Elbe,/m/053l76,,Germany
Mühldorf am Inn,/m/04tk43,,Germany
Mühleholz,/m/03wd5yb,,Liechtenstein
Mühlhausen/Thuringia,/m/047sq2,,Germany
Mühlheim am Main,/m/0dkfkf,,Germany
Mühlheim an der Donau,/m/0dl6k_,,Germany
Mühltroff,/m/0ffw37,,Germany
Mülheim an der Ruhr,/m/02q1v5,,Germany
Mülheim-Kärlich,/m/0b_5qz,,Germany
Müllheim im Markgräflerland,/m/03cnb4,,Germany
Müllrose,/m/0ffy3l,,Germany
Münchberg,/m/0778q6,,Germany
Müncheberg,/m/05cclb,,Germany
Müncheberg,/m/05cclb,,Kingdom of Prussia
Müncheberg,/m/05cclb,,Margraviate of Brandenburg
Müncheberg,/m/05cclb,,Brandenburg-Prussia
Müncheberg,/m/05cclb,,Duchy of Silesia
Müncheberg,/m/05cclb,,Duchy of Pomerania
Münchenbernsdorf,/m/0ffy4_,,Germany
Münchenbuchsee,/m/0frtfj,,Switzerland
Münchenstein,/m/0g781h,,Switzerland
Münnerstadt,/m/04qzpw,,Germany
Münsingen,/m/0dpgcx,,Germany
Münsingen,/m/032pr9,,Switzerland
Münster,/m/0149mq,,Germany
Münstermaifeld,/m/0b_5sr,,Germany
Münzenberg,/m/0ffykp,,Germany
Mārupe,/m/0fpghnd,,Latvia
Măcin,/m/025w0q,,Romania
Măgurele,/m/06_6zd,,Romania
Mărculești,/m/0270wyp,,Moldova
Mărășești,/m/020bmg,,Romania
Mělník,/m/03hq_t,,Czech Republic
Mława,/m/022m9s,,Poland
Młynary,/m/02pjzjj,,Poland
Młynary,/m/02pjzjj,,Kingdom of Poland
N'Djamena,/m/0fqf8,,Chad
N'dalatando,/m/09dlcj,,Angola
Naarath,/m/02ppd6m,,
Naarden,/m/0w0s1,,Netherlands
Nabadwip,/m/0f5qdm,,India
Nabatieh,/m/0b9c9c,,Lebanon
Nabburg,/m/0ffz5s,,Germany
Naberezhnye Chelny,/m/02n0dy,,Russia
Nabha,/m/08fkmq,,India
Nabinagar,/m/0f5qjt,,India
Nablus,/m/01hxx6,,Palestine
Nacajuca,/m/09v33hs,,Mexico
Nacala,/m/06w4xh,,Mozambique
Nacaome,/m/06xgqq,,Honduras
Nachingwea,/m/04jnx_9,,Tanzania
Nacimiento,/m/028b_f0,,Chile
Naco,/m/0qnsm,,United States
Nacogdoches,/m/0106_6,,United States
Nacona,/m/02x8jt2,,Italy
Nadapal,/m/0h1fmff,,Kenya
Nadiad,/m/02sc11,,India
Nador,/m/05cp25,,Morocco
Nadvirna,/m/057mpf,,Ukraine
Nafpaktos,/m/037mdr,,Greece
Nag Hammadi,/m/05dv3,,Egypt
Naga,/m/06h4js,,Philippines
Nagahama,/m/01wmbg,,Japan
Nagano,/m/0gp5pr,,Japan
Nagaoka,/m/0gp6cv,,Japan
Nagaoka-kyō,/m/0286lqd,,Q132869361
Nagaon,/m/02p7hmy,,India
Nagareyama,/m/01wj2y,,Japan
Nagercoil,/m/02hzdy,,India
Nagidos,/m/0h1f92l,,Turkey
Nagold,/m/0606gz,,Germany
Nagoya,/m/0gqfy,,Japan
Nagpur,/m/02c98m,,India
Nagqu,/m/09fgf3,,People's Republic of China
Nags Head,/m/0yf_d,,United States
Naguanagua,/m/0fy34y,,Venezuela
Nagyatád,/m/02r5yly,,Hungary
Nagybajom,/m/02r5ymz,,Hungary
Nagyecsed,/m/026s1xv,,Hungary
Nagyhalász,/m/026s1x4,,Hungary
Nagykanizsa,/m/03znmn,,Hungary
Nagykálló,/m/09mq3h,,Hungary
Nagykáta,/m/02rd0h3,,Hungary
Nagykőrös,/m/02rd07k,,Hungary
Nagymaros,/m/0g9rr8,,Hungary
Nagymányok,/m/0gls_n2,,Hungary
Naha,/m/0gp5nx,,Japan
Nahariya,/m/01vtjr,,Israel
Nahunta,/m/0rt9s,,United States
Nahwa,/m/031dhr,,United Arab Emirates
Naidăș,/m/04g10wl,,Romania
Naihati,/m/08sfwv,,India
Naila,/m/03_5nl,,Germany
Nairn,/m/022ykn,,United Kingdom
Nairobi,/m/05d49,,Kenya
Naivasha,/m/07z1_c,,Kenya
Najaf,/m/01ch26,,Iraq
Najafabad,/m/0cmkp8,,Iran
Najasa,/m/03cb5c6,,Cuba
Najibabad,/m/09vxyx,,India
Najran,/m/0659tz,,Saudi Arabia
Naju,/m/01w96h,,South Korea
Nakfa,/m/06j0vc,,Eritrea
Nakhchivan,/m/055nmg,,Azerbaijan
Nakhjavan Tappeh,/m/0ynvnq4,,Iran
Nakhon Pathom,/m/06gthp,,Thailand
Nakhon Phanom,/m/054y8t,,Thailand
Nakhon Ratchasima,/m/01d008,,Thailand
Nakhon Sawan,/m/038f22,,Thailand
Nakhon Si Thammarat,/m/0587hc,,Thailand
Nakop,/m/09p749,,South Africa
Nakovo,/m/08y1lc,,Serbia
Nakskov,/m/0131d1,,Denmark
Nakuru,/m/06513g,,Kenya
Nakło nad Notecią,/m/022hjn,,Poland
Nalut,/m/0b766q,,Libya
Nam Định,/m/07m23v,,Vietnam
Namaacha,/m/09yng2,,Mozambique
Namaklwe,/m/0h7mycs,,Myanmar
Namanga,/m/03zxmb,,Kenya
Namangan,/m/06trmh,,Uzbekistan
Namatanai,/m/06mbch,,Papua New Guinea
Namballe District,/m/0411j86,,Peru
Namchi,/m/04x022,,India
Nampa,/m/0s1cd,,United States
Nampo,/m/022gqs,,North Korea
Nampong,/m/0hr7by0,,India
Nampula,/m/029npz,,Mozambique
Namur,/m/017sk9,,Belgium
Namwon,/m/0233mc,,South Korea
Namyang Workers' District,/m/0261wxs,,North Korea
Namyangju,/m/03v6qh,,South Korea
Namysłów,/m/0bzgh3,,Poland
Nan'ao Township,/m/0563p8,,Taiwan
Nanaimo,/m/01t8rm,,Canada
Nanawa,/m/03qmw7d,,Paraguay
Nancagua,/m/03mcpzj,,Chile
Nanchang,/m/0229n5,,People's Republic of China
Nanchong,/m/06n4ny,,People's Republic of China
Nancy,/m/011w4n,,France
Nanded,/m/059nj3,,India
Nanded-Waghala,/m/05dk_p,,India
Nandura,/m/0f5rr_,,India
Nandurbar,/m/03bxj_g,,India
Nangal Choudhary,/m/02804w_,,India
Nangan Township,/m/030_s_,,Taiwan
Naniwa-kyō,/m/03qcl4l,,Q132869361
Nanjhou Township,/m/07kg40t,,Taiwan
Nanjing,/m/05gqy,,People's Republic of China
Nankana Sahib,/m/0k6v8,,Pakistan
Nanning,/m/0259bz,,People's Republic of China
Nanping,/m/06m45r,,People's Republic of China
Nanterre,/m/03wtx4,,France
Nantes,/m/0hqzr,,France
Nanticoke,/m/0_483,,United States
Nantong,/m/046p3r,,People's Republic of China
Nantou City,/m/04h_mz,,Taiwan
Nanyang,/m/02crh9,,People's Republic of China
Nanyuki,/m/089dmg,,Kenya
Nanzhuang Township,/m/07k3xqs,,Taiwan
Naogaon,/m/011b4tw8,,Bangladesh
Naolinco,/m/01zrnz,,Mexico
Napa,/m/0r26c,,United States
Napakiak,/m/0qd1w,,United States
Napaskiak,/m/0qd2l,,United States
Napata,/m/069_lw,,Sudan
Napavine,/m/010s8w,,United States
Naperville,/m/0s6g4,,United States
Napier,/m/0173gg,,New Zealand
Naples,/m/0fhsz,,Italy
Naples,/m/010gl9,,United States
Naples,/m/0rk71,,United States
Naples,/m/0106xg,,United States
Napoleon,/m/0ypfw,,United States
Napoleon,/m/0yynm,,United States
Napoleon,/m/0wx2p,,United States
Nappanee,/m/0sl7b,,United States
Naqada,/m/02y_p_,,Egypt
Naqada,/m/03gqkj0,,Egypt
Naqneh,/m/09gjcz0,,Iran
Nara,/m/0gp5g_,,Japan
Naranjal,/m/060_vy,,Ecuador
Narashino,/m/01cmy7,,Japan
Narayan,/m/04n2y_v,,Nepal
Narayanganj,/m/06m53c,,Bangladesh
Narcisa de Jesús,/m/060pzg,,Ecuador
Naresh,/m/0267tgp,,Iraq
Narita,/m/01whzv,,Japan
Narka,/m/0tb0v,,United States
Narmadapuram,/m/03prc5,,India
Narnaul,/m/0f5sm0,,India
Narok,/m/09tv62,,Kenya
Narol,/m/0dptmf,,Poland
Narona,/m/0ctbjn,,Croatia
Narsaq,/m/08j0vj,,Greenland
Narva,/m/01p3z5,,Estonia
Narva-Jõesuu,/m/0byjd_,,Estonia
Naryn,/m/04r1qq,,Kyrgyzstan
Nash,/m/021651j,,United States
Nashik,/m/037vkk,,India
Nashua,/m/0xhmb,,United States
Nashua,/m/0st2h,,United States
Nashua,/m/0wn87,,United States
Nashville,/m/05jbn,,United States
Nashville,/m/0yj3n,,United States
Nashville,/m/0qtmz,,United States
Nashville,/m/0shw7,,United States
Nashville,/m/0t7wq,,United States
Nashville,/m/0rt7b,,United States
Nashwauk,/m/0w2mt,,United States
Nasielsk,/m/0c5bc5,,Poland
Nasiriyah,/m/01chkp,,Iraq
Nason,/m/0s8pl,,United States
Nassau,/m/05hcy,,The Bahamas
Nassau,/m/08gw_p,,Germany
Nassau,/m/0w4cl,,United States
Nassau Bay,/m/0102nn,,United States
Nasser,/m/0j62ymj,,Egypt
Nassoi,/m/03np01f,,Greece
Nastätten,/m/0bt515,,Germany
Nasushiobara,/m/08210g,,Japan
Natal,/m/030crm,,Brazil
Natalia,/m/0106hb,,United States
Natchez,/m/0wp9b,,United States
Natchitoches,/m/0tln7,,United States
National City,/m/0r53n,,United States
"National Marian Shrine, Mariamabad",/m/09gnq84,,Pakistan
Natoma,/m/0t9cn,,United States
Natá de los Caballeros,/m/026wlrq,,Panama
Naucratis,/m/04n23s,,Egypt
Nauen,/m/059x79,,Germany
Naujoji Akmenė,/m/0b8f7v,,Lithuania
Naulochus,/m/02r1203,,Italy
Naumburg,/m/04ss38,,Germany
Naumburg,/m/0ffzk0,,Germany
Naunhof,/m/0ffznd,,Germany
Naushahro Feroze,/m/0c56qw,,Pakistan
Nauta,/m/06vnjn,,Peru
Nautanwa,/m/0f28q7,,India
Nauvoo,/m/0s7wq,,United States
"Navarro, Buenos Aires",/m/03m60yj,,Argentina
Navasota,/m/01021j,,United States
Navassa,/m/0ydk4,,United States
Navi Mumbai,/m/03jz0z,,India
Navoiy,/m/046hgl,,Uzbekistan
Navojoa,/m/031y6r,,Mexico
Navotas,/m/02gzb4,,Philippines
Nawa,/m/02qh45z,,Syria
Nawabshah,/m/04ntsk,,Pakistan
Nawalgarh,/m/05rtlg,,India
Naxos,/m/02x0qj7,,Greece
Naxos,/m/02qdd11,,Greece
Naxos,/m/02p6ysf,,Italy
Naxxar,/m/061kz7,,Malta
Naye,/m/065_db4,,Senegal
Naylor,/m/0wztm,,United States
Naypyidaw,/m/06_q2t,,Myanmar
Nazarabad,/m/0h14mc,,Iran
Nazareth,/m/05fz3,,Israel
Nazareth,/m/0_zxs,,United States
Nazca,/m/01nkm1,,Peru
Nazilli,/m/064vvl,,Turkey
Nałęczów,/m/04_wqq,,Poland
Našice,/m/01353h,,Croatia
Ndindi,/m/05f8v1b,,Gabon
Ndola,/m/04gp06,,Zambia
Nea Filadelfeia,/m/055hr4,,Greece
Nea Ionia,/m/02fykp,,Greece
Neandreia,/m/0rpgyj0,,Turkey
Neapolis,/m/0286f60,,Greece
Neapolis,/m/07sbbq1,,Greece
Neapolis,/m/07s8zdn,,Turkey
Neapolis,/m/0286d5q,,Italy
Nebo,/m/0tf6r,,United States
Nebra,/m/02sqpz,,Germany
Nebraska City,/m/0x8ht,,United States
Neche,/m/0yq7b,,United States
Neck City,/m/0wwks,,United States
Neckarbischofsheim,/m/0ffzqw,,Germany
Neckargemünd,/m/09vlcm,,Germany
Neckarsteinach,/m/0ffztr,,Germany
Neckarsulm,/m/0b891y,,Germany
Necochea,/m/0c6gbq,,Argentina
Nederland,/m/0104nj,,United States
Needles,/m/0r4n4,,United States
Needville,/m/0101br,,United States
Neelyville,/m/0wsyq,,United States
Neenah,/m/01mp8t,,United States
Nefas Mewcha,/m/09rx42m,,Ethiopia
Nefasit,/m/026d_tp,,Eritrea
Neftekamsk,/m/0b5b_y,,Russia
Nefteyugansk,/m/0b6vg1,,Russia
Neftçala,/m/04gg9px,,Azerbaijan
Negara,/m/0pd9y0c,,Indonesia
Negaunee,/m/0vcsr,,United States
Negele Boran,/m/0fmhp0,,Ethiopia
Negombo,/m/0bzw2c,,Sri Lanka
Negotin,/m/08czwf,,Serbia
Negrești,/m/0bfdpy,,Romania
Negrești-Oaș,/m/04k5kx,,Romania
Negril,/m/04lkj8,,Jamaica
Negru Vodă,/m/04q3rq,,Romania
Nehalem,/m/0zft5,,United States
Nehardea,/m/08my1z,,Iraq
Nehardea,/m/08my1z,,Sasanian Empire
Nehoiu,/m/07m3nt,,Romania
Neijiang,/m/07jmvr,,People's Republic of China
Neillsville,/m/01108h,,United States
Neipu Township,/m/0261tsz,,Taiwan
Neiva,/m/03lz29,,Colombia
Nejo,/m/03gr2yh,,Ethiopia
Nekemte,/m/06rz4j,,Ethiopia
Nekhel,/m/09ghmj6,,Egypt
Nekhen,/m/03468j,,Egypt
"Nekla, Greater Poland Voivodeship",/m/02847v5,,Poland
Nekoma,/m/0ynqq,,United States
Nekoosa,/m/011dwf,,United States
Nelcynda,/m/0j3d02q,,
Neligh,/m/0x4b_,,United States
Nellore,/m/01tcdk,,India
Nelson,/m/0gs0g,,New Zealand
Nelson,/m/01gtvh,,Canada
Nelson,/m/0x8dq,,United States
Nelson,/m/0vzpr,,United States
Nelson,/m/0wzxc,,United States
Nelson,/m/0rv0l,,United States
Nelson Mandela Bay Metropolitan Municipality,/m/05q_rb,,South Africa
Nelsonville,/m/0ysty,,United States
Nelway,/m/0gg8zrk,,Canada
Nemaha,/m/0t2wx,,United States
Nemausus,/m/0lwtw,,Ancient Rome
Nemba,/m/0h1c74q,,Rwanda
Nemenčinė,/m/0g3nwq,,Lithuania
Nemyriv,/m/08xl83,,Ukraine
Nenana,/m/01z1zpp,,United States
Nentidava,/m/0gffvht,,Romania
Neodesha,/m/0tcg3,,United States
Neoga,/m/0s5z3,,United States
Neola,/m/0t2lz,,United States
Neosho,/m/0wyf0,,United States
Neosho Falls,/m/0tcgv,,United States
Neosho Rapids,/m/0t89w,,United States
Nepalgunj,/m/025tfqc,,Nepal
Nephi,/m/010f9m,,United States
Nepomuk,/m/03tcd8,,Czech Republic
Neptune Beach,/m/01z_qtz,,United States
Neratovice,/m/07zskr,,Czech Republic
Neresheim,/m/0ffz_p,,Germany
Nerkattumseval,/m/0g57l8c,,India
Nerstrand,/m/0wgrn,,United States
Nerulum,/m/02pq4tf,,Italy
Nesactium,/m/0262h1h,,Croatia
Nesher,/m/01vtl9,,Israel
Neskaupstaður,/m/05ptbg,,Iceland
Ness City,/m/0t95f,,United States
Ness Ziona,/m/01vtkj,,Israel
Netanya,/m/01vtmh,,Israel
Netawaka,/m/0t7fv,,United States
Netishyn,/m/0g3dmp,,Ukraine
Netivot,/m/01vtlq,,Israel
Netphen,/m/0bly5h,,Germany
Nettetal,/m/08_4xx,,Germany
Nettleton,/m/013gjs,,United States
Netum,/m/02r5dmc,,Italy
Netzschkau,/m/0ff_1h,,Germany
Neu-Anspach,/m/02xpyk,,Germany
Neu-Isenburg,/m/09l2pb,,Germany
Neu-Ulm,/m/050nkv,,Germany
Neubrandenburg,/m/0ytxr,,Germany
Neubukow,/m/0ff_5n,,Germany
Neubulach,/m/0ff_7s,,Germany
Neuburg an der Donau,/m/079j06,,Germany
Neuchâtel,/m/02h6zd,,Switzerland
Neudenau,/m/0ff_8w,,Germany
Neuenburg am Rhein,/m/0dyhtm,,Germany
Neuenbürg,/m/0ff_fd,,Germany
Neuenhaus,/m/0c113r,,Germany
Neuenkirchen-Vörden,/m/0ck4g0,,Germany
Neuenrade,/m/03l7dt,,Germany
Neuenstadt am Kocher,/m/06bfy2,,Germany
Neuenstein,/m/0fg02r,,Germany
Neuerburg,/m/0bqnhg,,Germany
Neufchâteau,/m/017w_1,,Belgium
Neuffen,/m/0fg56n,,Germany
Neugersdorf,/m/0fg59s,,Germany
Neuhaus am Rennweg,/m/0fg5fy,,Germany
Neuhausen am Rheinfall,/m/09nkky,,Switzerland
Neukalen,/m/0fg5kf,,Germany
Neukirchen,/m/0dpjq_,,Germany
Neukirchen-Vluyn,/m/0bn74q,,Germany
Neukloster,/m/0fg5m5,,Germany
Neum,/m/03df1n,,Bosnia and Herzegovina
Neumark,/m/0fg5qb,,Germany
Neumarkt in der Oberpfalz,/m/0c31_p,,Germany
Neumarkt-Sankt Veit,/m/0fg5vx,,Germany
Neumünster,/m/04d32t,,Germany
Neunburg vorm Wald,/m/0fg5x9,,Germany
Neunkirchen,/m/0c09t0,,Germany
Neunkirchen-lès-Bouzonville,/m/03nq6rn,,France
Neuquén,/m/02tbfg,,Argentina
Neuruppin,/m/015hcx,,Germany
Neusalza-Spremberg,/m/0fg9t4,,Germany
Neuss,/m/025697,,Germany
Neustadt,/m/0cw_yg,,Germany
Neustadt (Dosse),/m/04mmff,,Germany
Neustadt am Kulm,/m/0fg9x_,,Germany
Neustadt am Rübenberge,/m/08hz_t,,Germany
Neustadt an der Aisch,/m/04gn3v,,Germany
Neustadt an der Orla,/m/0fgb0h,,Germany
Neustadt an der Waldnaab,/m/04zqfk,,Germany
Neustadt an der Weinstraße,/m/04mfhb,,Germany
Neustadt bei Coburg,/m/0dn68c,,Germany
Neustadt in Holstein,/m/0cn5ph,,Germany
Neustadt in Sachsen,/m/0dyjw2,,Germany
Neustadt-Glewe,/m/08lh33,,Germany
Neustrelitz,/m/011hpp,,Germany
Neusäß,/m/0cbyxn,,Germany
Neutraubling,/m/05tt5t,,Germany
Neuville-en-Ferrain,/m/03h2bgr,,France
Neuville-lez-Beaulieu,/m/03m8fvk,,France
Neuwied,/m/01933t,,Germany
Neuötting,/m/0fg9qq,,Germany
Nevada,/m/0__bm,,United States
Nevada,/m/0t3fh,,United States
Nevada,/m/0x0v7,,United States
Nevada City,/m/0r28j,,United States
Nevinnomyssk,/m/0b3bgf,,Russia
Nevis,/m/0w1z3,,United States
Nevşehir,/m/08nnz6,,Turkey
New Albany,/m/0tcgg,,United States
New Albany,/m/0slbf,,United States
New Albany,/m/0wr_f,,United States
New Albany,/m/0ywzj,,United States
New Albin,/m/0srdb,,United States
New Amsterdam,/m/044st8,,Guyana
New Aswan City,/m/0gxzxf0,,Egypt
New Asyut,/m/0gxz3j3,,Egypt
New Auburn,/m/0whxt,,United States
New Baltimore,/m/0vcb9,,United States
New Barrackpore,/m/0f5tyq,,India
New Bedford,/m/0tyql,,United States
New Berlin,/m/011d1j,,United States
New Berlin,/m/01023m,,United States
New Bern,/m/0yfsp,,United States
New Bloomfield,/m/0wt15,,United States
New Boston,/m/0sdkv,,United States
New Boston,/m/0_yhc,,United States
New Braunfels,/m/013m7f,,United States
New Brighton,/m/0wfl3,,United States
New Britain,/m/01m1_t,,United States
New Brunswick,/m/0xpp5,,United States
New Buffalo,/m/0v2l9,,United States
New Cairo,/m/03c3r2b,,Egypt
New Cambria,/m/0wxmw,,United States
New Cambria,/m/0tbg_,,United States
New Carlisle,/m/0ytmf,,United States
New Carrollton,/m/0twx5,,United States
New Castle,/m/0_2r4,,United States
New Castle,/m/0rgv0,,United States
New Castle,/m/0smc5,,United States
New Castle,/m/0tf3_,,United States
New Chapel Hill,/m/0108wx,,United States
New Cordell,/m/0zbsm,,United States
New Cumberland,/m/010wvc,,United States
New Delhi,/m/0dlv0,,India
New Ellenton,/m/0_kbr,,United States
New England,/m/0yp7n,,United States
New Fairview,/m/010c9p,,United States
New Florence,/m/0wy3c,,United States
New Franklin,/m/0xhh1,,United States
New Franklin,/m/0z24q,,United States
New Galloway,/m/0581vz,,United Kingdom
New Germany,/m/0xcxm,,United States
New Hampton,/m/0st2v,,United States
New Hampton,/m/0wvwd,,United States
New Hartford,/m/0ssb9,,United States
New Haven,/m/0f2nf,,United States
New Haven,/m/0sj_c,,United States
New Haven,/m/0wvjb,,United States
New Haven,/m/0thgx,,United States
New Holstein,/m/01mjr1,,United States
New Home,/m/0105_l,,United States
New Hope,/m/0q8_m,,United States
New Hope,/m/0w1cs,,United States
New Hope,/m/0_vy1,,United States
New Iberia,/m/0tkqw,,United States
New Johnsonville,/m/0_vkh,,United States
New Karang,/m/02z028g,,Indonesia
New Kensington,/m/0_h73,,United States
New Leipzig,/m/0yp5x,,United States
New Liberty,/m/0t312,,United States
New Lisbon,/m/011449,,United States
New London,/m/013p21,,United States
New London,/m/0ykzm,,United States
New London,/m/0mb2b,,United States
New London,/m/0108bz,,United States
New London,/m/0s_bt,,United States
New London,/m/0w3kf,,United States
New London,/m/0wzld,,United States
New Madrid,/m/0wy96,,United States
New Market,/m/0t3pd,,United States
New Market,/m/0whh0,,United States
New Martinsville,/m/010z2k,,United States
New Meadows,/m/0s0q_,,United States
New Melle,/m/0w_7q,,United States
New Munich,/m/0wkd2,,United States
New Orleans,/m/0f2tj,,United States
New Philadelphia,/m/0z2lx,,United States
New Plymouth,/m/0173kj,,New Zealand
New Plymouth,/m/0s2hx,,United States
New Port Richey,/m/0rqrn,,United States
New Prague,/m/013fyc,,United States
New Providence,/m/0s_48,,United States
New Richland,/m/0wmfd,,United States
New Richmond,/m/011bbx,,United States
New Roads,/m/0tlvt,,United States
New Rochelle,/m/0yc84,,United States
New Rockford,/m/0ynxk,,United States
New Salem,/m/0yp_f,,United States
New Sharon,/m/0t14r,,United States
New Smyrna Beach,/m/0rsnp,,United States
New Strawn,/m/0t60l,,United States
New Stuyahok,/m/0qdd_,,United States
New Summerfield,/m/0__0m,,United States
New Taipei,/m/01x5s6,,Taiwan
New Tehri,/m/041j2f,,India
New Thebes,/m/0gy07lc,,Egypt
New Tiraspol,/m/06wbn80,,Moldova
New Tiraspol,/m/06wbn80,,Transnistria
New Town,/m/0c06hs,,India
New Town,/m/0yp_s,,United States
New Town,/m/06w0gk,,Czech Republic
New Trier,/m/0vz33,,United States
New Ulm,/m/0vvsp,,United States
New Underwood,/m/0_rvr,,United States
New Vienna,/m/0sz56,,United States
New Virginia,/m/0t412,,United States
New Waverly,/m/010bfl,,United States
New Westminster,/m/01vqq1,,Canada
New York City,/m/02_286,,United States
New York Mills,/m/0wbn2,,United States
New York metropolitan area,/m/01t12z,,United States
Newark,/m/0hptm,,United States
Newark,/m/0qtqd,,United States
Newark,/m/0rgvf,,United States
Newark,/m/0yzny,,United States
Newark,/m/013n7v,,United States
Newark,/m/0qx_6,,United States
Newaygo,/m/0vg4c,,United States
Newberg,/m/0zgnl,,United States
Newberry,/m/0rh9q,,United States
Newberry,/m/0_mt2,,United States
Newburg,/m/0wz37,,United States
Newburg,/m/0yn4b,,United States
Newburgh,/m/01mf49,,United States
Newburyport,/m/0tz41,,United States
Newcastle,/m/0dv9v,,Australia
Newcastle,/m/011h13,,United States
Newcastle,/m/010cf3,,United States
Newcastle,/m/010rnc,,United States
Newcastle,/m/0z7vh,,United States
Newcastle West,/m/03xs6l,,Ireland
Newcastle upon Tyne,/m/0j7ng,,United Kingdom
Newdale,/m/0s1r2,,United States
Newell,/m/0_pgk,,United States
Newell,/m/0ss65,,United States
Newfolden,/m/0w61k,,United States
Newhalen,/m/0qf_w,,United States
Newhall,/m/0srpn,,United States
Newkirk,/m/0z6tp,,United States
Newland,/m/0yd3d,,United States
Newman,/m/0r7g9,,United States
Newman Grove,/m/013hc_,,United States
Newnan,/m/0rvmb,,United States
Newport,/m/01xr6x,,United Kingdom
Newport,/m/0zdx3,,United States
Newport,/m/0yf40,,United States
Newport,/m/0jpy_,,United States
Newport,/m/0qtx7,,United States
Newport,/m/0td63,,United States
Newport,/m/039wsw,,United States
Newport,/m/0_t93,,United States
Newport,/m/010ssq,,United States
Newport,/m/0wmrd,,United States
Newport Beach,/m/0r2kh,,United States
Newport News,/m/0mndw,,United States
Newry,/m/01zgfh,,United Kingdom
Newton,/m/0qkcb,,United States
Newton,/m/0yf7t,,United States
Newton,/m/0s8kg,,United States
Newton,/m/0t79b,,United States
Newton,/m/010764,,United States
Newton,/m/0s_xc,,United States
Newton,/m/0rszp,,United States
Newton,/m/0wr5x,,United States
Newton Falls,/m/0z2d_,,United States
Newton Grove,/m/0ykq2,,United States
Newton Stewart,/m/024flt,,United Kingdom
Newtown,/m/0xjdl,,United States
Neyagawa,/m/01wn72,,Japan
Nezperce,/m/0s28n,,United States
Nganda,/m/05pbcp5,,Senegal
Nganglam,/m/04f3jny,,Bhutan
Ngaoui,/m/09k7c7w,,Cameroon
Ngaoundéré,/m/05r_bk,,Cameroon
Ngerulmud,/m/06_w5zq,,Palau
Ngoma,/m/07k4tz0,,Namibia
Ngozi,/m/02r92p2,,Burundi
Nguer Malal,/m/08vm82,,Senegal
Ngwenya,/m/096rqk,,Eswatini
Nha Trang,/m/044cjv,,Vietnam
Nhamatanda,/m/05zzz85,,Mozambique
Nhlangano,/m/0932ms,,Eswatini
Niagara,/m/01mlzg,,United States
Niagara,/m/0yp3v,,United States
Niagara Falls,/m/018lc_,,Canada
Niagara Falls,/m/0y3k9,,United States
Niamey,/m/0fqfs,,Niger
Niamtougou,/m/05m4w9,,Togo
Niangoloko,/m/03cttkb,,Burkina Faso
Niangua,/m/0x11h,,United States
Nibley,/m/010dh6,,United States
Nicaea,/m/0h_d7xy,,Turkey
Nicaea,/m/0h_d7xy,,Roman Asia Minor
Nicaea,/m/027v799,,Pakistan
"Nicaea, Locris",/m/0269ty4,,Greece
Nice,/m/0cp6w,,France
Niceto Pérez,/m/03cb81k,,Cuba
Niceville,/m/0rpbp,,United States
Nicholasville,/m/0tgbh,,United States
Nicholls,/m/0rvcr,,United States
Nichols,/m/0t1vk,,United States
Nichols Hills,/m/0z8lm,,United States
Nicholson,/m/0rxg2,,United States
Nickelsdorf,/m/0fdsfz,,Austria
Nickerson,/m/0t9x9,,United States
Nicollet,/m/0w8kn,,United States
Nicoma Park,/m/0z8lz,,United States
Nicomedia,/m/01678j,,Turkey
Nicomedia,/m/01678j,,Byzantine Empire
Nicomedia,/m/01678j,,Ottoman Empire
Nicomedia,/m/01678j,,Latin Empire
Nicomedia,/m/01678j,,Empire of Nicaea
Nicomedia,/m/01678j,,Bithynia
Nicomedia,/m/01678j,,Ancient Rome
Niconium,/m/0bs83m4,,Ukraine
Nicopolis,/m/02dmg8,,Greece
Nicopolis ad Istrum,/m/09hyt7,,Bulgaria
Nicopolis ad Nestum,/m/05qbd3g,,Bulgaria
Nicosia,/m/0fqg8,,Cyprus
Nida,/m/0hr1jb3,,Germany
Nidaros,/m/02l3zv,,Norway
Nidda,/m/02pcxm,,Germany
Niddatal,/m/0fgb27,,Germany
Nidderau,/m/0dkzvh,,Germany
Nideggen,/m/0bflr5,,Germany
Nidzica,/m/07skz6,,Poland
Niebüll,/m/0cm__s,,Germany
Niedenstein,/m/0dpm1g,,Germany
Nieder-Olm,/m/0brpy_,,Germany
Niederkassel,/m/0bks03,,Germany
Niederlahnstein,/m/0b9qhm,,Germany
Niedernhall,/m/0fgb5r,,Germany
Niederstetten,/m/0bq3lh,,Germany
Niederstotzingen,/m/0fgbb0,,Germany
Niederwald,/m/013lzw,,United States
Niefang,/m/03cpnxr,,Equatorial Guinea
Nieheim,/m/0bhrf0,,Germany
Nielsville,/m/0wdzb,,United States
Niemegk,/m/0fgbbr,,Germany
Niemodlin,/m/02847s3,,Poland
Nienburg,/m/0bnvrn,,Germany
Nienburg/Weser,/m/04tk5j,,Germany
Niepołomice,/m/022mq9,,Poland
Nieppe,/m/03qfkd3,,France
Nierstein,/m/02y_5xx,,Germany
Niesky,/m/07t50y,,Germany
Nieszawa,/m/0ch1cp,,Poland
Nieuw Amsterdam,/m/0brqq4,,Suriname
Nieuw Nickerie,/m/06mzjn,,Suriname
Nieuwpoort,/m/0145v5,,Belgium
Nieuwpoort,/m/02_f76,,Netherlands
Nightmute,/m/0qd38,,United States
Niigata,/m/0gp6bn,,Japan
Niihama,/m/0gp6v0,,Japan
Niiza,/m/01whny,,Japan
Nikaia,/m/05d795,,Greece
"Nikaia, Illyria",/m/07s5kq3,,Albania
Nikolai,/m/0qj8_,,United States
Nikolayevsk-on-Amur,/m/031993,,Russia
Nikopol,/m/068ztz,,Ukraine
Nikopol,/m/04vtdp,,Bulgaria
Nikšić,/m/01psfx,,Montenegro
Niles,/m/0z2fb,,United States
Niles,/m/013dz1,,United States
Nilópolis,/m/0gh8nr,,Brazil
Nimrod,/m/0wm76,,United States
Nimrud,/m/02cbtw,,Iraq
Nimrud,/m/02cbtw,,Assyrian Empire
Nimule,/m/03cfq07,,South Sudan
Nin,/m/0537ww,,Croatia
Nineveh,/m/05fym,,Iraq
Ningbo,/m/01l33l,,People's Republic of China
Ningde,/m/06f1ts,,People's Republic of China
Ninotsminda,/m/026kvz4,,Georgia
Ninove,/m/01486s,,Belgium
Niokosso,/m/05p5dpk,,Ivory Coast
Nioro du Rip,/m/02rx7ng,,Senegal
Niota,/m/0_w1w,,United States
Niotaze,/m/0t5pk,,United States
Nippur,/m/0lpt6,,Iraq
Nisa,/m/012n8rzj,,Turkey
Nisa,/m/046m4w,,Turkmenistan
Nisaea,/m/0gwzn2m,,Greece
Nishapur,/m/02159q,,Iran
Nishinomiya,/m/01wnhj,,Japan
Nishio,/m/01wltz,,Japan
Nishitōkyō-shi,/m/01wrtj,,Japan
Nisko,/m/02rrdt,,Poland
Nisporeni,/m/07whkc,,Moldova
Nissing,/m/012w3v5q,,India
Nisswa,/m/0vyrd,,United States
Niterói,/m/01hdvj,,Brazil
Nitra,/m/01z0sp,,Slovakia
Nitro,/m/013ntl,,United States
Nivelles,/m/017qr_,,Belgium
Nixa,/m/0wtn3,,United States
Nixon,/m/013mrq,,United States
Nizamabad,/m/0594k6,,India
Nizhnekamsk,/m/06sp5h,,Russia
Nizhnevartovsk,/m/02hgt6,,Russia
Nizhny Novgorod,/m/0hclr,,Russia
Nizhny Tagil,/m/06sbnb,,Russia
Nizhyn,/m/06_3y6,,Ukraine
Nizip,/m/0bjchs,,Turkey
Nizwa,/m/05vqbr,,Oman
Niğde,/m/08nnvp,,Turkey
Niš,/m/01k_9h,,Serbia
Njarðvík,/m/04g1y_3,,Iceland
Njoko,/m/04f_wtq,,Central African Republic
Njombe,/m/0hznttx,,Tanzania
Nkayi,/m/09bvf8,,Republic of the Congo
Nkhata Bay,/m/0c5hk_,,Malawi
Nkimi,/m/03cpns8,,Equatorial Guinea
Nkondjock,/m/09k59x6,,Cameroon
Nkongsamba,/m/07r3_d,,Cameroon
Nkurenkuru,/m/05f896w,,Namibia
Nobeoka,/m/0gp71g,,Japan
Noble,/m/0z4zp,,United States
Noblesville,/m/0sly0,,United States
Nocera Umbra,/m/074_l9,,Italy
Nocona,/m/0106mg,,United States
Noda,/m/01whyl,,Japan
Nodaway,/m/0srbz,,United States
Noel,/m/0wxrn,,United States
Nof HaGalil,/m/01vtkx,,Israel
Nogales,/m/0cp0mvw,,Chile
Nogales,/m/0qqw9,,United States
Noida,/m/03wtz0,,India
Nokomis,/m/0sdt1,,United States
Nola,/m/09vbwq,,Central African Republic
Nolanville,/m/0_y0x,,United States
Nombre de Dios,/m/0535y6x,,Mexico
Nome,/m/01z1z_q,,United States
Nome,/m/0ymvj,,United States
Nome,/m/0104nw,,United States
Nonakris,/m/0520_qy,,Greece
Nondalton,/m/01z1_5r,,United States
Nong Khai,/m/050bv4,,Thailand
Nonsan,/m/03v74z,,South Korea
Nonthaburi,/m/0gkz02,,Thailand
Nooksack,/m/010vtb,,United States
Noonan,/m/0ynvv,,United States
Noonday,/m/0108x7,,United States
Noordoewer,/m/0268hx9,,Namibia
Noorvik,/m/0qgtf,,United States
Nora,/m/0806fx,,Italy
Nora Springs,/m/0ssw5,,United States
Norak,/m/025sb9n,,Tajikistan
Norba,/m/0726kp,,Italy
Norborne,/m/0wt7r,,United States
Norbourne Estates,/m/0tfy2,,United States
Norcatur,/m/0t68x,,United States
Norco,/m/0r3sm,,United States
Norcross,/m/0w0fw,,United States
Norcross,/m/0rwzy,,United States
Norden,/m/0714fm,,Germany
Nordenham,/m/043mk9,,Germany
Norderney,/m/05n8bh,,Germany
Norderstedt,/m/05gfnh,,Germany
Nordhausen,/m/023flt,,Germany
Nordheim,/m/010094,,United States
Nordhorn,/m/053l2g,,Germany
Noreia,/m/0fzksd,,Austria
Norfolk,/m/0x85h,,United States
Norfolk County,/m/024j7l,,Canada
Norfork,/m/0qrjq,,United States
Norlina,/m/0ylwz,,United States
Norman,/m/0yk1m,,United States
Norman,/m/0z4_0,,United States
Norman Park,/m/0rvft,,United States
Normandia,/m/026cf53,,Brazil
Normandy,/m/0x00t,,United States
Normandy Park,/m/021h147,,United States
Norphlet,/m/0qxdz,,United States
Norris,/m/0_srv,,United States
Norsup,/m/0ztk8_b,,Vanuatu
North Adams,/m/0tyfk,,United States
North Augusta,/m/013kwz,,United States
North Barrackpore,/m/0f5vn5,,India
North Battleford,/m/01wzsb,,Canada
North Bay,/m/0jsht,,Canada
North Bay Village,/m/0rnq4,,United States
North Bend,/m/0zcf3,,United States
North Bend,/m/010rp1,,United States
North Bend,/m/0x6bf,,United States
North Berwick,/m/022yk_,,United Kingdom
North Bonneville,/m/010tf7,,United States
North Branch,/m/0vx8z,,United States
North Buena Vista,/m/0stf4,,United States
North Canton,/m/0z1zp,,United States
North Charleston,/m/013k_b,,United States
North Chicago,/m/0sb5x,,United States
North Cleveland,/m/0105q6,,United States
North College Hill,/m/0yy0c,,United States
North Dum Dum,/m/0f5vp6,,India
North English,/m/013ckw,,United States
North Kansas City,/m/0wtvn,,United States
North Las Vegas,/m/0xchw,,United States
North Lauderdale,/m/01z_t9g,,United States
North Liberty,/m/0t01y,,United States
North Little Rock,/m/0qwrf,,United States
North Logan,/m/021bnj3,,United States
North Mankato,/m/013fc8,,United States
North Miami,/m/0rnqh,,United States
North Miami Beach,/m/0rnqw,,United States
North Middletown,/m/0tcs6,,United States
North Muskegon,/m/0vfv1,,United States
North Myrtle Beach,/m/0_m3z,,United States
North Newton,/m/0t79q,,United States
North Nicosia,/m/0c00z1t,,Cyprus
North Nicosia,/m/0c00z1t,,Northern Cyprus
North Oaks,/m/0wflg,,United States
North Ogden,/m/010h9l,,United States
North Olmsted,/m/0yvm_,,United States
North Plains,/m/0zggp,,United States
North Platte,/m/0kk5j,,United States
North Pole,/m/01z1_74,,United States
North Port,/m/01z_vzm,,United States
North Powder,/m/0zg3y,,United States
North Richland Hills,/m/0109fz,,United States
North Ridgeville,/m/020n5wv,,United States
North River,/m/0ynk5,,United States
North Royalton,/m/0yvnp,,United States
North Salt Lake,/m/010dt0,,United States
North Sioux City,/m/0_sln,,United States
North St. Paul,/m/0wflt,,United States
North Tonawanda,/m/0y3kr,,United States
North Topsail Beach,/m/0203hs9,,United States
North Vancouver,/m/03ch4f,,Canada
North Vernon,/m/0c4x_3,,United States
North Washington,/m/0st35,,United States
North Wildwood,/m/0xm3z,,United States
North Wilkesboro,/m/0ymhz,,United States
Northampton,/m/0tzt_,,United States
Northboro,/m/0t223,,United States
Northeim,/m/04qnsw,,Germany
Northfield,/m/0206zvp,,United States
Northfield,/m/013fln,,United States
Northfield,/m/0tfyf,,United States
Northglenn,/m/0r8ln,,United States
Northlake,/m/0s5b1,,United States
Northmoor,/m/0wz93,,United States
Northome,/m/0w44c,,United States
Northport,/m/0qc75,,United States
Northrop,/m/0w6g8,,United States
Northville,/m/013f50,,United States
Northwest,/m/0ydkh,,United States
Northwood,/m/0t4t5,,United States
Northwood,/m/0118lk0t,,United States
Northwood,/m/0yp45,,United States
Northwoods,/m/0x014,,United States
Norton,/m/0mnct,,United States
Norton,/m/0t97h,,United States
Norton,/m/020n75y,,United States
Norton Shores,/m/0vfvd,,United States
Nortonville,/m/0t7hk,,United States
Nortonville,/m/0tf72,,United States
Nortorf,/m/0csdmc,,Germany
Norwalk,/m/01tlmw,,United States
Norwalk,/m/0yywz,,United States
Norwalk,/m/0r0qr,,United States
Norwalk,/m/0t41f,,United States
Norway,/m/0srp_,,United States
Norway,/m/0v4zd,,United States
Norwich,/m/0q34g,,United Kingdom
Norwich,/m/022hsd,,United States
Norwich,/m/01m24m,,United States
Norwich,/m/0t7x1,,United States
Norwood,/m/0yk_q,,United States
Norwood,/m/0yy1d,,United States
Norwood,/m/0x150,,United States
Norwood,/m/0tfys,,United States
Norwood,/m/0rzvk,,United States
Norwood Young America,/m/0vw8x,,United States
Nosivka,/m/0gtqnl,,Ukraine
Nossa Senhora do Socorro,/m/027kkcq,,Brazil
Nossen,/m/09vqgx,,Germany
Notion,/m/064qcm7,,Turkey
Notsé,/m/09hmgr,,Togo
Nottingham,/m/09tlh,,United Kingdom
Notus,/m/0s1cr,,United States
Nouaceur,/m/0c0194_,,Morocco
Nouadhibou,/m/02750z,,Mauritania
Nouakchott,/m/0dlx0,,Mauritania
Noubarya,/m/05frcx,,Egypt
Nouméa,/m/025dzb,,France
Nouna,/m/0b63yw,,Burkina Faso
Nova Friburgo,/m/02lr3w,,Brazil
Nova Gorica,/m/02g897,,Slovenia
Nova Gradiška,/m/02tm7w,,Croatia
Nova Iguaçu,/m/05s42r,,Brazil
Nova Kakhovka,/m/035xh3,,Ukraine
Nova Mamoré,/m/027g94d,,Brazil
Nova Odesa,/m/07gx1d,,Ukraine
Nova Roma,/m/02p1r6k,,Turkey
Nova Serrana,/m/09ry38j,,Brazil
Nova Sintra,/m/09c8qy,,Cape Verde
Nova Varoš,/m/09lnbh,,Serbia
Novaci,/m/04_xml,,Romania
Novae,/m/07s82vf,,Bulgaria
Novalja,/m/070551,,Croatia
Novara,/m/0d4pzn,,Italy
Novato,/m/0r1hb,,United States
Novhorod-Siverskyi,/m/04x6ph,,Ukraine
Novi,/m/0vl_w,,United States
Novi Grad,/m/08l15y,,Bosnia and Herzegovina
Novi Marof,/m/031yyf,,Croatia
Novi Pazar,/m/01psgc,,Serbia
Novi Sad,/m/0swwn,,Serbia
Novi Vinodolski,/m/0fhy0y,,Croatia
Novice,/m/0__5s,,United States
Novigrad,/m/09lpp2,,Croatia
Novinger,/m/0ws6p,,United States
Noviodunum,/m/0g57q3y,,Switzerland
Noviomagus Cantiacorum,/m/012w5q2v,,United Kingdom
Noviomagus Reginorum,/m/027rt4n,,United Kingdom
Novo Hamburgo,/m/049843,,Brazil
Novo Machado,/m/03qmbv8,,Brazil
Novo Mesto,/m/02tgvy,,Slovenia
Novoazovsk,/m/0gtrpd,,Ukraine
Novoazovsk,/m/0gtrpd,,Soviet Union
Novocheboksarsk,/m/060lh6,,Russia
Novocherkassk,/m/041361,,Russia
Novodnistrovsk,/m/0gts8y,,Ukraine
Novodruzhesk,/m/0gt5c3,,Ukraine
Novohrodivka,/m/0gtq4y,,Ukraine
Novohrodivka,/m/0gtq4y,,Soviet Union
Novoiavorivsk,/m/0gt3sz,,Ukraine
Novokuybyshevsk,/m/07g4sf,,Russia
Novomoskovsk,/m/08bf3z,,Russia
Novomyrhorod,/m/0f1w1p,,Ukraine
Novopavlovsk,/m/0b84zz,,Russia
Novorossiysk,/m/04fx9m,,Russia
Novoselytsia,/m/0gt558,,Ukraine
Novoshakhtinsk,/m/07g653,,Russia
Novosibirsk,/m/0gzyb,,Russia
Novoukrainka,/m/0gtpn2,,Ukraine
Novovolynsk,/m/0gt1_k,,Ukraine
Novska,/m/071wyq,,Croatia
Novy Urengoy,/m/0cbgk1,,Russia
Novyi Buh,/m/0gt2tg,,Ukraine
Novyi Kalyniv,/m/0gt4gw,,Ukraine
Novyi Rozdil,/m/0gt3rk,,Ukraine
Nová Paka,/m/0bxd6q,,Czech Republic
Nová Ves v Horách,/m/07k44_r,,Czech Republic
Nové Město na Moravě,/m/068zmj,,Czech Republic
Nové Město nad Metují,/m/068zvp,,Czech Republic
Nový Bor,/m/07h8_d,,Czech Republic
Nový Bydžov,/m/054kjw,,Czech Republic
Nový Jičín,/m/0844gq,,Czech Republic
Nowa Dęba,/m/0289682,,Poland
Nowa Ruda,/m/0229_7,,Poland
Nowa Sarzyna,/m/02847rf,,Poland
Nowa Sól,/m/0229tf,,Poland
Nowa Słupia,/m/04jm4y5,,Poland
Nowata,/m/0z8b_,,United States
Nowe,/m/02plc8p,,Poland
Nowe Brzesko,/m/04jdqm2,,Poland
Nowe Miasto,/m/027pmxt,,Poland
Nowe Miasto Lubawskie,/m/02hqq7,,Poland
Nowe Miasto Lubawskie,/m/02hqq7,,Kingdom of Poland
Nowe Miasto nad Pilicą,/m/02847np,,Poland
Nowe Skalmierzyce,/m/02847xl,,Poland
Nowogard,/m/01zkbb,,Poland
Nowogród,/m/0b9hg4,,Poland
Nowogród Bobrzański,/m/02pjysf,,Poland
Nowshera,/m/07g6c4,,Pakistan
Nowthen,/m/0vsql,,United States
Nowy Dwór Gdański,/m/02zx64,,Poland
Nowy Dwór Mazowiecki,/m/022b2m,,Poland
Nowy Korczyn,/m/04v0p6,,Poland
Nowy Staw,/m/0b40vq,,Poland
Nowy Sącz,/m/0229j9,,Poland
Nowy Targ,/m/0229hf,,Poland
Nowy Tomyśl,/m/0bz66k,,Poland
Nowy Wiśnicz,/m/0c5fty,,Poland
Noyabrsk,/m/08rkd4,,Russia
Noé,/m/05pbbq7,,Ivory Coast
Nsang,/m/03cpp1x,,Equatorial Guinea
Nsanje,/m/02zvdw,,Malawi
Nsoko,/m/026gh_7,,Eswatini
Nucet,/m/0b515g,,Romania
Nueva Ciudad Guerrero,/m/02qdrwx,,Mexico
Nueva Cáceres,/m/07scmj3,,Philippines
Nueva Gerona,/m/09prl6,,Cuba
Nueva Helvecia,/m/0b61t7,,Uruguay
Nueva Loja,/m/068mdb,,Ecuador
Nueva Palmira,/m/08gn3l,,Uruguay
Nuevitas,/m/07g6ls,,Cuba
Nuevo Laredo,/m/051f5x,,Mexico
Nuevo San Carlos,/m/0790gp,,Guatemala
Nuiqsut,/m/0qgnc,,United States
Nukus,/m/06rfnp,,Uzbekistan
Nukuʻalofa,/m/0frzd,,Tonga
Nulato,/m/0qj9b,,United States
Numa,/m/0srht,,United States
Numantia,/m/04l73s,,Spain
Numazu,/m/01wlc5,,Japan
Nunam Iqua,/m/0qhwv,,United States
Nunapitchuk,/m/0qd3m,,United States
Nurafshon,/m/0d62_3,,Uzbekistan
Nuremberg,/m/05bkf,,Germany
Nurmahal,/m/03d0q4s,,India
Nurpur,/m/0f5vxf,,India
Nusaybin,/m/03lnhr,,Turkey
Nuuk,/m/0d_1m,,Greenland
Nuwara Eliya,/m/02hg70,,Sri Lanka
Nuweiba,/m/0b8jkz,,Egypt
Nuzi,/m/02w9sx,,Iraq
Nyala,/m/02jtmv,,Sudan
Nyanga,/m/03w6zz,,Zimbabwe
Nyanza,/m/04zwmd,,Rwanda
Nyergesújfalu,/m/02r2xr3,,Hungary
Nyingchi,/m/0b88m6,,People's Republic of China
Nyköping,/m/02p3h7q,,Sweden
Nykøbing Falster,/m/0131cn,,Denmark
Nymburk,/m/04s6px,,Czech Republic
Nymphaion,/m/026fxjy,,Russia
Nymphaion,/m/026fxjy,,Ukraine
Nyon,/m/02q7qj,,Switzerland
Nysa,/m/04tbkd,,Turkey
Nysa,/m/02299j,,Poland
Nyssa,/m/0zf32,,United States
Nyékládháza,/m/05ml0n,,Hungary
Nyíradony,/m/026n6km,,Hungary
Nyírbogát,/m/0278l9j,,Hungary
Nyírbátor,/m/026s20m,,Hungary
Nyíregyháza,/m/033dx6,,Hungary
Nyírlugos,/m/026s24d,,Hungary
Nyírmada,/m/0glqm3f,,Hungary
Nyírtelek,/m/026s2c8,,Hungary
Náchod,/m/05dwqp,,Czech Republic
Nádudvar,/m/026n6d3,,Hungary
Náměšť nad Oslavou,/m/0dbhv5,,Czech Republic
Næstved,/m/0dphjk,,Denmark
Néma,/m/0b3js0,,Mauritania
Nîmes,/m/0pzcv,,France
Nördlingen,/m/0226kg,,Germany
Nørresundby,/m/06z31_,,Denmark
Nürtingen,/m/0256z7,,Germany
Nýřany,/m/02prnw0,,Czech Republic
Nădlac,/m/064sq8,,Romania
Năsăud,/m/09rq9d,,Romania
Năvodari,/m/04f96l,,Romania
N’Guessankro Bongouanou,/m/05p26bs,,Ivory Coast
O'Brien,/m/0102x1,,United States
O'Donnell,/m/013mfx,,United States
O'Fallon,/m/0sg__,,United States
O'Fallon,/m/0w_81,,United States
O'Neill,/m/0x7bn,,United States
Oak City,/m/0yhry,,United States
Oak Creek,/m/0116b3,,United States
Oak Forest,/m/0s5bs,,United States
Oak Grove,/m/013tqw,,United States
Oak Grove,/m/01_zmqb,,United States
Oak Grove,/m/0tddr,,United States
Oak Grove Heights,/m/0qtfc,,United States
Oak Harbor,/m/010r2n,,United States
Oak Hill,/m/010wmd,,United States
Oak Hill,/m/0rspc,,United States
Oak Hill,/m/0t5xg,,United States
Oak Hill,/m/0_thc,,United States
Oak Island,/m/0203hth,,United States
Oak Leaf,/m/0100wk,,United States
Oak Park,/m/0vm0k,,United States
Oak Park Heights,/m/0wmrr,,United States
Oak Point,/m/01006d,,United States
Oak Ridge,/m/0ygq7,,United States
Oak Ridge,/m/013l83,,United States
Oak Ridge North,/m/0106q8,,United States
Oakboro,/m/0yl0w,,United States
Oakbrook Terrace,/m/0s6gj,,United States
Oakdale,/m/0r7gn,,United States
Oakdale,/m/01_zmsk,,United States
Oakdale,/m/0tjgk,,United States
Oakes,/m/0yntg,,United States
Oakhaven,/m/0qtht,,United States
Oakland,/m/0dcb5,,United States
Oakland,/m/0dc95,,United States
Oakland,/m/0zcnc,,United States
Oakland,/m/0s4ds,,United States
Oakland,/m/0x01v,,United States
Oakland,/m/0t2m9,,United States
Oakland,/m/0x4s1,,United States
Oakland,/m/0tj58,,United States
Oakland Acres,/m/0s_xq,,United States
Oakland City,/m/0sllp,,United States
Oakland Park,/m/0rjcr,,United States
Oakley,/m/010gcw,,United States
Oakley,/m/01zk2x5,,United States
Oakley,/m/0s1h5,,United States
Oakley,/m/013cxc,,United States
Oakridge,/m/0zdtq,,United States
Oakville,/m/0t0wt,,United States
Oakville,/m/010qz5,,United States
Oakwood,/m/0rx3s,,United States
Oakwood,/m/011qfy,,United States
Oancea,/m/04g00gs,,Romania
Obala,/m/0593_y,,Cameroon
Obeliai,/m/0g5kmw,,Lithuania
Ober-Ramstadt,/m/0dpbps,,Germany
Oberasbach,/m/0dn5nr,,Germany
Oberderdingen,/m/0dz8f3,,Germany
Oberharz am Brocken,/m/09v267z,,Germany
Oberhausen,/m/018khw,,Germany
Oberhof,/m/06vw5f,,Germany
Oberkirch,/m/0b3q8x,,Germany
Oberkochen,/m/055h7v,,Germany
Oberlahnstein,/m/06_jxy,,Germany
Oberlin,/m/0yzzb,,United States
Oberlin,/m/0t697,,United States
Oberlungwitz,/m/0fgbhs,,Germany
Obermoschel,/m/0b_5vh,,Germany
Obernburg am Main,/m/0fgbnz,,Germany
Oberndorf am Neckar,/m/0dpfh0,,Germany
Obernkirchen,/m/0cjfz8,,Germany
Oberon,/m/0yn02,,United States
Oberriexingen,/m/0fgbrh,,Germany
Obertshausen,/m/04wz3q,,Germany
Oberursel (Taunus),/m/02jzn5,,Germany
Oberviechtach,/m/0fgbsx,,Germany
Oberweißbach,/m/0fgbwp,,Germany
Oberwesel,/m/0b_5wk,,Germany
Oberwiesenthal,/m/0fgbyf,,Germany
Oberwil,/m/0g782y,,Switzerland
Oberá,/m/07w2ny,,Argentina
Obihiro,/m/01wfgj,,Japan
Obluchye,/m/026f8gw,,Russia
Obninsk,/m/05m7r9,,Russia
Obock,/m/01cyr1,,Djibouti
Oborniki,/m/0c45wf,,Poland
Oborniki Śląskie,/m/08h3rw,,Poland
Obour City,/m/0b73xh2,,Egypt
Obrežje,/m/05c5_vr,,Slovenia
Obrovac,/m/099mhn,,Croatia
Obrzycko,/m/0fb9md,,Poland
Obuasi,/m/06dvtn,,Ghana
Obukhiv,/m/0gt3gx,,Ukraine
Ocala,/m/0rn0z,,United States
Ocalea,/m/025_tdn,,Greece
Ocean City,/m/0xm49,,United States
Ocean Isle Beach,/m/0ydl5,,United States
Ocean Shores,/m/021h187,,United States
Ocean Springs,/m/0wqk3,,United States
Oceanside,/m/0r540,,United States
Ocelis,/m/02x4dgd,,Yemen
Ochakiv,/m/05j09c,,Ukraine
Ocheyedan,/m/0t1_0,,United States
Ocho Rios,/m/02ndtc,,Jamaica
Ochsenfurt,/m/08xddw,,Germany
Ochsenhausen,/m/02ml0s,,Germany
Ochtrup,/m/0bl_zz,,Germany
Ocilla,/m/0rxdc,,United States
Ocna Mureș,/m/05zm_j,,Romania
Ocna Sibiului,/m/0b5164,,Romania
Ocnele Mari,/m/04gpr9_,,Romania
Ocnița,/m/06w2b9f,,Moldova
Ocoee,/m/0rppv,,United States
Oconee,/m/0rzx8,,United States
Oconomowoc,/m/01mp0t,,United States
Oconto,/m/01mm88,,United States
Oconto Falls,/m/01mm8z,,United States
Ocosingo,/m/0bryfm,,Mexico
Ocotal,/m/04xqrt,,Nicaragua
Ocotelolco,/m/03y8_sp,,Mexico
Ocotepeque,/m/075bh_,,Honduras
Ocotlán,/m/07g8wl,,Mexico
Ocros,/m/02q86rc,,Peru
Odawara,/m/0gp6b5,,Japan
Odda Municipality,/m/0186qf,,Norway
Odebolt,/m/0t2x7,,United States
Odem,/m/0108my,,United States
Odense,/m/05mwx,,Denmark
Oderberg,/m/0894sm,,Germany
Odesa,/m/0ffmp,,Ukraine
Odessa,/m/013mj_,,United States
Odessa,/m/0wx30,,United States
Odessa,/m/0vv73,,United States
Odienné,/m/056kk3,,Ivory Coast
Odin,/m/0wmzz,,United States
Odobești,/m/0fz_rv,,Romania
Odolanów,/m/06yz_n,,Poland
Odranci,/m/0bnht4,,Slovenia
Odry,/m/02r4v4k,,Czech Republic
Odweine,/m/04lfjby,,Somaliland
Odzrkhe,/m/0d98mg,,Georgia
Oea,/m/0115rvvs,,Libya
Oebisfelde-Weferlingen,/m/09v2k4z,,Germany
Oederan,/m/0fgc3b,,Germany
Oelde,/m/05kps,,Germany
Oelsnitz,/m/0dsqcq,,Germany
"Oelsnitz, Erzgebirge",/m/0dq6fg,,Germany
Oelwein,/m/0szcg,,United States
Oenoanda,/m/03ql7py,,Turkey
Oenus,/m/0cp1m8,,Greece
Oer-Erkenschwick,/m/0bknlr,,Germany
Oerlinghausen,/m/03fh6q,,Germany
Oescus,/m/07czpg,,Bulgaria
Oesilo,/m/03mdchp,,Timor-Leste
Oestrich-Winkel,/m/0dwgx0,,Germany
Oesyme,/m/07s56vg,,Greece
Oettingen in Bayern,/m/0d5tj0,,Germany
Ofakim,/m/01vt5k,,Israel
Ofena,/m/0fg4zp,,Italy
Offenbach am Main,/m/0254wm,,Germany
Offenburg,/m/06vgbt,,Germany
Offerle,/m/0t6kc,,United States
Offerman,/m/0rynf,,United States
Oftringen,/m/0fkzvj,,Switzerland
Ogallala,/m/0x7q3,,United States
Ogbomosho,/m/02b885,,Nigeria
Ogden,/m/010h9y,,United States
Ogden,/m/0sryl,,United States
Ogden,/m/0qvcr,,United States
Ogden,/m/0tb59,,United States
Ogdensburg,/m/0y7fy,,United States
Ogema,/m/0vt39,,United States
Oghuz,/m/04gg8ts,,Azerbaijan
Ogilvie,/m/0w384,,United States
Oglesby,/m/0s9qr,,United States
Oglesby,/m/0__pb,,United States
Oglethorpe,/m/0rx_8,,United States
Ogre,/m/02h9hf,,Latvia
Ogrodzieniec,/m/03lw94,,Poland
Ogulin,/m/042h_8,,Croatia
Ohain,/m/06wb91,,France
Ohrdruf,/m/064_v2,,Germany
Ohrid,/m/02zj4v,,North Macedonia
Oiapoque,/m/097_f_,,Brazil
Oiasso,/m/05pdg0v,,Spain
Oil City,/m/0_f47,,United States
Oilton,/m/0z59t,,United States
Oiso,/m/03jct3,,Japan
Oita,/m/0gp6_w,,Japan
Ojai,/m/0r890,,United States
Ojinaga Municipality,/m/05921l,,Mexico
Okabena,/m/0w30l,,United States
Okanogan,/m/010sjt,,United States
Okara,/m/087zyz,,Pakistan
Okayama,/m/0gp5my,,Japan
Okazaki,/m/01wlnx,,Japan
Okeechobee,/m/0rpdr,,United States
Okemah,/m/0z8fr,,United States
Okemesi,/m/05f99_2,,Nigeria
Okene,/m/07gbn1,,Nigeria
Oketo,/m/0t8js,,United States
Okhtyrka,/m/089361,,Ukraine
Okinawa,/m/0gp71x,,Japan
Oklahoma City,/m/0fvzg,,United States
Oklee,/m/0wfr_,,United States
Okmulgee,/m/0z8rf,,United States
Okoboji,/m/0sv9d,,United States
Okolona,/m/0wppr,,United States
Okonek,/m/02c312,,Poland
Okoyo,/m/03cz0gl,,Republic of the Congo
Oktyabrsky,/m/07ghmx,,Russia
Ola,/m/0qxwg,,United States
Olaine,/m/098101,,Latvia
Olathe,/m/0t7rw,,United States
Olavarría,/m/0b_y9y,,Argentina
Olba,/m/0h2ckx,,Turkey
Olbernhau,/m/0dxsjc,,Germany
Olbia,/m/04ps6q,,Ukraine
Olbia,/m/0d7c49,,Egypt
Olching,/m/0dkkkf,,Germany
Old Brownsboro Place,/m/0tfzg,,United States
Old Cölln,/m/03y9zg,,Germany
Old Fort,/m/0yhtn,,United States
Old Goa,/m/064r7l1,,India
Old Harbor,/m/0qfwd,,United States
Old Harbour,/m/065yn_z,,Jamaica
Old Kandahar,/m/0j6401p,,Afghanistan
Old Malda,/m/0f5w9k,,India
Old Monroe,/m/0wxc8,,United States
Old River-Winfree,/m/0_zz6,,United States
Old San Juan Historic District,/m/034ns0,,United States
Old Siraf Port,/m/0ngv11z,,Iran
Old Town,/m/0trj3,,United States
Oldenburg,/m/0bjk9,,Germany
Oldenburg in Holstein,/m/02gyym,,Germany
Oldenzaal,/m/0vhh1,,Netherlands
Oldham,/m/0_r20,,United States
Oldmeldrum,/m/08m_2l,,United Kingdom
Olds,/m/0s_c4,,United States
Oldsmar,/m/0rr2g,,United States
Oldtown,/m/0s143,,United States
Olean,/m/01m9zl,,United States
Olecko,/m/02rwk2,,Poland
Oleksandriia,/m/05cr9s,,Ukraine
Oleksandrivsk,/m/0gt52w,,Ukraine
Oleshky,/m/0gt48n,,Ukraine
Olesno,/m/0bzgmr,,Poland
Oleszyce,/m/0c68m1,,Poland
Olevsk,/m/0gt27j,,Ukraine
Oleśnica,/m/04mysf3,,Poland
Oleśnica,/m/0229yb,,Poland
Olfen,/m/07ytbs,,Germany
Olin,/m/0t061,,United States
Olinda,/m/01m4pr,,Brazil
Olisipo,/m/0h64y79,,Portugal
Olisipo,/m/0h64y79,,Kingdom of the Suebi
Olisipo,/m/0h64y79,,Ancient Rome
Olisipo,/m/0h64y79,,Kingdom of Toledo
Olite/Erriberri,/m/08d3p0,,Spain
Olive Branch,/m/0wpzc,,United States
Olive Hill,/m/0tdbn,,United States
Oliver,/m/0ryz2,,United States
Olivet,/m/0v56c,,United States
Olivet,/m/0t996,,United States
Olivette,/m/0x02j,,United States
Olivia,/m/0wgjs,,United States
Olkusz,/m/022brv,,Poland
Ollagüe,/m/02x4tlx,,Chile
Ollantaytambo,/m/04mjb8,,Peru
Ollie,/m/0t0bj,,United States
Olmaliq,/m/04wnv7,,Uzbekistan
Olmitz,/m/0t57q,,United States
Olmos Park,/m/0_y7g,,United States
Olmsted Falls,/m/0yvpc,,United States
Olney,/m/0sg1g,,United States
Olney,/m/010cfg,,United States
Olofström,/m/03zs8y,,Sweden
Olomouc,/m/0fs_8,,Czech Republic
Olongapo,/m/034zj1,,Philippines
Olous,/m/0ddwpb,,Greece
Olpe,/m/0bjl_t,,Germany
Olpe,/m/0t8b6,,United States
Olsberg,/m/0bh6j3,,Germany
Olsburg,/m/0t9mz,,United States
Olsztyn,/m/0c6gt,,Poland
Olsztyn,/m/05c0x08,,Poland
Olsztynek,/m/0gpm7j,,Poland
Olszyna,/m/02plrf6,,Poland
Olten,/m/03xfnp,,Switzerland
Oltenița,/m/024_13,,Romania
Olton,/m/0105f5,,United States
Olyka,/m/04r1yp,,Ukraine
Olympe,/m/07s87jt,,Albania
Olympia,/m/01swlf,,Greece
Olympia,/m/0fw1y,,United States
Olympian Village,/m/0wwsn,,United States
Olympos,/m/023739,,Turkey
Olynthus,/m/023yjt,,Greece
Om Noi,/m/0vpwshg,,Thailand
Omaezaki,/m/04_h9b,,Japan
Omaha,/m/0chrx,,United States
Omaha,/m/0106xt,,United States
Omak,/m/010sk4,,United States
Omaruru,/m/03syv3,,Namibia
Omate,/m/03hg4_l,,Peru
Omdurman,/m/0pk_y,,Sudan
Ome,/m/01wrhn,,Japan
Omeath,/m/081gwg,,Ireland
Omega,/m/0rvg4,,United States
Omer,/m/0v1h1,,United States
Omro,/m/01mp9h,,United States
Omsk,/m/0gxgf,,Russia
Omuthiya,/m/03qkgfs,,Namibia
Onaga,/m/0t9n9,,United States
Onalaska,/m/01mlld,,United States
Onalaska,/m/0107sq,,United States
Onamia,/m/0w78d,,United States
Onawa,/m/0t1m_,,United States
Onaway,/m/0s26l,,United States
Onaway,/m/0vnmk,,United States
Ondangwa,/m/06_65y,,Namibia
Ondjiva,/m/09dldk,,Angola
Ondo,/m/02h1yd,,Nigeria
Oneida,/m/0y1hc,,United States
Oneida,/m/0s9hw,,United States
Oneida,/m/0t919,,United States
Oneonta,/m/02kzv3,,United States
Oneonta,/m/0pqgx,,United States
Onga,/m/02rbxqt,,Hungary
Ongwediva,/m/03y88tq,,Namibia
Oni,/m/044rr1,,Georgia
Onida,/m/0_sb0,,United States
Onitsha,/m/02wq5q,,Nigeria
"Ono, Benjamin",/m/01wv6v,,Israel
Onomichi,/m/01wp4z,,Japan
Onoto,/m/066xs1,,Venezuela
Onseepkans,/m/02vrh13,,South Africa
Onslow,/m/0t06d,,United States
Onsong County,/m/0262dk7,,North Korea
Ontario,/m/0r4nh,,United States
Ontario,/m/0zf50,,United States
Ontario,/m/0z195,,United States
Oost-Cappel,/m/03mgz66,,France
Opa-locka,/m/0rnry,,United States
Opalenica,/m/02847ym,,Poland
Opatija,/m/0ly0w,,Croatia
Opatowiec,/m/04gtry5,,Poland
Opatów,/m/0bzqyl,,Poland
Opatówek,/m/03fft9,,Poland
Opava,/m/01k5qd,,Czech Republic
Opelika,/m/0q8qb,,United States
Opelousas,/m/0tmhh,,United States
Opfikon,/m/0911wk,,Switzerland
Ophryneion,/m/0g9wcpy,,Turkey
Opis,/m/0lq4_,,Iraq
Opladen,/m/0b64gc,,Germany
Oplontis,/m/05b5s2,,Italy
Opoczno,/m/0228st,,Poland
Opole,/m/0jx51,,Poland
Opole Lubelskie,/m/02_14z,,Poland
Opone,/m/09gk_52,,Somalia
Opp,/m/0q697,,United States
Oppelo,/m/0qsgl,,United States
Oppenau,/m/09qxlb,,Germany
Oppenheim,/m/03lkvd,,Germany
Oppidum d'Altimurium,/m/080k0fw,,France
Oppidum d'Ensérune,/m/027fsc6,,France
Oppidum de Nages,/m/0dd9nhl,,France
Oppidum de Roque de Viou,/m/0dddg47,,France
Oppidum of Manching,/m/090_tb,,Germany
Oppidum Üetliberg,/m/0wk2fsk,,Switzerland
Opus,/m/0406zg,,Greece
Opuwo,/m/0cw0g8,,Namibia
Opuzen,/m/09qsx_,,Croatia
Or Akiva,/m/01vt6r,,Israel
Oraba,/m/09v8m50,,Uganda
Oracabessa,/m/09rtwvs,,Jamaica
Oradea,/m/01pt7g,,Romania
Orahovica,/m/0b87mt,,Croatia
Oral,/m/03gwhx,,Kazakhstan
Oran,/m/012gg6,,Algeria
Oran,/m/0w_1w,,United States
Orange,/m/02lm8k,,Australia
Orange,/m/0r2l7,,United States
Orange,/m/0107f0,,United States
Orange Beach,/m/01z3sd0,,United States
Orange City,/m/0rspq,,United States
Orange City,/m/0t39q,,United States
Orange Cove,/m/0qz9b,,United States
Orange Grove,/m/0104t1,,United States
Orangeburg,/m/0_n1p,,United States
Orangeville,/m/010f1t,,United States
Oranienbaum-Wörlitz,/m/0g5qypd,,Germany
Oranienburg,/m/015v2y,,Germany
Oranjemund,/m/03btfc,,Namibia
Oranjestad,/m/026mph,,Aruba
Orapa,/m/05sjsz,,Botswana
Oravița,/m/0gttw,,Romania
Orašje,/m/07flr4,,Bosnia and Herzegovina
Orchard,/m/0t1k7,,United States
Orchard,/m/0101cf,,United States
Orchard Grass Hills,/m/0thm0,,United States
Orchard Lake Village,/m/0vm17,,United States
Orchha,/m/03mbfy,,India
Orchomenus,/m/02pmjd6,,Greece
Ord,/m/0xbgk,,United States
Ordos City,/m/06z55c,,People's Republic of China
Ordu,/m/07jzzx,,Turkey
Ordubad,/m/0h4ytk,,Azerbaijan
Ore City,/m/010b4l,,United States
Oregon,/m/0sf4d,,United States
Oregon,/m/0y_1t,,United States
Oregon,/m/0ww3_,,United States
Oregon City,/m/0k62f,,United States
Orem,/m/0c92k,,United States
Orenburg,/m/02fxjq,,Russia
Oresthasium,/m/0gtw8r_,,Greece
Orešje na Bizeljskem,/m/09v29p4,,Slovenia
Orhei,/m/02nl01,,Moldova
Oricum,/m/03qf0wk,,Albania
Orient,/m/0s71v,,United States
Orient,/m/0sr97,,United States
Oriental,/m/0yjnb,,United States
Oriental University City,/m/027dkyw,,People's Republic of China
Orikhiv,/m/0gt24f,,Ukraine
Orillia,/m/018n0s,,Canada
Orinda,/m/0qytn,,United States
Oriska,/m/0ymvw,,United States
Oriximiná,/m/05h5cn2,,Brazil
Orkanger,/m/09mjhd,,Norway
Orlamünde,/m/0fgc9k,,Germany
Orland,/m/0qzfp,,United States
Orlando,/m/0z7dd,,United States
Orlando,/m/0ply0,,United States
Orleans,/m/0sv9r,,United States
Orlinda,/m/0_wll,,United States
Orlivka,/m/02rrdng,,Ukraine
Orlovka,/m/0bh8082,,Kyrgyzstan
Orlová,/m/0c2sq1,,Czech Republic
Orléans,/m/0k1p8,,France
Ormenio,/m/03c8fbm,,Greece
Ormoc,/m/027v8n,,Philippines
Ormond Beach,/m/0rsq1,,United States
Ormož,/m/061shb,,Slovenia
Ormsby,/m/013fz1,,United States
Ornbau,/m/0fgcbz,,Germany
Orneae,/m/06w7y5y,,Greece
Orneta,/m/0bx8_7,,Poland
Orodara,/m/0b63zy,,Burkina Faso
Orofino,/m/0s1jk,,United States
Orokenda,/m/012npl8d,,Turkey
Orono,/m/0w1d3,,United States
Oronoco,/m/0w9g5,,United States
Oronogo,/m/0wwl3,,United States
Oropos,/m/07s9mcf,,Greece
Oroquieta,/m/06pmyk,,Philippines
Orosháza,/m/05m_yl,,Hungary
Oroslavje,/m/026cs_l,,Croatia
Oroszlány,/m/079b4_,,Hungary
Oroville,/m/0qy7q,,United States
Oroville,/m/010skh,,United States
Orr,/m/0wjtj,,United States
Orraon,/m/07s4v5y,,Greece
Orrick,/m/0wzr6,,United States
Orrum,/m/0yk4q,,United States
Orrville,/m/0z377,,United States
Orsk,/m/05gyjt,,Russia
Ortahisar,/m/0vzs76h,,Turkey
Ortenberg,/m/0fgcjl,,Germany
Orthagoria,/m/07s6zml,,
Orthosias in Phoenicia,/m/047q995,,Lebanon
Orting,/m/010t0q,,United States
Ortonville,/m/013fb7,,United States
Ortrand,/m/0fgcn1,,Germany
Ortíz,/m/04clxm,,Venezuela
Oruro,/m/01ct3s,,Bolivia
Oryahovo,/m/0c1zbm,,Bulgaria
Oryx,/m/04y9v8t,,Greece
Orzesze,/m/09dnt4,,Poland
Orșova,/m/02fgr8,,Romania
Osage,/m/0t1kl,,United States
Osage Beach,/m/01__lf7,,United States
Osage City,/m/0t99k,,United States
Osaka,/m/0dqyw,,Japan
Osaki,/m/0c_psf,,Japan
Osakis,/m/013fmb,,United States
Osan,/m/01xjh3,,South Korea
Osasco,/m/043f70,,Brazil
Osawatomie,/m/0t8qm,,United States
Osborn,/m/013gz7,,United States
Osborne,/m/0t9c_,,United States
Osburn,/m/0s2l9,,United States
Osceola,/m/0qvw_,,United States
Osceola,/m/0x8yj,,United States
Osceola,/m/0st46,,United States
Osceola,/m/0w_ch,,United States
Oschatz,/m/0916_r,,Germany
Oschersleben (Bode),/m/094zjc,,Germany
Osgood,/m/05t5c5,,United States
Osh,/m/04r1h6,,Kyrgyzstan
Oshakati,/m/0c7224,,Namibia
Oshawa,/m/018n1k,,Canada
Oshkosh,/m/01mp9v,,United States
Oshkosh,/m/0x6y1,,United States
Osieczna,/m/0288b2f,,Poland
Osiek,/m/0288mf7,,Poland
Osijek,/m/013517,,Croatia
Osinów Dolny,/m/0f6bp9,,Poland
Oskaloosa,/m/0t7hx,,United States
Oskaloosa,/m/0t152,,United States
Oskemen,/m/02fgkc,,Kazakhstan
Oslo,/m/05l64,,Norway
Oslo,/m/0w627,,United States
Osmaniye,/m/0b3snx,,Turkey
Osmond,/m/0x8sl,,United States
Osnabrock,/m/0ynr1,,United States
Osnabrück,/m/012g0n,,Germany
Osogbo,/m/02ttxq,,Nigeria
Osorno,/m/0cnqbx,,Chile
Osseo,/m/011bwd,,United States
Osseo,/m/0w1dg,,United States
Ossian,/m/0t4k8,,United States
Ossipee,/m/027pj66,,United States
Ostend,/m/0145g9,,Belgium
Oster,/m/0dmr_m,,Ukraine
Osterburg,/m/0d4t2r,,Germany
Osterburken,/m/0fgcpt,,Germany
Osterdock,/m/0stfh,,United States
Osterfeld,/m/0cz1dc,,Germany
Osterhofen,/m/0dwh46,,Germany
Osterholz-Scharmbeck,/m/046qxg,,Germany
Ostermundigen,/m/0frxfl,,Switzerland
Osterode am Harz,/m/04tk69,,Germany
Osterwieck,/m/0cz1lb,,Germany
Ostfildern,/m/0djc8z,,Germany
Ostheim vor der Rhön,/m/05db4n,,Germany
Osthofen,/m/0bp509,,Germany
Ostia,/m/02835zc,,Italy
Ostia,/m/02835zc,,Roman Empire
Ostrakine,/m/0cn_qyt,,Egypt
Ostrander,/m/0v_b1,,United States
Ostrava,/m/02cnsv,,Czech Republic
Ostritz,/m/0fgcwt,,Germany
Ostritz,/m/0fgcwt,,Duchy of Jawor
Ostrogothic Ravenna,/m/0g53xrx,,Ostrogothic Kingdom
Ostroh,/m/03kmvy,,Ukraine
Ostroróg,/m/0288ld5,,Poland
Ostrov,/m/02pj8w7,,Romania
Ostrov,/m/0gfys0,,Czech Republic
Ostrowiec Świętokrzyski,/m/022mjl,,Poland
Ostrołęka,/m/015j3n,,Poland
Ostrzeszów,/m/0c4sbr,,Poland
Ostróda,/m/0229g8,,Poland
Ostrów Lubelski,/m/025wl4z,,Poland
Ostrów Mazowiecka,/m/02297m,,Poland
Ostrów Wielkopolski,/m/022mgp,,Poland
Oswego,/m/01dljr,,United States
Oswego,/m/0t80j,,United States
Otamanivka,/m/07tg3y,,Ukraine
Otaru,/m/01wd_n,,Japan
Otavalo,/m/07grs4,,Ecuador
Otavi,/m/02663x_,,Namibia
Otepää,/m/0bh7wd,,Estonia
Othello,/m/010pmg,,United States
Otho,/m/0t4dt,,United States
Otis,/m/0tbb5,,United States
Otjiwarongo,/m/07grxd,,Namibia
Otmuchów,/m/02pl771,,Poland
Oto,/m/0t4p1,,United States
Otok,/m/0582f6,,Croatia
Otompan,/m/03x_jjq,,Mexico
Otopeni,/m/01q205,,Romania
Otočac,/m/094y06,,Croatia
Otrar,/m/092vcx,,Kazakhstan
Otrokovice,/m/0c4q8v,,Czech Republic
Otsego,/m/01_zn4s,,United States
Otsego,/m/0v0yh,,United States
Otsu,/m/0gp5hv,,Japan
Ottange,/m/03qf30p,,France
Ottawa,/m/05ksh,,Canada
Ottawa,/m/0s9r2,,United States
Ottawa,/m/0t6th,,United States
Otterberg,/m/063th7,,Germany
Otterndorf,/m/0b0zfg,,Germany
Ottertail,/m/0wbyb,,United States
Otterville,/m/0wv1j,,United States
Ottignies-Louvain-la-Neuve,/m/017qst,,Belgium
Ottosen,/m/0s_jn,,United States
Ottumwa,/m/0t3y_,,United States
Ottweiler,/m/0c09xx,,Germany
Otuzco,/m/02rvz9f,,Peru
Otwock,/m/022b3b,,Poland
Otyń,/m/025z9wp,,Poland
Ou Chrov District,/m/02w3wjf,,Cambodia
Ouagadougou,/m/0fjw9,,Burkina Faso
Ouahigouya,/m/04xz90,,Burkina Faso
Ouanaminthe,/m/02w_pf1,,Haiti
Ouanary,/m/09k6f8,,France
Ouargla,/m/0b95xn,,Algeria
Ouazzane,/m/02sv3w,,Morocco
Oudenaarde,/m/0149sw,,Belgium
Oudenburg,/m/0145gs,,Belgium
Oudeschans,/m/0wjg7__,,Netherlands
Oued Laou,/m/02693cv,,Morocco
Oued Zem,/m/09rsf9v,,Morocco
Ouidah,/m/050psn,,Benin
Oujda,/m/023tz4,,Morocco
Oulad Teima,/m/0b6dmrm,,Morocco
Ould Yenge,/m/05p9qx0,,Mauritania
Oulu,/m/01dnlr,,Finland
Oum Ali,/m/0fqqgfl,,Algeria
Oum El Bouaghi,/m/03gyc9n,,Algeria
Oum Hadjer,/m/047rn2y,,Chad
Oumé,/m/0cbmdg,,Ivory Coast
Ouray,/m/0rc94,,United States
Ourinhos,/m/043f8v,,Brazil
Ouro Sogui,/m/05g44f,,Senegal
Outapi,/m/025_2sc,,Namibia
Outjo,/m/0cjzcs,,Namibia
Ouzinkie,/m/0qfwr,,United States
Ouésso,/m/0602tw,,Republic of the Congo
Ovacık,/m/02pkp3g,,Turkey
Ovalle,/m/046yjn,,Chile
Overath,/m/06grxc,,Germany
Overbrook,/m/0t99x,,United States
Overland,/m/0x02w,,United States
Overland Park,/m/0t7s7,,United States
Overly,/m/06zp4rk,,United States
Overton,/m/013n7h,,United States
Ovidiu,/m/02dm23,,Romania
Oviedo,/m/0rs3g,,United States
Ovilla,/m/013mdh,,United States
Ovruch,/m/08dvg9,,Ukraine
Owasa,/m/0s_4m,,United States
Owasso,/m/013kg0,,United States
Owatonna,/m/0wkrf,,United States
Owen,/m/01108v,,United States
Owen,/m/0fgd9z,,Germany
Owen Sound,/m/018n2f,,Canada
Owensboro,/m/0pqz3,,United States
Owensmouth,/m/0114m6mv,,United States
Owensville,/m/0wvmt,,United States
Owenton,/m/0thp2,,United States
Owerri,/m/03r77q,,Nigeria
Owingsville,/m/0tcnr,,United States
Owo,/m/06pg11,,Nigeria
Owosso,/m/0vq00,,United States
Oxbow,/m/02048y5,,United States
Oxford,/m/05l5n,,United Kingdom
Oxford,/m/0ygm4,,United States
Oxford,/m/0q4cd,,United States
Oxford,/m/0qtth,,United States
Oxford,/m/0yt8v,,United States
Oxford,/m/0tc22,,United States
Oxford,/m/0s1p0,,United States
Oxford,/m/0t028,,United States
Oxford,/m/0wqqc,,United States
Oxford,/m/0ryg5,,United States
Oxford Junction,/m/0t06r,,United States
Oxnard,/m/0r89d,,United States
Oxyrhynchus,/m/0dqhrj,,Egypt
Oyama,/m/0gp5z0,,Japan
Oyem,/m/05xnbs,,Gabon
Oyens,/m/0t289,,United States
Oyskhara,/m/0j42y64,,Russia
Oyster Creek,/m/0_yr3,,United States
Ozalj,/m/0dvx7g,,Croatia
Ozamiz,/m/06pmyy,,Philippines
Ozan,/m/0qtj4,,United States
Ozark,/m/0q6s4,,United States
Ozark,/m/0qt5f,,United States
Ozark,/m/0wtng,,United States
Ozawkie,/m/0t7j8,,United States
Ozimek,/m/0287pmn,,Poland
Ozorków,/m/022mwn,,Poland
Ozurgeti,/m/04gjff,,Georgia
Oława,/m/0229yq,,Poland
Ośno Lubuskie,/m/0288t6s,,Poland
Oświęcim,/m/021p2p,,Poland
Ożarów,/m/0bgk1l,,Poland
Ożarów Mazowiecki,/m/0dmcj8,,Poland
Oțelu Roșu,/m/0gttj,,Romania
Paamiut,/m/0b4zkd,,Kingdom of Denmark
Paarl,/m/029x_y,,South Africa
Pabianice,/m/022mvv,,Poland
Pabna,/m/07c69r,,Bangladesh
Pabradė,/m/0g3h0q,,Lithuania
Pacanów,/m/03m4fbb,,Poland
Pacaraima,/m/026cf75,,Brazil
Pacasmayo,/m/0jt5cvy,,Peru
Pacific,/m/013g__,,United States
Pacific,/m/013nqp,,United States
Pacific Grove,/m/01zkmtz,,United States
Pacific Junction,/m/0t1hj,,United States
Pacifica,/m/0r5w2,,United States
Packwood,/m/0s__t,,United States
Pacov,/m/096p1_,,Czech Republic
Pacsa,/m/02r5xrf,,Hungary
Pactya,/m/07s3qzv,,Turkey
Paczków,/m/0287pr2,,Poland
Padang,/m/04gv5c,,Indonesia
Padang Aro,/m/0jkvqzg,,Indonesia
Padang Besar,/m/06hmv4,,Malaysia
Padang Besar,/m/03nxpdy,,Thailand
Padang Panjang,/m/081zc6,,Indonesia
Padangsidimpuan,/m/0b8t85,,Indonesia
Paden City,/m/013nv9,,United States
Paderborn,/m/01gn7v,,Germany
Padilla,/m/0ddhs58,,Bolivia
Padrauna,/m/0f5wvz,,India
Padre Las Casas,/m/0cnzk_v,,Chile
Padua,/m/0d99m,,Italy
Paducah,/m/0th3k,,United States
Padyandus,/m/04f_fhp,,Turkey
Paestum,/m/040_h5,,Italy
Pag,/m/01rv_z,,Croatia
Pagadian,/m/05n_j6,,Philippines
Pagae,/m/09z2g0,,Greece
Pagar Alam,/m/02775m2,,Indonesia
Pagasae,/m/02j2wm,,Greece
Page,/m/0qn_y,,United States
Page,/m/0ynkw,,United States
Pagedale,/m/0x036,,United States
Pago Pago,/m/0dj42f5,,United States
Pago Pago,/m/0fw5t,,United States
Pahokee,/m/0rqdq,,United States
Paiania,/m/02jsm1,,Greece
Paide,/m/0b7ml3,,Estonia
Paidha,/m/06zqf37,,Uganda
Pailin Municipality,/m/04gjn3t,,Cambodia
Paillaco,/m/02qfjlc,,Chile
Pailón,/m/0b6jpwh,,Bolivia
Paine,/m/02rjc5p,,Chile
Painesville,/m/0yzcn,,United States
Paintsville,/m/0tgc6,,United States
Paion,/m/07sbbqh,,Turkey
Paishiyauvada,/m/0b0cb7,,
Paisley,/m/01vc3y,,United Kingdom
Paisley,/m/0zdp0,,United States
Paita,/m/06hmvh,,Peru
Paju,/m/03v6r8,,South Korea
Pajęczno,/m/0c3fbd,,Poland
Pak Kret,/m/0j44l46,,Thailand
Pakenham,/m/02wbqq,,Australia
Pakość,/m/02plx88,,Poland
Pakpattan,/m/0cdrf3,,Pakistan
Pakrac,/m/09lpr5,,Croatia
Pakruojis,/m/02s_my,,Lithuania
Paks,/m/05_rn9,,Hungary
Pakuan Pajajaran,/m/03m6krl,,Indonesia
Pakuan Pajajaran,/m/03m6krl,,Sunda Kingdom
Pakwach,/m/0f4cxj,,Uganda
Pakxan,/m/0ds8q2p,,Laos
Pala,/m/07wkkl,,Chad
Palabuhanratu,/m/02vnyq_,,Indonesia
Palace of Caserta,/m/03fhjg,,Italy
Palace of Monza,/m/06w7r9t,,Italy
Palacios,/m/01063g,,United States
Palaio Faliro,/m/059q4y,,Greece
Palakkad,/m/0b2x1n,,India
Palangka Raya,/m/07gv00,,Indonesia
Palanpur,/m/06r9g7,,India
Palapye,/m/03w73g,,Botswana
Palatka,/m/0rrnh,,United States
Palayan,/m/06sg11,,Philippines
Palco,/m/0tb6p,,United States
Paldi,/m/0dcy2x,,India
Paldiski,/m/078q5g,,Estonia
Pale,/m/07s5d64,,Greece
Palembang,/m/01c_92,,Indonesia
"Paleopolis, Lydia",/m/0d_gw5,,Turkey
Palermo,/m/09pxc,,Italy
Palermo,/m/0yq03,,United States
Palestine,/m/060y27,,Ecuador
Palestine,/m/0qx9h,,United States
Palestine,/m/0_xhv,,United States
Palhoça,/m/04qmnq,,Brazil
Pali,/m/0796zy,,India
Palikir,/m/0pcqz,,Federated States of Micronesia
Palisade,/m/0vshq,,United States
Palić,/m/07y7lx,,Serbia
Palm Bay,/m/0rhrg,,United States
Palm Beach Gardens,/m/0rqfd,,United States
Palm Coast,/m/01_0fw6,,United States
Palm Desert,/m/0r3tb,,United States
Palm Springs,/m/0r3tq,,United States
Palm Valley,/m/0_zk0,,United States
Palma,/m/0jwz5,,Spain
Palma,/m/09xgm5,,Mozambique
Palma Soriano,/m/0b57s0,,Cuba
Palmas,/m/07nppz,,Brazil
Palmdale,/m/0r0r4,,United States
Palmer,/m/01z1_lp,,United States
Palmer,/m/0t2bq,,United States
Palmer,/m/0tccc,,United States
Palmer,/m/01m7wx,,United States
Palmerston,/m/01q4tc,,Australia
Palmerston North,/m/01tm2s,,New Zealand
Palmetto,/m/0rvmp,,United States
Palmetto,/m/0rmyv,,United States
Palmhurst,/m/0103mg,,United States
Palmilla,/m/03mcq1z,,Chile
Palmira,/m/03c8zqw,,Cuba
Palmview,/m/0103mt,,United States
Palmyra,/m/059j7d,,Syria
Palmyra,/m/0wxq8,,United States
Palo,/m/0t0rp,,United States
Palo Alto,/m/0f04c,,United States
Palopo,/m/02q4fys,,Indonesia
Palos Blancos,/m/09ggnhd,,Bolivia
Palos Heights,/m/0s5f5,,United States
Palos Hills,/m/0s5fj,,United States
Palos Verdes Estates,/m/0r0rk,,United States
Palos de la Frontera,/m/03185y,,Spain
Palouse,/m/010vzl,,United States
Palpalá,/m/0bwfrqf,,Argentina
Palu,/m/0512n6,,Indonesia
Pampa,/m/0101vy,,United States
Pampas,/m/05f6x8s,,Peru
Pampatar,/m/0c6j35,,Venezuela
Pan de Azúcar,/m/09rsyw,,Uruguay
Pana,/m/0s41d,,United States
Panabo,/m/06005k,,Philippines
Panajachel,/m/04slb3,,Guatemala
Panaji,/m/01rjt4,,India
Panama,/m/0t34w,,United States
Panama City,/m/0fr_b,,Panama
Panama City,/m/0rhft,,United States
Panama City Beach,/m/0rhg5,,United States
Panauti,/m/0fm5_5,,Nepal
Panchi Poyin,/m/07s423m,,Tajikistan
Panchor,/m/0cw36g,,Malaysia
Panciu,/m/04mmqt,,Romania
Pandamatenga,/m/03gqq94,,Botswana
Pando,/m/0gmgt7p,,Uruguay
Pandosia,/m/0gnt9f,,Italy
Pandosia,/m/0gnt9f,,Heraclea Lucania
Pandosia,/m/09ghz4,,Greece
Pandosia,/m/0gnt1g,,Italy
Pandėlys,/m/0gg7k0,,Lithuania
Panevėžys,/m/05vy30,,Lithuania
Pangani,/m/04lclwz,,Tanzania
Pangburn,/m/0qxq8,,United States
Pangkal Pinang,/m/05sn5h,,Indonesia
Pangkalan Kerinci,/m/0k2hkhw,,Indonesia
Pangkalanbun,/m/0z6qpwh,,Indonesia
Pangkham,/m/05mzqv6,,Myanmar
Panguipulli,/m/026_8t6,,Chile
Panguitch,/m/010f4w,,United States
Panguna,/m/07hhjm,,Papua New Guinea
Panhala,/m/01_lfy,,India
Panihati,/m/07hhk9,,India
Panipat,/m/042dht,,India
Panjakent,/m/034vzm,,Tajikistan
Panjin,/m/06ffl3,,People's Republic of China
Panmunjom,/m/01sb_l,,North Korea
Panmunjom,/m/01sb_l,,South Korea
Panna,/m/0401d9,,India
Pannonhalma,/m/081nk7,,Hungary
Pano Zodeia,/m/047mjn0,,Cyprus
Pano Zodeia,/m/047mjn0,,Northern Cyprus
Panopeus,/m/04gjnzz,,Greece
Panora,/m/0szxb,,United States
Panorama Park,/m/0t31f,,United States
Panorama Village,/m/0106qm,,United States
Panormos,/m/07s8vz7,,Albania
Pantego,/m/0yd6h,,United States
Pantelimon,/m/06zt7c,,Romania
Panticapaeum,/m/02t_2d,,Ukraine
Panvel,/m/05vx_x,,India
Panzhihua,/m/07jm55,,People's Republic of China
Pančevo,/m/01g12z,,Serbia
Paola,/m/0t8qz,,United States
Papaichton,/m/027m1mz,,France
Papara,/m/05p2dxt,,Ivory Coast
Papeete,/m/02gl8f,,France
Papenburg,/m/08cc93,,Germany
Paphos,/m/02tyg0,,Cyprus
Paphos Archaeological Park,/m/0j1ftcr,,Cyprus
Papillion,/m/0x9ch,,United States
Paracas,/m/0pdcl5v,,Peru
Parachinar,/m/0634dv,,Pakistan
Paradero,/m/0b6j_60,,Bolivia
Paradise,/m/010cb0,,United States
Paradise,/m/0tbdy,,United States
Paragould,/m/0qtfq,,United States
Paramaribo,/m/0fr_v,,Suriname
Paramount,/m/0r0rz,,United States
Paranaguá,/m/04x25n,,Brazil
Paranhos,/m/027d2x7,,Brazil
Paraná,/m/036ykv,,Argentina
Parauapebas,/m/09rvwc6,,Brazil
Paraíso,/m/05p4hp9,,Mexico
Paraíso,/m/04413t,,Brazil
Parchim,/m/04qsl5,,Germany
Parchment,/m/0v9b2,,United States
Parczew,/m/022hm9,,Poland
Pardes Hanna-Karkur,/m/0bsyyp,,Israel
Pardes Hanna-Karkur,/m/0bsyyp,,Mandatory Palestine
Pardubice,/m/0ch54,,Czech Republic
Parepare,/m/08flzz,,Indonesia
Pariaman,/m/0djpd4,,Indonesia
Parika,/m/07ltt1,,Guyana
Parintins,/m/078lsb,,Brazil
Paris,/m/05qtj,PAR,France
Paris,/m/0qvgh,,United States
Paris,/m/0s6mr,,United States
Paris,/m/0_vhs,,United States
Paris,/m/0gfgglz,,United States
Paris,/m/0wy0z,,United States
Paris,/m/0s0w4,,United States
Paris,/m/0tcsk,,United States
Parit Malintang,/m/0jkw8wv,,Indonesia
Park,/m/0t6z9,,United States
Park City,/m/0sb6l,,United States
Park City,/m/013ndv,,United States
Park City,/m/0tcnd,,United States
Park City,/m/0tbpk,,United States
Park Falls,/m/011879,,United States
Park Hills,/m/0w_gy,,United States
Park Hills,/m/0tgjs,,United States
Park Rapids,/m/0xdkm,,United States
Park Ridge,/m/0s5gk,,United States
Park River,/m/02048zz,,United States
Parkdale,/m/0qrf7,,United States
Parker,/m/0r9m4,,United States
Parker,/m/0zjr4,,United States
Parker,/m/0s1rf,,United States
Parker,/m/0__c9,,United States
Parker,/m/0_sjx,,United States
Parker,/m/0rhgj,,United States
Parker,/m/0t861,,United States
Parkerfield,/m/02x77sp,,United States
Parkers Crossroads,/m/0_vgd,,United States
Parkers Prairie,/m/0wc0b,,United States
Parkersburg,/m/010z5n,,United States
Parkersburg,/m/0ssbn,,United States
Parkerville,/m/0t8yv,,United States
Parkin,/m/0qsvr,,United States
Parkland,/m/0rjdg,,United States
Parkston,/m/0_qw4,,United States
Parksville,/m/02bmfv,,Canada
Parkton,/m/0yk5k,,United States
Parkville,/m/0wz9g,,United States
Parkway Village,/m/0tfzt,,United States
Parli,/m/02r2vnq,,India
"Parliamentary Triangle, Canberra",/m/06n86m,,Australia
Parlier,/m/0qz9q,,United States
Parma,/m/061k5,,Italy
Parma,/m/0wy9y,,United States
Parma,/m/0yvq1,,United States
Parma,/m/0s1d2,,United States
Parma Heights,/m/0yvqd,,United States
Parmele,/m/0yhs8,,United States
Parnamirim,/m/0f6zr5,,Brazil
Parnaíba,/m/07hmn3,,Brazil
Parnell,/m/0wyn1,,United States
Parnell,/m/0s_p3,,United States
Paro,/m/047vntd,,Bhutan
Paroria,/m/0j242hc,,Greece
Parowan,/m/010f85,,United States
"Parque San Martín, Buenos Aires Province",/m/02q7zhg,,Argentina
Parque del Plata,/m/0gvtrlx,,Uruguay
Parral,/m/03dlt9,,Chile
Parsberg,/m/0fgdmd,,Germany
Parshall,/m/0yq0g,,United States
Parsons,/m/0_tj1,,United States
Parsons,/m/010yyd,,United States
Parsons,/m/0t80w,,United States
Parthicopolis,/m/04gr_jw,,Thrace
Parthus,/m/07s3_b9,,Albania
Partille,/m/011l2lnx,,Sweden
Partridge,/m/0t9xn,,United States
Paruro,/m/047t5g9,,Peru
Pasadena,/m/0mzww,,United States
Pasadena,/m/0102n_,,United States
Pasadena Hills,/m/0x03k,,United States
Pasaje,/m/0ck871,,Ecuador
Pasargadae,/m/032nvf,,Iran
Pasay,/m/01_984,,Philippines
Pascagoula,/m/0xgjy,,United States
Pasco,/m/010qh8,,United States
Paseo Reforma,/m/04cv_gp,,Mexico
Pasewalk,/m/07hn1f,,Germany
Pashan,/m/0285w5b,,India
Pasig,/m/01_9dh,,Philippines
Pasir Gudang,/m/04gj_r,,Malaysia
"Pasjak, Matulji",/m/0crdmy3,,Croatia
Pasni,/m/09hxzz,,Pakistan
Paso Canoas,/m/0zwk7v3,,Costa Rica
Paso Canoas,/m/0zwk7v3,,Panama
Paso Carrasco,/m/0gysc9t,,Uruguay
Paso Robles,/m/029qw4,,United States
Paso de los Libres,/m/08dsh5,,Argentina
Paso de los Toros,/m/0264t01,,Uruguay
Pasrur,/m/09wn93,,Pakistan
Pass Christian,/m/0wq50,,United States
Passaic,/m/0xrz2,,United States
Passaron,/m/07s70zh,,Greece
Passau,/m/01h5td,,Germany
Passi,/m/06qw2c,,Philippines
Passo Fundo,/m/07699f,,Brazil
Passos,/m/07hnsq,,Brazil
Pasto,/m/03j31b,,Colombia
Pasuruan,/m/07hp62,,Indonesia
Pasvalys,/m/0b8486,,Lithuania
Pasym,/m/0c2rym,,Poland
Pasłęk,/m/0dmtzg,,Poland
Patacamaya,/m/064nj8n,,Bolivia
Pataliputra,/m/04lcnfy,,India
Patan,/m/04r24x,,India
Patara,/m/03fg4v,,Turkey
Patara,/m/03fg4v,,Byzantine Empire
Patara,/m/03fg4v,,Lycia
Patara,/m/03fg4v,,Macedonia
Patara,/m/03fg4v,,Seleucid Empire
Patara,/m/03fg4v,,Ancient Rome
Patara,/m/03fg4v,,Ptolemaic Kingdom
Patara,/m/03fg4v,,Rhodes
Patara,/m/0d7h1l,,Turkey
Pataskala,/m/0yzpq,,United States
Patate,/m/07s3qnb,,Ecuador
Pateros,/m/010skv,,United States
Paterson,/m/0xrzh,,United States
Pathankot,/m/08l_8z,,India
Pathein,/m/04xnmv,,Myanmar
Patiala,/m/018g83,,India
Pativilca,/m/03y04zf,,Peru
Patna,/m/027wvb,,India
Patnos,/m/0bjd1k,,Turkey
Pato Bragado,/m/09rsrlz,,Brazil
Paton,/m/0szqh,,United States
Patos,/m/047tvc,,Albania
Patos,/m/09rt_dp,,Brazil
Patos de Minas,/m/07rrhh,,Brazil
Patras,/m/02dflv,,Greece
Patreksfjörður,/m/04f2qgd,,Iceland
Pattaya,/m/034_qm,,Thailand
Pattensen,/m/0cmgvt,,Germany
Patterson,/m/0tmpd,,United States
Patterson,/m/0r7h0,,United States
Patterson,/m/0t11_,,United States
Patterson,/m/0ryns,,United States
Patterson Springs,/m/0yfht,,United States
Pattison,/m/010bgz,,United States
Pattoki,/m/02qdvzn,,Pakistan
Patton Village,/m/0106qz,,United States
Pattonsburg,/m/0wv8d,,United States
Pau,/m/0qb0_,,France
Paucartambo,/m/047n6wv,,Peru
Paul,/m/0s2df,,United States
Paulista,/m/01m4q4,,Brazil
Paullina,/m/0t1xm,,United States
Paulo Afonso,/m/0fd46f,,Brazil
Pauls Valley,/m/0z5_h,,United States
Pausa,/m/047s72h,,Peru
Pausa-Mühltroff,/m/0r8k4fj,,Germany
Pavlodar,/m/05d8f8,,Kazakhstan
Pavlohrad,/m/0b59h4,,Ukraine
Pavlopetri,/m/063_6_m,,Greece
Pavo,/m/0rtbt,,United States
Pavón,/m/057hftv,,Argentina
Pawhuska,/m/0z8wk,,United States
Pawnee,/m/0z949,,United States
Pawnee City,/m/0x8lz,,United States
Pawnee Rock,/m/0t581,,United States
Pawtucket,/m/0_j_z,,United States
Pax Julia,/m/0h98b3_,,Portugal
Pax Julia,/m/0h98b3_,,Ancient Rome
Paxico,/m/0tc7l,,United States
Paxton,/m/0s6yq,,United States
Payakumbuh,/m/04rjnw,,Indonesia
Payas,/m/0c3x1v2,,Turkey
Payathonsu,/m/03hjxf_,,Myanmar
Payerne,/m/05lym9,,Switzerland
Payette,/m/0s2j7,,United States
Paynesville,/m/0xfy4,,United States
Payson,/m/010gvf,,United States
Paytakaran city,/m/0g566l7,,Kingdom of Armenia
Pazin,/m/02n181,,Croatia
Paço do Lumiar,/m/09rtv1b,,Brazil
Pea Ridge,/m/0qrq_,,United States
Peabody,/m/0tz4t,,United States
Peabody,/m/0t8g0,,United States
Peach Orchard,/m/0qs79,,United States
Peachland,/m/0yc_y,,United States
Peachtree City,/m/0rwdx,,United States
Peachtree Corners,/m/0dm95d,,United States
Pearl,/m/0wrjm,,United States
Pearland,/m/013lz5,,United States
Pearsall,/m/0101kz,,United States
Pearson,/m/0rsyn,,United States
Pease,/m/0w79f,,United States
Pecan Gap,/m/013mg7,,United States
Pecan Hill,/m/0100x7,,United States
Pech Maho,/m/0bs3jj5,,France
Pechory,/m/090ql_,,Russia
Pecica,/m/08vkm6,,Romania
Peck,/m/0s2ft,,United States
Pecos,/m/01081j,,United States
Peculiar,/m/0wtdx,,United States
Pedernales,/m/0czqp0,,Venezuela
Pedernales,/m/09_msc,,Dominican Republic
Pednelissus,/m/0cn7r5,,Turkey
Pedra Badejo,/m/03gq5jc,,Cape Verde
Pedras Altas,/m/03whst1,,Brazil
Pedro Carbo,/m/060_th,,Ecuador
Pedro Juan Caballero,/m/040xfn,,Paraguay
Pedum,/m/0123lv4k,,Italy
Peebles,/m/022ym3,,United Kingdom
Peekskill,/m/0yc9m,,United States
Peer,/m/055ql2,,Belgium
Pefki,/m/05nsmj,,Greece
Pegau,/m/088gxq,,Germany
Pegnitz,/m/06hk7p,,Germany
Pehuajó,/m/06_1m5,,Argentina
Peine,/m/04zys2,,Germany
Peitz,/m/0fgqlw,,Germany
Peja,/m/01psjj,,Serbia
Peja,/m/01psjj,,Kosovo
Pekalongan,/m/07mbdf,,Indonesia
Pekan,/m/04gfrh,,Malaysia
Pekanbaru,/m/03bcrp,,Indonesia
Pekin,/m/0sf9m,,United States
Pekin,/m/0yq3k,,United States
Pelabuhan Belawan,/m/0d62lz,,Indonesia
Pelasgian Argos,/m/09g8bc0,,Greece
Pelendava,/m/0gfhkcp,,Romania
Peletier,/m/0yf4c,,United States
Pelham,/m/01z3t2b,,United States
Pelham,/m/0ry6w,,United States
Pelhřimov,/m/0843s_,,Czech Republic
Pelican,/m/0qh4f,,United States
Pelican Bay,/m/0109gq,,United States
Pelican Rapids,/m/0wc3p,,United States
Pelileo,/m/09_fwg,,Ecuador
Pelince,/m/04gjpp_,,North Macedonia
Pelinna,/m/07kcxk9,,Greece
Pell City,/m/0qbvz,,United States
Pella,/m/03ytg1,,Jordan
Pella,/m/0d9rrk,,Greece
Pella,/m/04gvrp8,,Burkina Faso
Pella,/m/0t185,,United States
Pellegrini,/m/03m6522,,Argentina
Pellene,/m/0glpgt7,,Greece
Pello,/m/05mrjrp,,Sweden
Pelotas,/m/032th3,,Brazil
Pelplin,/m/0c2pny,,Poland
Pelusium,/m/03wwqt,,Egypt
Pematangsiantar,/m/08v0vm,,Indonesia
Pemba,/m/05qrz5,,Mozambique
Pemberton,/m/0vvk3,,United States
Pembina,/m/0yq7p,,United States
Pembroke,/m/018njr,,Canada
Pembroke,/m/0yk6r,,United States
Pembroke,/m/0tdf2,,United States
Pembroke,/m/0rtcj,,United States
Pembroke Pines,/m/0rjf5,,United States
Pemuco,/m/04y9ws7,,Chile
Penalosa,/m/0t7xd,,United States
Penco,/m/0gh73y,,Chile
Pendleton,/m/0zf_d,,United States
Pengkalan Hulu,/m/0f3xpz,,Malaysia
Pengkalan Kubur,/m/0f3r9z,,Malaysia
Penicuik,/m/05kdp2,,United Kingdom
Penig,/m/0fgqml,,Germany
Penkun,/m/0fgqnn,,Germany
Pennock,/m/0w3lg,,United States
Pennsboro,/m/010ytz,,United States
Penonomé,/m/05k_ps,,Panama
Penrith,/m/01zx8v,,Australia
Pensacola,/m/0rkkv,,United States
Penticton,/m/01wq0g,,Canada
Penza,/m/02h9pc,,Russia
Penzberg,/m/049tff,,Germany
Penzlin,/m/0fgqpr,,Germany
Peoria,/m/0sf9_,,United States
Peoria,/m/0qpph,,United States
Peosta,/m/0sz5l,,United States
Pepper Pike,/m/0yvqr,,United States
Pepuza,/m/05cpv5,,Turkey
Peqin,/m/0g8zpk,,Albania
Pequot Lakes,/m/0vyss,,United States
Perburidava,/m/0gfh4h0,,Bulgaria
Percote,/m/09mzcp,,Turkey
Perechyn,/m/0gt220,,Ukraine
Pereiaslav,/m/03slx8,,Ukraine
Pereira,/m/05j_kd,,Colombia
Peremyshliany,/m/0gt547,,Ukraine
Pereshchepyne,/m/0gtpqh,,Ukraine
Perevalsk,/m/0gt3ms,,Ukraine
Pereyaslavets,/m/04c0v5,,Romania
Pergamino,/m/071n53,,Argentina
Pergamon,/m/05tcm,,Turkey
"Pergamos, Cyprus",/m/03wbfnx,,Northern Cyprus
Perge,/m/0j3lq,,Turkey
Perham,/m/0wc4s,,United States
Perico,/m/03c8xnp,,Cuba
Perico,/m/0bwjk3r,,Argentina
Peristeri,/m/0311wx,,Greece
Perito Moreno,/m/07khf05,,Argentina
Perkins,/m/0z971,,United States
Perl,/m/0b_txd,,Germany
Perleberg,/m/04ljtg,,Germany
Perley,/m/0w95y,,United States
Perm,/m/022j97,,Russia
Perperene,/m/0gg93nd,,Turkey
Perperikon,/m/07k3ff,,Bulgaria
Perpignan,/m/09nkq,,France
Perris,/m/0r3vj,,United States
Perry,/m/0stwm,,United States
Perry,/m/010d7g,,United States
Perry,/m/0rxcb,,United States
Perry,/m/0wzlr,,United States
Perry,/m/0rshd,,United States
Perry,/m/0t7jm,,United States
Perry,/m/0vq0q,,United States
Perry,/m/0z898,,United States
Perrysburg,/m/0z3l9,,United States
Perryton,/m/0107cn,,United States
Perrytown,/m/0qtjv,,United States
Perryville,/m/0qw7c,,United States
Perryville,/m/0tcvc,,United States
Perryville,/m/0wy_s,,United States
Perseis,/m/03h5933,,
Persepolis,/m/0mx8g,,Iran
Persia,/m/0s_8r,,United States
Perth,/m/062qg,,Australia
Perth,/m/0g133,,United Kingdom
Perth,/m/0yrtb,,United States
Perth Amboy,/m/0xpq9,,United States
Peru,/m/0sntl,,United States
Peru,/m/0s9rf,,United States
Peru,/m/0t5px,,United States
Peru,/m/0x8cp,,United States
Perugia,/m/0dly0,,Italy
Pervomaisk,/m/0gt2w5,,Ukraine
Pervouralsk,/m/08cggv,,Russia
Pescara,/m/03f2hc,,Italy
Peshawar,/m/0hj6h,,Pakistan
Peshtigo,/m/01xpc6,,United States
Petah Tikva,/m/01crlm,,Israel
Petal,/m/0wpzq,,United States
Petaling Jaya,/m/03dqts,,Malaysia
Petaluma,/m/0r771,,United States
Petelia,/m/0c6_0q,,Italy
Peterborough,/m/05zhg,,United Kingdom
Peterborough,/m/01glqw,,Canada
Peterhead,/m/09vmyv,,United Kingdom
Petersburg,/m/0mn9x,,United States
Petersburg,/m/01z1_zb,,United States
Petersburg,/m/0sdhf,,United States
Petersburg,/m/01026c,,United States
Petersburg,/m/0spbx,,United States
Petersburg,/m/0yq3x,,United States
Petersburg,/m/010wpt,,United States
Petersburg,/m/0vf2t,,United States
Petershagen,/m/0bjj36,,Germany
Peterson,/m/0st6m,,United States
Peterson,/m/0v_bd,,United States
Petinesca,/m/080j59p,,Switzerland
Petit-Goâve,/m/0ckptk,,Haiti
Petite-Rosselle,/m/0f5rb7,,France
Petoskey,/m/0v5h1,,United States
Petra,/m/0c7zy,,Jordan
Petrapole,/m/0bj22n,,India
Petrich,/m/03hr20,,Bulgaria
Petrila,/m/04nts6,,Romania
Petrina,/m/0bhb5_s,,Slovenia
Petrinja,/m/09k738,,Croatia
Petrolia,/m/0__3q,,United States
Petrolina,/m/08fpjw,,Brazil
Petronia City,/m/0_qcsq6,,Ghana
Petronila,/m/010797,,United States
Petropavl,/m/0151tb,,Kazakhstan
Petrova Niva,/m/05zq895,,Bulgaria
Petrovo-Krasnosillia,/m/0gtqv7,,Ukraine
Petrozavodsk,/m/01shnm,,Russia
Petroșani,/m/045b6j,,Romania
Petrópolis,/m/02j9pq,,Brazil
Petržalka,/m/03vg9p,,Slovakia
Petržalka,/m/03vg9p,,Kingdom of Hungary
Pettibone,/m/0yp8p,,United States
Pettigo,/m/0802_7,,Ireland
Pettigo,/m/0802_7,,United Kingdom
Petuaria,/m/03cp77b,,United Kingdom
Peumo,/m/04y9_yn,,Chile
Pevely,/m/0wwtb,,United States
Pewaukee,/m/01mp1h,,United States
Pewee Valley,/m/0thmq,,United States
Peñaflor,/m/0cmc39_,,Chile
Peñitas,/m/0103nh,,United States
Pełczyce,/m/027_7zp,,Poland
Pfaffenhofen an der Ilm,/m/04vj22,,Germany
Pfarrkirchen,/m/08rm6y,,Germany
Pflugerville,/m/013nb7,,United States
Pforzheim,/m/02nzyr,,Germany
Pfreimd,/m/0fgqs6,,Germany
Pfullendorf,/m/07p84s,,Germany
Pfullingen,/m/0dmmr9,,Germany
Pfungstadt,/m/04hn46,,Germany
Pfäffikon,/m/0d2y0g,,Switzerland
Phaestus,/m/05bzxjl,,Greece
Phagres,/m/07s644j,,Greece
Phagwara,/m/0bgjd9,,India
Phaistos,/m/01rfmj,,Greece
Phalasarna,/m/0fvz6k,,Greece
Phalombe,/m/08bt5j,,Malawi
Phan Thiết,/m/06kc89,,Vietnam
Phanoteia,/m/07s9dr6,,Greece
Pharae,/m/0gmgv8y,,Greece
Pharr,/m/0103nv,,United States
Phaselis,/m/05xrc1,,Turkey
Phasis,/m/0415v3_,,Georgia
Pheia,/m/04lg78_,,Greece
Phellus,/m/0b73xgc,,Turkey
Phenix City,/m/0q8qq,,United States
Pherae,/m/037v9p,,Greece
Phigalia,/m/0b64k6,,Greece
Phil Campbell,/m/0q7bf,,United States
Phila,/m/06zs_mh,,Greece
Philadelphia,/m/0dclg,,United States
Philadelphia,/m/0wr45,,United States
Philadelphia,/m/0_vv7,,United States
Philip,/m/0_qld,,United States
Philippeville,/m/017snw,,Belgium
Philippi,/m/06371,,Greece
Philippi,/m/010w8y,,United States
Philippine,/m/03p920,,Netherlands
Philippsburg,/m/0345pd,,Germany
Phillips,/m/01187n,,United States
Phillipsburg,/m/0t9kk,,United States
Philomath,/m/0zc0w,,United States
Phitsanulok,/m/047gmkf,,Thailand
Phlius,/m/0cgtc7,,Greece
Phnom Penh,/m/0dlwj,,Cambodia
Phocaea,/m/03m0h5,,Turkey
Phoenice,/m/0dkblx,,Albania
Phoenix,/m/0zdg1,,United States
Phoenix,/m/0d35y,,United States
Phoezon,/m/051_rfp,,Greece
Phoitiai,/m/07s5kyq,,Greece
Phongsālī,/m/0c3pgp,,Laos
Phra Nakhon Si Ayutthaya,/m/024tvh,,Thailand
Phrae,/m/01pz8f,,Thailand
Phuket,/m/0f_r1_,,Thailand
Phulbari,/m/0hzml01,,India
Phuntsholing,/m/097djb,,Bhutan
Phylace,/m/03251s,,Greece
Phylace,/m/06zkctx,,Greece
Phú Xuân,/m/05p9vb0,,Vietnam
Phú Xuân,/m/05p9vb0,,Nguyen dynasty
Pi-Ramesses,/m/0bs3shf,,Egypt
Piacenza,/m/01jtyf,,Italy
Piang Luang,/m/0bwkb89,,Thailand
Piaseczno,/m/022b27,,Poland
Piaski,/m/07gkjd,,Poland
Piastów,/m/022b1j,,Poland
Piatra Neamț,/m/024vs0,,Romania
Piatra-Olt,/m/04gvz5f,,Romania
Piatykhatky,/m/0gtpj9,,Ukraine
Picayune,/m/0wr8n,,United States
Pichanal,/m/0bwh9nq,,Argentina
Pichilemu,/m/02vrgj8,,Chile
Pick City,/m/0ypxp,,United States
Pickens,/m/0_n5t,,United States
Pickering,/m/01glqh,,Canada
Pickerington,/m/020ngn7,,United States
Pickstown,/m/0_pk_,,United States
Pico Rivera,/m/0r0sc,,United States
Pico Truncado,/m/0bwln9c,,Argentina
Picota,/m/047fpv6,,Peru
Pidhaitsi,/m/0c1rg_,,Ukraine
Pidhorodnie,/m/0gtq03,,Ukraine
Piechowice,/m/02plw23,,Poland
Piedmont,/m/0qx_l,,United States
Piedmont,/m/0q4cs,,United States
Piedmont,/m/013k48,,United States
Piedmont,/m/0x0_s,,United States
Piedmont,/m/05dzbj,,United States
Piedra Blanca,/m/0282q0s,,Dominican Republic
Piedras Negras,/m/01bv0s,,Mexico
Piekary Śląskie,/m/022bwj,,Poland
Pielgrzymów,/m/04jgcmx,,Poland
Pieniężno,/m/04vxd1,,Poland
Pieniężno,/m/04vxd1,,Kingdom of Poland
Pierce,/m/0s1jx,,United States
Pierce,/m/0x8tc,,United States
Pierce City,/m/0wx63,,United States
Pierre,/m/0fw08,,United States
Pierrefonds,/m/036kbh,,Canada
Pierson,/m/0t4pd,,United States
Pierz,/m/0w7n2,,United States
Pierzchnica,/m/04jdr6p,,Poland
"Pieńsk, Lower Silesia",/m/0cbs2r,,Poland
Pigeon Forge,/m/0_wr2,,United States
Piggott,/m/0qs7n,,United States
Pigüé,/m/0b_3hf,,Argentina
Pikeville,/m/0ym4g,,United States
Pikeville,/m/0thsw,,United States
Pikeville,/m/0_sv7,,United States
Pikine,/m/0ggy67,,Senegal
Pilani,/m/01g527,,India
Pilar,/m/06xh7l,,Paraguay
Pilar,/m/0j_2qcd,,Argentina
Pilar,/m/0bzz6w,,Argentina
Pilawa,/m/025t251,,Poland
Pilibhit,/m/07vlxs,,India
Pilica,/m/028bzf1,,Poland
Pilis,/m/02rd0k5,,Hungary
Piliscsaba,/m/0b8h80,,Hungary
Pilisvörösvár,/m/02rd0j4,,Hungary
Pillager,/m/0vwr0,,United States
Pillsbury,/m/0ymw6,,United States
Pilot Grove,/m/0wv1w,,United States
Pilot Knob,/m/0ww8h,,United States
Pilot Mound,/m/0sryy,,United States
Pilot Mountain,/m/0yl4t,,United States
Pilot Point,/m/0qg17,,United States
Pilot Point,/m/01006r,,United States
Pilot Rock,/m/0zf_s,,United States
Pilot Station,/m/0qhvg,,United States
Piltene,/m/0b7pm5,,Latvia
Pilu,/m/047m1r1,,Romania
Pilzno,/m/0ct4qq,,Poland
Pilón,/m/03cbgsh,,Cuba
Pimenteiras do Oeste,/m/027g9yx,,Brazil
Pimentel,/m/027yr4l,,Dominican Republic
Pimpleia,/m/07k8r5k,,Greece
Pinamar,/m/08cx9n,,Argentina
Pinar del Río,/m/02jdvv,,Cuba
Pinara,/m/09tcvb,,Turkey
Pince,/m/07k4hhv,,Slovenia
Pinckneyville,/m/0sfdh,,United States
Pinconning,/m/0v20m,,United States
Pindamonhangaba,/m/03xwt4,,Brazil
Pindi Bhattian,/m/0g560kd,,Pakistan
Pindus,/m/0dcxl7,,Greece
Pine Bluff,/m/0qtz9,,United States
Pine City,/m/0wc_z,,United States
Pine Forest,/m/0107fc,,United States
Pine Island,/m/013fpg,,United States
Pine Knoll Shores,/m/0yf4q,,United States
Pine Lake,/m/0rvyd,,United States
Pine Lawn,/m/0x047,,United States
Pine Level,/m/0yhfp,,United States
Pine River,/m/0vwrq,,United States
Pine Springs,/m/0wmsf,,United States
Pinebluff,/m/0yh_4,,United States
Pinehurst,/m/0yh_h,,United States
Pinehurst,/m/0rw1w,,United States
Pinehurst,/m/0s2ln,,United States
Pinehurst,/m/0107fq,,United States
Pineland,/m/0108c_,,United States
Pinellas Park,/m/0rr34,,United States
Pinetops,/m/0yg6n,,United States
Pineville,/m/0n4w4,,United States
Pineville,/m/0wxr_,,United States
Pineville,/m/0tlyx,,United States
Pineville,/m/0tcq3,,United States
Piney Point Village,/m/0102pb,,United States
Pingdingshan,/m/0641bg,,People's Republic of China
Pingliang,/m/09fywj,,People's Republic of China
Pingree,/m/0yrq7,,United States
Pingtung City,/m/03s0q9,,Taiwan
Pingxiang,/m/08fzwk,,People's Republic of China
Pingxiang,/m/0bnfy4,,People's Republic of China
Pinhais,/m/0gh3jn,,Brazil
Pink Hill,/m/0yhkv,,United States
Pinkovce,/m/0h7n5l,,Slovakia
Pinneberg,/m/050ppc,,Germany
Pinole,/m/0qyvc,,United States
Pinosava,/m/025vpdj,,Serbia
Pinsk,/m/02g1v0,,Belarus
Pinson,/m/0q89w,,United States
Pintia,/m/05p277_,,Spain
Pinya,/m/09gq2q9,,Myanmar
Pioneer,/m/0s_j_,,United States
Pioneer Village,/m/0tc_6,,United States
Pionki,/m/0228rs,,Poland
Piotrków Kujawski,/m/02plfmz,,Poland
Piotrków Trybunalski,/m/0228vd,,Poland
Piperton,/m/0_tql,,United States
Pipestone,/m/0wdb1,,United States
Pippa Passes,/m/0tglv,,United States
Piqua,/m/0y_q_,,United States
Pir Jo Goth,/m/0120_wn0,,Pakistan
Piracicaba,/m/02kckr,,Brazil
Piraeus,/m/0p7c3,,Greece
Piranshahr,/m/06yqcq,,Iran
Pirané,/m/0bwlf_m,,Argentina
Pirapó,/m/02pkvqn,,Brazil
Piraquara,/m/09rxpkg,,Brazil
Pirathon,/m/09gfrqm,,Palestine
Piriápolis,/m/07lcv3,,Uruguay
Pirmasens,/m/057vxm,,Germany
Pirna,/m/041ys1,,Germany
Piroboridava,/m/0gfd781,,Romania
Pirot,/m/01psj4,,Serbia
Pisa,/m/064xp,,Italy
Pisa,/m/0c1_lp,,Greece
Pisco,/m/02wprs,,Peru
Piscobamba,/m/03gqcw5,,Peru
Pisek,/m/0ys0y,,United States
Pisgah,/m/0s_92,,United States
Pishin,/m/047cvbl,,Iran
Pismo Beach,/m/0r5ll,,United States
Pistiros,/m/05gv7j,,Bulgaria
Pistyros,/m/07k5fv3,,Greece
Pisz,/m/02rwm5,,Poland
Pitane,/m/0gn5nh,,Turkey
Pitești,/m/021l_h,,Romania
Pithom,/m/05x8cv,,Egypt
Pitlochry,/m/022ymg,,United Kingdom
Pitou Township,/m/07kf_xb,,Taiwan
Pitrufquén,/m/04f438g,,Chile
Pitsunda,/m/071kd_,,Georgia
Pitsunda,/m/071kd_,,Autonomous Republic of Abkhazia
Pitt Meadows,/m/01zxy4,,Canada
Pittenweem,/m/03t_zb,,United Kingdom
Pitts,/m/0r_2x,,United States
Pittsboro,/m/0yf9j,,United States
Pittsburg,/m/0qyvr,,United States
Pittsburg,/m/0t67h,,United States
Pittsburg,/m/0_zr8,,United States
Pittsburgh,/m/068p2,,United States
Pittsfield,/m/0tygl,,United States
Pittsfield,/m/0sfp2,,United States
Pittston,/m/0_4bj,,United States
Pittston,/m/04bp39x,,United States
Pittsville,/m/011dws,,United States
Pituntium,/m/07sbx9h,,Croatia
Piura,/m/02wpwv,,Peru
Pivdenne,/m/04284s,,Ukraine
Pivdenne,/m/0gt57b,,Ukraine
Pivdennoukrainsk,/m/0gt2t3,,Ukraine
Piwniczna-Zdrój,/m/02ply4t,,Poland
Piątek,/m/04gvckq,,Poland
Piła,/m/02296f,,Poland
Piława Górna,/m/03vv11,,Poland
Pińczów,/m/0c0k9f,,Poland
Placentia,/m/0r2lm,,United States
Placerville,/m/0qz1j,,United States
Placerville,/m/0s121,,United States
Placetas,/m/029nzk,,Cuba
Plain City,/m/010hb9,,United States
Plainfield,/m/0h6l4,,United States
Plainfield,/m/0sr_9,,United States
Plains,/m/0rz3_,,United States
Plains,/m/0t8pl,,United States
Plainview,/m/0qxwt,,United States
Plainview,/m/0x8tq,,United States
Plainview,/m/01026q,,United States
Plainview,/m/0wm1q,,United States
Plainview,/m/0_x4v,,United States
Plainville,/m/0rws9,,United States
Plainville,/m/0tb70,,United States
Plainwell,/m/0v0zj,,United States
Plan-les-Ouates,/m/089ns3,,Switzerland
Planalto,/m/09rxzl8,,Brazil
Plankinton,/m/0_n_m,,United States
Plano,/m/013m4v,,United States
Plano,/m/0s9ds,,United States
Plano,/m/0srj4,,United States
Plant City,/m/0rldr,,United States
Plantation,/m/011m6d,,United States
Plantation,/m/0tf_4,,United States
Plantersville,/m/063zq8q,,United States
Plaquemine,/m/0tkry,,United States
Plasencia,/m/03tr24,,Spain
Plataea,/m/018wfc,,Greece
Platinum,/m/0qd49,,United States
Plato,/m/0w6rk,,United States
Platte,/m/0_plb,,United States
Platte City,/m/0wz9t,,United States
Platte Woods,/m/0xhz4,,United States
Platteville,/m/01mkz1,,United States
Plattling,/m/0dvp89,,Germany
Plattsburg,/m/0wtyd,,United States
Plattsburgh,/m/01mbnb,,United States
Plattsmouth,/m/0x54v,,United States
Plau am See,/m/0fgq_4,,Germany
Plaue,/m/0fgr0k,,Germany
Plauen,/m/045mww,,Germany
Plav,/m/094k7q,,Montenegro
Plavje,/m/04041jv,,Slovenia
Playa de las Américas,/m/0961xf,,Spain
Plaza,/m/0yq0t,,United States
Pleasant Garden,/m/0ygql,,United States
Pleasant Grove,/m/0q8b6,,United States
Pleasant Grove,/m/010gvs,,United States
Pleasant Hill,/m/0qyw3,,United States
Pleasant Hill,/m/01_4vg0,,United States
Pleasant Hill,/m/0wtf7,,United States
Pleasant Hope,/m/0wzg8,,United States
Pleasant Plain,/m/0t004,,United States
Pleasant Ridge,/m/0vm2z,,United States
Pleasant Valley,/m/010xjd,,United States
Pleasant Valley,/m/0xh7f,,United States
Pleasant View,/m/021c19v,,United States
Pleasant View,/m/0_t6q,,United States
Pleasanton,/m/0qx_z,,United States
Pleasanton,/m/0sv1v,,United States
Pleasanton,/m/0_xq3,,United States
Pleasanton,/m/0t86d,,United States
Pleasantville,/m/010cmt,,United States
Pleasantville,/m/0t18j,,United States
Pleasureville,/m/013d3q,,United States
Plentywood,/m/0x3w1,,United States
Pleszew,/m/0c3grk,,Poland
Pleternica,/m/0c8zyt,,Croatia
Plettenberg,/m/03g7w7,,Germany
Pleuron,/m/0g53p44,,Greece
Pleven,/m/02vfdt,,Bulgaria
Plevna,/m/0t9x_,,United States
Pleystein,/m/0fgr29,,Germany
Pljevlja,/m/01psjx,,Montenegro
Plochingen,/m/0cr2q9,,Germany
Ploiești,/m/01wbxt,,Romania
Plopeni,/m/0bfdqm,,Romania
Plottier,/m/03grwvt,,Argentina
Plovanija,/m/0crd24n,,Croatia
Plovdiv,/m/018ym2,,Bulgaria
Plover,/m/0t2c1,,United States
Ploče,/m/03w9yb,,Croatia
Plum Grove,/m/0105qk,,United States
Plum Springs,/m/0tj5m,,United States
Plumerville,/m/0qsgy,,United States
Plummer,/m/0wfsb,,United States
Plummer,/m/0s0x5,,United States
Plumtree,/m/0fx6h_,,Zimbabwe
Plungė,/m/05x5qt,,Lithuania
Plužine,/m/0bf5zv,,Montenegro
Plymouth,/m/0213f9,,Montserrat
Plymouth,/m/05vw7,,United Kingdom
Plymouth,/m/01mncf,,United States
Plymouth,/m/0ylx_,,United States
Plymouth,/m/0snqf,,United States
Plymouth,/m/0w1dt,,United States
Plymouth,/m/0vrv1,,United States
Plymouth,/m/0sswj,,United States
Plymouth,/m/0qy4r,,United States
Plzeň,/m/09f13,,Czech Republic
Plácido de Castro,/m/026bf6l,,Brazil
Plön,/m/0p22t,,Germany
Pniewy,/m/0dw_vz,,Poland
Pobiedziska,/m/02889ym,,Poland
Pocahontas,/m/0qwvl,,United States
Pocahontas,/m/0t2cd,,United States
Pocatello,/m/0s0tr,,United States
Pochaiv,/m/0cngxh,,Ukraine
Pocheon,/m/03v6s0,,South Korea
Pockau-Lengefeld,/m/0_frblh,,Germany
Pocking,/m/0dlt8q,,Germany
Pocomoke City,/m/0txvm,,United States
Podalaea,/m/012hgkq2,,Turkey
Podanur,/m/03cghzb,,India
Podbořany,/m/03g_2ml,,Czech Republic
Poddębice,/m/0c3jdp,,Poland
Podgorica,/m/0174pr,,Montenegro
Podilsk,/m/0gt2s2,,Ukraine
Podkowa Leśna,/m/076jjx,,Poland
Podljubelj,/m/04yc14c,,Slovenia
Podor,/m/05g3wg,,Senegal
Podu Iloaiei,/m/02x7kjy,,Romania
Podujeva,/m/03bm11,,Serbia
Podujeva,/m/03bm11,,Kosovo
Poděbrady,/m/087cqj,,Czech Republic
Poggio Casalino,/m/0fp_y3s,,San Marino
Pogo,/m/05p1csc,,Ivory Coast
Pogoanele,/m/0b_0m0,,Romania
Pogorzela,/m/0288b4h,,Poland
Pogradec,/m/02mx2l,,Albania
Pohang,/m/01w6cl,,South Korea
Pohlheim,/m/0dm_ry,,Germany
Pohořelice,/m/02z31cz,,Czech Republic
Pohrebyshche,/m/0gt1z5,,Ukraine
Poiana Mare,/m/04g2q1w,,Romania
Poikilassos,/m/027ky8r,,Greece
Point,/m/0107wx,,United States
Point Arena,/m/0r1qk,,United States
Point Blank,/m/0108fq,,United States
Point Comfort,/m/0_z4k,,United States
Point Edward,/m/02nxdz,,Canada
Point Hope,/m/0qgnq,,United States
Point Pleasant,/m/010xq2,,United States
Pointe-Noire,/m/040hql,,Republic of the Congo
Pointe-à-Pitre,/m/01zw6w,,France
Poionos,/m/07s566_,,Greece
Poipet,/m/08m1w5,,Cambodia
Poitiers,/m/0dl2g,,France
Pojejena,/m/0f_g6p,,Romania
Pokhara,/m/040dx3,,Nepal
Pokrov,/m/0dqft7,,Ukraine
Pokrovsk,/m/0dqfwr,,Ukraine
Polanica-Zdrój,/m/07pqtl,,Poland
Polanów,/m/0cs5nw,,Poland
Polatlı district,/m/0bjdc8,,Turkey
Polch,/m/0b_5yr,,Germany
Polessk,/m/08rwy3,,Russia
Polgár,/m/02pxtx9,,Hungary
Polgárdi,/m/0dj1v9,,Hungary
Police,/m/01zk7g,,Poland
Politorium,/m/06zp6z2,,Italy
Politorium,/m/06zp6z2,,Ancient Rome
Poliçan,/m/03y7rgt,,Albania
Polička,/m/027jmdk,,Czech Republic
Polk City,/m/0rrkd,,United States
Polk City,/m/0t2gv,,United States
Polkowice,/m/022bjz,,Poland
Polkton,/m/0yd08,,United States
Polkville,/m/0yfjz,,United States
Pollard,/m/0qs7_,,United States
Pollocksville,/m/0yhj2,,United States
Pollokshields,/m/03nw40,,United Kingdom
Pollusca,/m/0z6v9j6,,Italy
Polo,/m/0ws_f,,United States
Polohy,/m/0gt23d,,Ukraine
Polonne,/m/0c2ck7,,Ukraine
Polson,/m/0xjq_,,United States
Poltava,/m/09lwk,,Ukraine
Poltava,/m/07d9_r,,Ukraine
Polyrrhenia,/m/02qcl3c,,Greece
Pomabamba,/m/02q86rq,,Peru
Pombas,/m/027qpsv,,Cape Verde
Pomeroy,/m/010qhz,,United States
Pomeroy,/m/0ssfr,,United States
Pomichna,/m/0gts1n,,Ukraine
Pomona,/m/0r0ss,,United States
Pomona,/m/0t6tv,,United States
Pompano Beach,/m/0rjg8,,United States
Pompeii,/m/0632h,,Italy
Pompeiopolis,/m/03g7n8,,Turkey
Pomáz,/m/02rd0g2,,Hungary
Ponca,/m/0x680,,United States
Ponca City,/m/013k9f,,United States
Ponce,/m/0lg0r,,United States
Ponchatoula,/m/0tmw0,,United States
Pond Creek,/m/0z66d,,United States
Ponderay,/m/0s14g,,United States
Pondicherry,/m/07779w,,India
Pondicherry,/m/07779w,,French India
Poniatowa,/m/03fg0d,,Poland
Poniec,/m/03j85f,,Poland
Ponta Grossa,/m/07nqyn,,Brazil
Ponta Porã,/m/027d2z9,,Brazil
Pontdrif,/m/0wdrr32,,South Africa
Ponte Tresa,/m/08k_9d,,Switzerland
"Pontevedra, Buenos Aires Province",/m/03hkz_w,,Argentina
Pontiac,/m/0sbnq,,United States
Pontiac,/m/0vm39,,United States
Pontianak,/m/05rr4g,,Indonesia
Pontianak,/m/05rr4g,,Dutch East Indies
Pontotoc,/m/0wrdh,,United States
Pooler,/m/0rtvr,,United States
Popasna,/m/0gt3tp,,Ukraine
Popayán,/m/0308lz,,Colombia
Popejoy,/m/0szl0,,United States
Poperinge,/m/0145zv,,Belgium
Popești-Leordeni,/m/063b_j,,Romania
Poplar,/m/0x3mp,,United States
Poplar Bluff,/m/0xh1x,,United States
Poplar Hills,/m/0tg05,,United States
Poplarville,/m/0wr8_,,United States
Popondetta,/m/08s_pb,,Papua New Guinea
Popovača,/m/0264d53,,Croatia
Poprad,/m/01z0t4,,Slovakia
Populonia,/m/092s1g,,Italy
Poquoson,/m/0mn95,,United States
Porac,/m/06pjjb,,Philippines
Porajów,/m/03gzjqd,,Poland
Porbandar,/m/026yfm,,India
Poreč,/m/028d5k,,Croatia
Pori,/m/020mjt,,Finland
Porirua,/m/0j3zy,,New Zealand
Porlamar,/m/0c4cy3,,Venezuela
Port Alberni,/m/01vqx7,,Canada
Port Alexander,/m/0qhyl,,United States
Port Allen,/m/0tncy,,United States
Port Angeles,/m/010pxn,,United States
Port Antonio,/m/08rpnd,,Jamaica
Port Aransas,/m/0216_fn,,United States
Port Arthur,/m/02fj3_,,Canada
Port Arthur,/m/013mzh,,United States
Port Augusta,/m/0280y3,,Australia
Port Clinton,/m/0z0g_,,United States
Port Colborne,/m/01kzz6,,Canada
Port Coquitlam,/m/01wlmc,,Canada
Port Fuad,/m/078cr5,,Egypt
Port Gibson,/m/0wprg,,United States
Port Glasgow,/m/024fm4,,United Kingdom
Port Harcourt,/m/02jtsy,,Nigeria
Port Heiden,/m/0qg28,,United States
Port Hueneme,/m/0r8b3,,United States
Port Huron,/m/0vqcq,,United States
Port Isabel,/m/0_zkc,,United States
Port Jervis,/m/0y4y9,,United States
Port Lavaca,/m/0_z4x,,United States
Port Lions,/m/01z2046,,United States
Port Loko,/m/09078y,,Sierra Leone
Port Louis,/m/0fs0b,,Mauritius
Port Macquarie,/m/02wmfh,,Australia
Port Maria La luz,/m/047b34q,,Jamaica
Port Mathurin,/m/05mppm,,Mauritius
Port Moody,/m/03nlbl,,Canada
Port Moresby,/m/0fs0v,,Papua New Guinea
Port Neches,/m/0104p6,,United States
Port Orange,/m/01_0ssk,,United States
Port Orchard,/m/010rz3,,United States
Port Orford,/m/0zch5,,United States
Port Republic,/m/010cpp,,United States
Port Richey,/m/01_0vh4,,United States
Port Royal,/m/01fvtp,,Jamaica
Port Said,/m/01d3hg,,Egypt
Port St. Joe,/m/0rkv0,,United States
Port St. Lucie,/m/0rsb4,,United States
Port Sudan,/m/01f8_3,,Sudan
Port Townsend,/m/010r4c,,United States
Port Vila,/m/0fs1b,,Vanuatu
Port Washington,/m/01mmg4,,United States
Port Wentworth,/m/0rtw2,,United States
Port of Spain,/m/0fs29,,Trinidad and Tobago
Port-Gentil,/m/04lz4y,,Gabon
Port-au-Prince,/m/0fs1v,,Haiti
Port-de-Paix,/m/06585v,,Haiti
Porta Westfalica,/m/018t53,,Germany
Portachuelo,/m/0b6lzr7,,Bolivia
Portage,/m/0110m5,,United States
Portage,/m/0spgb,,United States
Portage,/m/0v9bs,,United States
Portage Des Sioux,/m/0w_8d,,United States
Portage la Prairie,/m/02n2qd,,Canada
Portageville,/m/013h4k,,United States
Portal,/m/0yn8t,,United States
Portales,/m/0gx1qpp,,United States
Porter,/m/0wp5k,,United States
Porterdale,/m/0rygj,,United States
Porterville,/m/0r7yf,,United States
Portis,/m/0t9db,,United States
Portknockie,/m/05wbcy,,United Kingdom
Portland,/m/01vm2w,,Australia
Portland,/m/02frhbc,,United States
Portland,/m/0c4kv,,United States
Portland,/m/0qrfl,,United States
Portland,/m/0smnk,,United States
Portland,/m/0yrxg,,United States
Portland,/m/013n3k,,United States
Portland,/m/0_wz_,,United States
Portland,/m/0v89s,,United States
Portmore,/m/0b5rd6,,Jamaica
Porto,/m/0pmn7,,Portugal
Porto Alegre,/m/017575,,Brazil
Porto Amboim,/m/06_tq9,,Angola
Porto Esperidião,/m/09rxmqc,,Brazil
Porto Inglês,/m/098pgs,,Cape Verde
Porto Lucena,/m/03qmc5m,,Brazil
Porto Mauá,/m/03qmc69,,Brazil
Porto Murtinho,/m/027d31d,,Brazil
Porto Novo,/m/05m__9v,,Cape Verde
Porto Seguro,/m/02bff9,,Brazil
Porto Velho,/m/01zhjx,,Brazil
Porto Vera Cruz,/m/03qmc6n,,Brazil
Porto Walter,/m/026bf7z,,Brazil
Porto Xavier,/m/03qmc7b,,Brazil
Porto-Novo,/m/0fs2t,,Benin
Portobelo,/m/03pj96,,Panama
Portola,/m/0r39c,,United States
Portoviejo,/m/05_31h,,Ecuador
Portsburgh,/m/04666lk,,United Kingdom
Portsmouth,/m/0619_,,United Kingdom
Portsmouth,/m/0d_fy1,,Dominica
Portsmouth,/m/0mn8t,,United States
Portsmouth,/m/0nbzp,,United States
Portsmouth,/m/0z1l8,,United States
Portsmouth,/m/0t356,,United States
Portsoy,/m/024fmh,,United Kingdom
Portugalete,/m/063czs,,Spain
Portus Cale,/m/03b_xsb,,Portugal
Portus Cale,/m/03b_xsb,,Ancient Rome
Porus,/m/080n8gj,,Jamaica
Porvenir,/m/0b6nc3l,,Bolivia
Porvenir,/m/04gsr1,,Chile
Porvoo,/m/0d92r,,Finland
Poręba,/m/02plyhv,,Poland
Posadas,/m/06gqs2,,Argentina
Poso,/m/023sl3,,Indonesia
Post,/m/0101rg,,United States
Post Falls,/m/0pct0,,United States
Postojna,/m/02n0zz,,Slovenia
Postville,/m/0srdp,,United States
Potchefstroom,/m/02t_jn,,South Africa
Potcoava,/m/04gsvl4,,Romania
Poteau,/m/0z733,,United States
Poteet,/m/0_xqg,,United States
Potenza,/m/0cfcgz,,Italy
Pothia,/m/0_gx88y,,Greece
Poti,/m/01g4gz,,Georgia
Potidaea,/m/06bpb5,,Greece
Potlatch,/m/0s26y,,United States
Potosi,/m/0x0zq,,United States
Potosí,/m/02_plq,,Bolivia
Potsdam,/m/0d331,,Germany
Pottenstein,/m/0fgrhb,,Germany
Potterville,/m/0v571,,United States
Pottsville,/m/0_bgg,,United States
Potwin,/m/0t5kd,,United States
Poughkeepsie,/m/01mc11,,United States
Poulan,/m/0r_6b,,United States
Poulsbo,/m/010rzg,,United States
Pouru-aux-Bois,/m/03m8g23,,France
Pouso Alegre,/m/02rdzs,,Brazil
Poway,/m/0r54r,,United States
Powder Springs,/m/0rv9n,,United States
Powderly,/m/0thf5,,United States
Powell,/m/011g87,,United States
Powell,/m/020njtm,,United States
Powell River,/m/0807prs,,Canada
Powellsville,/m/0yd9l,,United States
Powers,/m/0zcfg,,United States
Powers Lake,/m/0yn94,,United States
Powersville,/m/0wzk0,,United States
Powhattan,/m/0t5dw,,United States
Poznań,/m/05xnv,,Poland
Pozo Almonte,/m/0gxr3t,,Chile
Poá,/m/048xdj,,Brazil
Poços de Caldas,/m/05kfjs,,Brazil
Połaniec,/m/0285f9h,,Poland
Połczyn-Zdrój,/m/02plyfr,,Poland
Połowce,/m/04gw6fr,,Poland
Požarevac,/m/01pskp,,Serbia
Požega,/m/013549,,Croatia
Prabumulih,/m/02775ng,,Indonesia
Prabuty,/m/0ddhm,,Poland
Prachatice,/m/02dsc4,,Czech Republic
Pragjyotishpura,/m/0j3g1b5,,India
Prague,/m/05ywg,,Czech Republic
Prague,/m/0z77l,,United States
Praia,/m/0fs39,,Cape Verde
Praia Grande,/m/0493sn,,Brazil
Prairie City,/m/0zczs,,United States
Prairie City,/m/0s_y1,,United States
Prairie Grove,/m/0qxk3,,United States
Prairie Home,/m/0xh8g,,United States
Prairie Rose,/m/0ynl6,,United States
Prairie View,/m/010bhn,,United States
Prairie View,/m/0t9kx,,United States
Prairie Village,/m/0t7sm,,United States
Prairie du Chien,/m/01mk00,,United States
Prairieburg,/m/0t0s0,,United States
Pranchita,/m/09ry7vg,,Brazil
Prasiae,/m/0gg56sp,,Greece
Praszka,/m/0287pm_,,Poland
Prato,/m/05znn0,,Italy
Pratt,/m/0t9rd,,United States
Pratteln,/m/060rp8,,Switzerland
Prattville,/m/0pgql,,United States
Praya,/m/080gjw7,,Indonesia
Prayagraj,/m/020skc,,India
Predeal,/m/01pv__,,Romania
Preetz,/m/06vd6m,,Germany
Pregrada,/m/026ct1n,,Croatia
Preiļi,/m/03c19st,,Latvia
Prelog,/m/02x82n,,Croatia
Premnitz,/m/0fgrjt,,Germany
Premont,/m/0104tr,,United States
Prenzlau,/m/0206zm,,Germany
Prescott,/m/0117lp,,United States
Prescott,/m/0zc8j,,United States
Prescott,/m/0qr4n,,United States
Prescott,/m/0qw14,,United States
Prescott,/m/0t86r,,United States
Prescott,/m/010vl9,,United States
Prescott,/m/0src9,,United States
Presho,/m/0_r98,,United States
Presidencia Roque Sáenz Peña,/m/09tnyl,,Argentina
Presidente Prudente,/m/049cx1,,Brazil
Presidio,/m/0107vg,,United States
Prespa,/m/0gk_z11,,Greece
Presque Isle,/m/0tp4s,,United States
Pressath,/m/0fgrkk,,Germany
Preston,/m/0m7dd,,United Kingdom
Preston,/m/0rfvv,,United States
Preston,/m/0s1pc,,United States
Preston,/m/0t9rr,,United States
Preston,/m/0v_cf,,United States
Preston,/m/0s_s7,,United States
Prestonpans,/m/08xcqk,,United Kingdom
Prestonsburg,/m/0pqnc,,United States
Prestonville,/m/0td98,,United States
Prestwick,/m/02sfl6,,United Kingdom
Pretoria,/m/067z4,,South Africa
Pretty Prairie,/m/0t9yb,,United States
Preußisch Oldendorf,/m/0bjjbm,,Germany
Preveza,/m/01s2fm,,Greece
Preševo,/m/04m1xk,,Serbia
Prešov,/m/036xg2,,Slovakia
Price,/m/010dmw,,United States
Prichard,/m/0q9bw,,United States
Prichsenstadt,/m/06y6nf,,Germany
Priekule,/m/0b7p1b,,Latvia
Priekulė,/m/0gb79x,,Lithuania
Prienai,/m/037sjy,,Lithuania
Priene,/m/0n5mn,,Turkey
Priest River,/m/0s14t,,United States
Prijedor,/m/05tm2p,,Bosnia and Herzegovina
Prijepolje,/m/025rr2s,,Serbia
Prilep,/m/04xtgq,,North Macedonia
Prilly,/m/02p5ml,,Switzerland
Primghar,/m/0t1xz,,United States
Prince Albert,/m/01rrqg,,Canada
Prince George,/m/01c2wl,,Canada
Prince Rupert,/m/02246p,,Canada
Princesa,/m/09rsllm,,Brazil
Princeton,/m/01ml49,,United States
Princeton,/m/0yhg0,,United States
Princeton,/m/0s3dk,,United States
Princeton,/m/0__cn,,United States
Princeton,/m/010xwy,,United States
Princeton,/m/0t323,,United States
Princeton,/m/013fzr,,United States
Princeton,/m/0wxt0,,United States
Princeton,/m/0t6v5,,United States
Princeton,/m/0td18,,United States
Princeton,/m/0slmq,,United States
Princeville,/m/0yg6_,,United States
Prineville,/m/0zcft,,United States
Prinsburg,/m/0w3lt,,United States
Prior Lake,/m/0whhq,,United States
Priozersk,/m/0b74fmq,,Kazakhstan
Priozersk,/m/0b74fmq,,Soviet Union
Pristina,/m/01nyhl,,Serbia
Pristina,/m/01nyhl,,Kosovo
Pritzwalk,/m/0dym4s,,Germany
Prizren,/m/01pslg,,Serbia
Prizren,/m/01pslg,,Kosovo
Prnjavor,/m/0ddnbw,,Bosnia and Herzegovina
Probolinggo,/m/076d2w,,Indonesia
Prochowice,/m/02pj9tz,,Poland
Proctor,/m/0wjwl,,United States
Proctor,/m/0w7q3wk,,United States
Proctorville,/m/0yk72,,United States
Progreso,/m/01q8y3,,Mexico
Progreso,/m/0103p5,,United States
Progreso Lakes,/m/0103pj,,United States
Prokuplje,/m/01pslv,,Serbia
Promachonas,/m/0g2b_y,,Greece
Promise City,/m/0t47z,,United States
Promona,/m/03qd9yh,,Croatia
Prophetstown,/m/0sj69,,United States
Prospect,/m/013d4j,,United States
Prospect Heights,/m/0s5hm,,United States
Prosser,/m/010pqx,,United States
Prostějov,/m/05v2y9,,Czech Republic
Proszowice,/m/022mr1,,Poland
Protaras,/m/0jl12m5,,Cyprus
Protection,/m/0t61m,,United States
Protivin,/m/0st3j,,United States
Providence,/m/010djl,,United States
Providence,/m/0c1d0,,United States
Providence,/m/0tj8q,,United States
Provo,/m/0l39b,,United States
Prrenjas,/m/04yfg4f,,Albania
Pruchnik,/m/04jdvcd,,Poland
Prudnik,/m/0229br,,Poland
Prusias ad Hypium,/m/0479rlv,,Turkey
Prusice,/m/02phqqm,,Poland
Pruszcz,/m/04cwkxv,,Poland
Pruszcz Gdański,/m/01zkvk,,Poland
Pruszków,/m/022b43,,Poland
Pryluky,/m/0b59kk,,Ukraine
Pryor Creek,/m/0z7pp,,United States
Pryvillia,/m/0gt5bf,,Ukraine
Przasnysz,/m/0678t2,,Poland
Przecław,/m/04jnw78,,Poland
Przedbórz,/m/02pl6fz,,Poland
Przedecz,/m/0272npp,,Poland
Przemków,/m/02plw67,,Poland
Przemyśl,/m/0228wy,,Poland
Przeworsk,/m/02_gbg,,Poland
Przysucha,/m/067g3n,,Poland
Prószków,/m/02pl6w0,,Poland
Prüm,/m/024663,,Germany
Pskov,/m/01s220,,Russia
Psophis,/m/0463rzc,,Greece
Pszczyna,/m/022bp1,,Poland
Pszów,/m/028br30,,Poland
Pteria,/m/057xtr,,Turkey
Ptolemais,/m/080f5_,,Libya
Ptolemais Hermiou,/m/02rg_yh,,Egypt
Ptolemais Hermiou,/m/02rg_yh,,Ancient Egypt
Ptolemais Theron,/m/0578s8,,Sudan
Ptuj,/m/02pctm,,Slovenia
Pu'er City,/m/061nt1,,People's Republic of China
Pucallpa,/m/04xtmj,,Peru
Puchheim,/m/04zrr7,,Germany
Puchong,/m/0cxff7,,Malaysia
Puchuncaví,/m/064pw15,,Chile
Pucioasa,/m/05ht6m,,Romania
Puck,/m/014002,,Poland
Pucón,/m/0grkdw,,Chile
Pudong,/m/0241bd,,People's Republic of China
Pueblo,/m/060wq,,United States
Pueblo de Los Angeles,/m/025t2x8,,United States
Pueblo de Los Angeles,/m/025t2x8,,Spanish Empire
Puente Alto,/m/0ggcl3,,Chile
Puente San Pablo,/m/0b6ntx4,,Bolivia
Puerto Armuelles,/m/0261byt,,Panama
Puerto Ayacucho,/m/049lh3,,Venezuela
Puerto Ayora,/m/068b8x,,Ecuador
Puerto Aysén,/m/05w6br,,Chile
Puerto Baquerizo Moreno,/m/068b1v,,Ecuador
Puerto Barrios,/m/01bv4f,,Guatemala
Puerto Cabello,/m/078rjp,,Venezuela
Puerto Cabezas,/m/06md1m,,Nicaragua
Puerto Carreño,/m/06xk_t,,Colombia
Puerto Deseado,/m/09crmf,,Argentina
Puerto Iguazú,/m/072rzg,,Argentina
Puerto La Cruz,/m/081858,,Venezuela
Puerto Lempira,/m/06xgj1,,Honduras
Puerto López,/m/0b2h7x,,Ecuador
Puerto Madryn,/m/04bpfz,,Argentina
Puerto Maldonado,/m/05gvkg,,Peru
Puerto Montt,/m/03fxkl,,Chile
Puerto Nariño,/m/063snd,,Colombia
Puerto Natales,/m/0bb14q,,Chile
Puerto Navarino,/m/0641h91,,Chile
Puerto Ordaz,/m/04fyg2,,Venezuela
Puerto Padre,/m/03b92b,,Cuba
Puerto Princesa,/m/06s5d4,,Philippines
Puerto Píritu,/m/0d4pkg,,Venezuela
Puerto Quijarro,/m/07zv5y,,Bolivia
Puerto Quito,/m/03npnvr,,Ecuador
Puerto Rico,/m/0b6gd_5,,Bolivia
Puerto Rico,/m/027_9_b,,Argentina
Puerto San Carlos,/m/0j3gcq3,,Mexico
Puerto Santander,/m/02661n1,,Colombia
Puerto Suárez,/m/07zvlz,,Bolivia
Puerto Tirol,/m/03hm1mj,,Argentina
Puerto Vallarta,/m/01btzt,,Mexico
Puerto Varas,/m/06ypkn,,Chile
Puerto Villamil,/m/026r1c4,,Ecuador
Puerto Williams,/m/03t67w,,Chile
Puerto de la Cruz,/m/03xkxm,,Spain
Puigcerdà,/m/0l6d7,,Spain
Pujehun,/m/03cm1t_,,Sierra Leone
Pujilí,/m/03qp1_9,,Ecuador
Pul-e Khomri,/m/0cc_gr,,Afghanistan
Pula,/m/02lw53,,Croatia
Pulaski,/m/0st_2,,United States
Pulaski,/m/0_tzj,,United States
Pulheim,/m/02m_r4,,Germany
Puli Township,/m/03srpq,,Taiwan
Pullman,/m/021h50c,,United States
Pullman National Historical Park,/m/02r2jdt,,United States
Pully,/m/02p5n0,,Switzerland
Pulsnitz,/m/0fgrm1,,Germany
Pumbedita,/m/074mmb,,Iraq
Punakha,/m/0b5lfr,,Bhutan
Punalur,/m/065yf0,,India
Punata,/m/08nbfv,,Bolivia
Punchana,/m/06b78k,,Peru
Pune,/m/015y2q,,India
Puno,/m/02wpyw,,Peru
Punta Alta,/m/03cg73c,,Argentina
Punta Arenas,/m/02n5vc,,Chile
Punta Gorda,/m/017828,,Belize
Punta Gorda,/m/0rjvt,,United States
Punta Prieta,/m/0bjnhm,,Mexico
Punta del Este,/m/04zy4h,,Uruguay
Puntarenas,/m/04x85d,,Costa Rica
Punto Fijo,/m/08pd3j,,Venezuela
Puquio,/m/047m0bc,,Peru
Purang Town,/m/02z9gw2,,People's Republic of China
Purcell,/m/0wwlg,,United States
Purcell,/m/013k59,,United States
Purdin,/m/0wxh1,,United States
Purdy,/m/0wshm,,United States
Pure,/m/03m8g45,,France
Puri,/m/04tq52,,India
Purmerend,/m/0w0x9,,Netherlands
Purnia,/m/05pnkb,,India
Purranque,/m/0260nd8,,Chile
Purushanda,/m/0gx1gtd,,Turkey
Purvis,/m/0wqr1,,United States
Purwakarta,/m/0gc86z,,Indonesia
Purwodadi,/m/08v_fc,,Indonesia
Purwokerto,/m/0b24tv,,Indonesia
Puryear,/m/0_vj3,,United States
Purén,/m/0h0psd,,Chile
Pushkar,/m/05k1kz,,India
Pusin Township,/m/07k9px8,,Taiwan
Pustomyty,/m/0gt5h8,,Ukraine
Puszczykowo,/m/0288b1d,,Poland
Pusztaszabolcs,/m/02r1rdl,,Hungary
Putaendo,/m/0cnyhhm,,Chile
Putbus,/m/0993rp,,Germany
Putian,/m/060rtx,,People's Republic of China
Putin's Palace,/m/0h1g7vm,,Russia
Putina,/m/0dc554,,Peru
Putlitz,/m/0fgrpv,,Germany
Putnok,/m/05lf5r,,Hungary
Putrajaya,/m/0g6vy,,Malaysia
Putre,/m/04552s,,Chile
"Putte, Pays-Bas",/m/0fwzf6,,Netherlands
Putte-Kapellen,/m/0fwzf6,,Belgium
Puttelange-lès-Thionville,/m/03nq65s,,France
Puttgarden,/m/0gxv9h,,Germany
Puttur,/m/05gdkm,,India
Putyvl,/m/06cyf2,,Ukraine
Puxico,/m/0x0jm,,United States
Puyallup,/m/021h5x6,,United States
Puyan Township,/m/07kh4wh,,Taiwan
Puyang,/m/07tjdr,,People's Republic of China
Puyo,/m/035h8d,,Ecuador
Puzi City,/m/050bnx,,Taiwan
Puławy,/m/0229qk,,Poland
Pułtusk,/m/03fg5k,,Poland
Pyapon,/m/06_3x5,,Myanmar
Pyeongtaek,/m/03v6sd,,South Korea
Pylos,/m/0cd_b,,Greece
Pylus,/m/04m_202,,Greece
Pyongsong,/m/07l3jn,,North Korea
Pyongyang,/m/0cw5k,,North Korea
Pyrgi,/m/0b6hz0,,Italy
Pyriatyn,/m/0gt2hf,,Ukraine
Pyrzyce,/m/01zk7v,,Poland
Pyskowice,/m/022bmy,,Poland
Pyskowice,/m/022bmy,,Nazi Germany
Pyskowice,/m/022bmy,,Kingdom of Prussia
Pyskowice,/m/022bmy,,Weimar Republic
Pyskowice,/m/022bmy,,German Empire
Pyskowice,/m/022bmy,,Polish People's Republic
Pyskowice,/m/022bmy,,Duchy of Bytom
Pythagoreion,/m/02pnrfb,,Greece
Pythion,/m/0cqlsw,,Greece
Pyzdry,/m/02889pc,,Poland
Pálháza,/m/07g6gb,,Hungary
Pápa,/m/052gc2,,Hungary
Pásztó,/m/02rl90p,,Hungary
Pâncota,/m/0b514p,,Romania
Pärnu,/m/01p3zn,,Estonia
Pécel,/m/02rd0hg,,Hungary
Pécs,/m/01f1ty,,Hungary
Pécsvárad,/m/0djlt7,,Hungary
Péhékanhouébli,/m/05p8gyd,,Ivory Coast
Pérola d'Oeste,/m/09rwlvp,,Brazil
Péruwelz,/m/017qj3,,Belgium
Pétervására,/m/03gqlc9,,Hungary
Pétion-Ville,/m/02qltd2,,Haiti
Píllaro,/m/0fw4b3,,Ecuador
Písac,/m/0c4ctj,,Peru
Písek,/m/07y___,,Czech Republic
Põltsamaa,/m/0b7pvf,,Estonia
Põlva,/m/0kw7qy,,Estonia
Pößneck,/m/0b6d6m,,Germany
Püspökladány,/m/0grh93,,Hungary
Püssi,/m/0f6kd8,,Estonia
Püttlingen,/m/0c0f5y,,Germany
Pāksē,/m/01c__w,,Laos
Pāvilosta,/m/03c3rf3,,Latvia
Pătârlagele,/m/09ttqr,,Romania
Pınarbaşı district (Kayseri),/m/02qhbbq,,Turkey
Pļaviņas,/m/03c3sm0,,Latvia
Płock,/m/0jx4m,,Poland
Płoty,/m/0287s54,,Poland
Płońsk,/m/022m99,,Poland
Přelouč,/m/0694lb,,Czech Republic
Přerov,/m/0844lj,,Czech Republic
Přeštice,/m/02prm_j,,Czech Republic
Příbram,/m/069jyr,,Czech Republic
Qaanaaq,/m/01prql,,Kingdom of Denmark
Qabala,/m/04gg8td,,Azerbaijan
Qabatiya,/m/02prxbd,,Palestine
Qacha's Nek,/m/029_c4,,Lesotho
Qadian,/m/04gyzc,,India
Qaem Shahr,/m/09p39r,,Iran
Qaha,/m/0cq07h,,Egypt
Qakh,/m/04gvt3s,,Azerbaijan
Qalaat al-Madiq,/m/0rphyq8,,Syria
Qalat,/m/0cyllx,,Afghanistan
Qalqilya,/m/03h5sw,,Palestine
Qalyub,/m/06jy04,,Egypt
Qambar,/m/026zbp7,,Pakistan
Qamishli,/m/02lf43,,Syria
Qanatir el Qahiriya,/m/0gy1dvz,,Egypt
Qandala,/m/040w45,,Somalia
Qarah,/m/0dddyhv,,Syria
Qarshi,/m/0cb0m,,Uzbekistan
Qasigiannguit,/m/08p7ph,,Greenland
"Qaysān, Qēssan",/m/03nr84g,,Sudan
Qazvin,/m/041v58,,Iran
Qena,/m/0b5jf3,,Egypt
Qift,/m/06gfr0,,Egypt
Qilixia,/m/0g9ttyq,,People's Republic of China
Qingdao,/m/01l3s0,,People's Republic of China
Qingyang,/m/0bhrqk,,People's Republic of China
Qingyuan,/m/06n45h,,People's Republic of China
Qinhuangdao,/m/015vvs,,People's Republic of China
Qinzhou,/m/05y9ds,,People's Republic of China
Qionglin Township,/m/04cvsyy,,Taiwan
Qiqihar,/m/039d8f,,People's Republic of China
Qitaihe,/m/06p3rl,,People's Republic of China
Qonayev,/m/05h1xg2,,Kazakhstan
Qorasuv,/m/064cqt,,Uzbekistan
Qormi,/m/05j27x,,Malta
Qovlar,/m/04jb5z3,,Azerbaijan
Quakenbrück,/m/0c8v5x,,Germany
Qualicum Beach,/m/03gx5f,,Canada
Quamba,/m/0w395,,United States
Quanah,/m/0102cb,,United States
Quanzhou,/m/02j7gt,,People's Republic of China
Quaraí,/m/02q4pkr,,Brazil
Quartier-Militaire,/m/02qyyrt,,Mauritius
Quasqueton,/m/0ss32,,United States
Qudsayya,/m/0j_77d9,,Syria
Queanbeyan,/m/02sqqc,,Australia
Quebec City,/m/0pmp2,,Canada
Quedlinburg,/m/06bdf,,Germany
Queen City,/m/0wzzf,,United States
Queen City,/m/02175yj,,United States
Queens,/m/0ccvx,,United States
Queenstown,/m/06_zqt,,South Africa
Queenstown,/m/017cf7,,New Zealand
Queimados,/m/0gh3c4,,Brazil
Quelimane,/m/06fqrp,,Mozambique
Quellón,/m/0cxjld,,Chile
Queluz,/m/0crdd8x,,Portugal
Quemedava,/m/07s59c5,,Romania
Quenemo,/m/0t9b7,,United States
Querfurt,/m/07qzyk,,Germany
Quero,/m/07s9j6r,,Ecuador
Quesnel,/m/01x1dm,,Canada
Quetta,/m/0n84k,,Pakistan
Quetzaltenango,/m/0146md,,Guatemala
Quevedo,/m/0cdklw,,Ecuador
Quezon City,/m/01pt5w,,Philippines
Quiahuiztlan,/m/0417dwp,,Mexico
Quibdó,/m/03s7y5,,Colombia
Quickborn,/m/0cpcmt,,Germany
Quilamba Quiaxi,/m/0g9_3bf,,Angola
Quillabamba,/m/0464ggm,,Peru
Quillacollo,/m/08nbs3,,Bolivia
Quillota,/m/07vblt,,Chile
Quillón,/m/04yb8rh,,Chile
Quilmes,/m/037r8w,,Argentina
Quilpué,/m/0btn5y,,Chile
Quimby,/m/0ss_n,,United States
Quincy,/m/0t_gg,,United States
Quincy,/m/0s2z0,,United States
Quincy,/m/0rkrl,,United States
Quincy,/m/010qpv,,United States
Quinhagak,/m/0qd4n,,United States
Quinhamel,/m/06dpbv,,Guinea-Bissau
Quinlan,/m/0104cj,,United States
Quinta de Tilcoco,/m/04y6xzj,,Chile
Quintanilha,/m/03_bq9,,Portugal
Quinte West,/m/036dwq,,Canada
Quinter,/m/0t6zn,,United States
Quintero,/m/02p8_v2,,Chile
Quirihue,/m/02r3f_2,,Chile
Quitaque,/m/0_ywz,,United States
Quitilipi,/m/03hlchx,,Argentina
Quitman,/m/0qsc2,,United States
Quitman,/m/0rtc4,,United States
Quitman,/m/010ccr,,United States
Quitman,/m/0wpsh,,United States
Quito,/m/01dtq1,,Ecuador
Quivicán,/m/03c96s1,,Cuba
Quiza Cenitana,/m/0dlk708,,Algeria
Quiévrain,/m/017psg,,Belgium
Quiévrechain,/m/028b6mf,,France
Qujing,/m/0b77km,,People's Republic of China
Qulin,/m/0xh28,,United States
Quneitra,/m/044tyt,,Syria
Qurayyat,/m/063_l5b,,Oman
Qus,/m/02qlqtg,,Egypt
Qusar,/m/04gnfb4,,Azerbaijan
Quthing,/m/029_dk,,Lesotho
Quzhou,/m/03s7b3,,People's Republic of China
Quíbor,/m/0fqrxgp,,Venezuela
Ra'anana,/m/0g9yy,,Israel
Rab,/m/03c7gs1,,Croatia
Raba,/m/07s9gxb,,Indonesia
Rabat,/m/0fs44,,Morocco
Rabat,/m/03mdnc,,Malta
Rabaul,/m/01src9,,Papua New Guinea
Rabenau,/m/0fgrtb,,Germany
Rabia,/m/02plf88,,Iraq
Rabka-Zdrój,/m/0c2pg3,,Poland
Rabwah,/m/023bn0,,Pakistan
Raceland,/m/0tdtz,,United States
Racibórz,/m/022bvq,,Poland
Racine,/m/0118d3,,United States
Racine,/m/0w81h,,United States
Raciąż,/m/0gts5t,,Poland
Radcliff,/m/01_gn7h,,United States
Radcliffe,/m/0s_4z,,United States
Radeberg,/m/0b9rrg,,Germany
Radebeul,/m/02jdbv,,Germany
Radeburg,/m/0fgrvr,,Germany
Radekhiv,/m/0gt5f5,,Ukraine
Radevormwald,/m/05mq0p,,Germany
Radeče,/m/08zv26,,Slovenia
Radford,/m/0mn6k,,United States
Radium,/m/0tbxy,,United States
Radków,/m/02pj2nq,,Poland
Radlin,/m/03c2jg,,Poland
Radolfzell am Bodensee,/m/017jr8,,Germany
Radom,/m/0jx0k,,Poland
Radomsko,/m/0228t5,,Poland
Radomyshl,/m/0bmk71,,Ukraine
Radomyśl Wielki,/m/028bngg,,Poland
Radoszyce,/m/03d68r3,,Poland
Radoviš,/m/0c0jr0,,North Macedonia
Radovljica,/m/06mhdl,,Slovenia
Radviliškis,/m/06_s7m,,Lithuania
Radymno,/m/02rr9w,,Poland
Radyvyliv,/m/060c8w,,Ukraine
Radziejów,/m/0c58zv,,Poland
Radzionków,/m/027yzk4,,Poland
Radzymin,/m/08cy51,,Poland
Radzyń Chełmiński,/m/02plx6x,,Poland
Radzyń Podlaski,/m/022hlz,,Poland
Radłów,/m/04q0b96,,Poland
Raeford,/m/0yh74,,United States
Rafael Calzada,/m/0h2y8t,,Argentina
Rafael Castillo,/m/03qcgsj,,Argentina
Rafaela,/m/07_m6s,,Argentina
Rafah,/m/02shrz,,Palestine
Rafha,/m/0b8s0b,,Saudi Arabia
Rafz,/m/05hxjj,,Switzerland
Raguhn-Jeßnitz,/m/09v1t_4,,Germany
Rahat,/m/01vttk,,Israel
Rahayta,/m/0gy1xyl,,Eritrea
Rahden,/m/0bjjdr,,Germany
Rahim Yar Khan,/m/078rs6,,Pakistan
Rahmaniya,/m/0gxzq2j,,Egypt
Rahovec,/m/01psh3,,Kosovo
Rahway,/m/0xt1y,,United States
Raiganj,/m/08sf_0,,India
Raigarh,/m/095_nx,,India
Rain,/m/0fgryw,,Germany
Rainbow City,/m/0q75f,,United States
Rainier,/m/0zc8w,,United States
Rainier,/m/010vg5,,United States
Rainsville,/m/0q6yv,,United States
Raipur,/m/02t5s4,,India
Rajbiraj,/m/04nwf5,,Nepal
Rajgarh,/m/03t6r_,,India
Rajgarh,/m/08mrpl,,India
Rajgród,/m/0286gy0,,Poland
Rajka,/m/02r337f,,Hungary
Rajkot,/m/03gmlq,,India
Rajneeshpuram,/m/071zln,,United States
Rajpur Sonarpur,/m/0f62py,,India
Rajshahi,/m/04v076,,Bangladesh
Rakamaz,/m/026s2jf,,Hungary
Rake,/m/0t4gj,,United States
Rakhiv,/m/0b170t,,Ukraine
Rakoniewice,/m/02889v5,,Poland
Rakovník,/m/069jj2,,Czech Republic
Rakvere,/m/04_f4_,,Estonia
Raleigh,/m/0fvyg,,United States
Ralls,/m/0__rs,,United States
Ralston,/m/0sslx,,United States
Ralston,/m/0x6f5,,United States
Ramadi,/m/01kk8b,,Iraq
Ramallah,/m/0c11l,,Palestine
Ramallo,/m/03m3y3n,,Argentina
Ramat Gan,/m/01tdn5,,Israel
Ramat HaSharon,/m/01tpfg,,Israel
Ramatlabama,/m/06zl21c,,South Africa
Ramciel,/m/0ggbh20,,South Sudan
Ramer,/m/0_w3y,,United States
Ramgarh Upazila,/m/028c692,,Bangladesh
Ramidava,/m/0gffvmm,,Romania
Ramla,/m/01vt21,,Israel
Ramlat Khaliya,/m/09v1mgv,,Oman
Ramlat Khaliya,/m/09v1mgv,,Saudi Arabia
Ramnagar,/m/02py_8q,,India
Ramokgwebana,/m/0fxrtx,,Botswana
Ramona,/m/0t8gc,,United States
Ramos Mejía,/m/0408tz9,,Argentina
Ramotswa,/m/02dlcp,,Botswana
Rampur,/m/02kp02,,India
Ramseur,/m/0yjys,,United States
Ramsey,/m/0vsvq,,United States
Ramstein-Miesenbach,/m/07k7hf,,Germany
Ramygala,/m/0g3nzj,,Lithuania
Rancagua,/m/03n6zd,,Chile
Ranchi,/m/01ttt6,,India
Rancho Cordova,/m/0r46n,,United States
Rancho Cucamonga,/m/0r4nw,,United States
Rancho Mirage,/m/0r3w7,,United States
Rancho Palos Verdes,/m/0r0tk,,United States
Rancho Santa Margarita,/m/09v2l8y,,United States
Randalia,/m/0szct,,United States
Randall,/m/0w7q4,,United States
Randall,/m/0szzd,,United States
Randall,/m/0t7mc,,United States
Randburg,/m/03fz2j,,South Africa
Randers,/m/0ghtdr,,Denmark
Randleman,/m/0yjz3,,United States
Randolph,/m/0wtxc,,United States
Randolph,/m/01m2rp,,United States
Randolph,/m/0szmr,,United States
Randolph,/m/0tb5n,,United States
Randolph,/m/0x5bc,,United States
Randolph,/m/0vz3t,,United States
Ranger,/m/02176xn,,United States
Rangkasbitung,/m/0808nnc,,Indonesia
Rangpur,/m/03bx6b9,,Bangladesh
Rangsit,/m/0vpvtqc,,Thailand
Ranier,/m/0w44q,,United States
Ranis,/m/0fgs2r,,Germany
Rankin,/m/010b5z,,United States
Ranlo,/m/0ygj1,,United States
Ranong,/m/04qh3r,,Thailand
Ransbach-Baumbach,/m/0bzp14,,Germany
Ransom,/m/0t95s,,United States
Ranson,/m/010x18,,United States
Rantau Panjang,/m/0dr39j,,Malaysia
Rantau Prapat,/m/051xhjk,,Indonesia
Rantepao,/m/02z3csw,,Indonesia
Rantoul,/m/0t6vj,,United States
Ranya,/m/0b8h_c,,Iraq
Raphana,/m/0bh096,,Jordan
Raphana,/m/0bh096,,Syria
Rapid City,/m/0_rwf,,United States
Rapla,/m/02nkb_,,Estonia
Rapperswil,/m/05_5rls,,Switzerland
Rapperswil-Jona,/m/01tk63,,Switzerland
Raqqa,/m/03hz03,,Syria
Ras Ajdir,/m/02vr8c6,,Libya
Ras El Bar,/m/03b_9v4,,Egypt
Ras Gharib,/m/04ldwjf,,Egypt
Ras Lanuf,/m/03bz90f,,Libya
Ras Tanura,/m/05qxlc,,Saudi Arabia
Ras al-Ayn,/m/02qj25m,,Syria
Ras al-Bassit,/m/0bbwbk6,,Syria
Ras el Ma,/m/0286vc4,,Morocco
Rasht,/m/03jx1w,,Iran
Rason,/m/03nd9p,,North Korea
Rastatt,/m/03br38,,Germany
Rastenberg,/m/0fgs4v,,Germany
Raszków,/m/0288b4v,,Poland
Ratcliff,/m/0qvgv,,United States
Rathbun,/m/0srjh,,United States
Rathdrum,/m/01_6c39,,United States
Rathenow,/m/0b9rv0,,Germany
Ratiaria,/m/0fqnqwn,,Bulgaria
Ratingen,/m/03y928,,Germany
Ratlam,/m/03t2c9,,India
Ratnagiri,/m/034n0q,,India
Ratnanagar,/m/04lgtbq,,Nepal
Ratodero,/m/09lqcg,,Pakistan
Raton,/m/0xttp,,United States
Ratzeburg,/m/0pzh_,,Germany
Rauenberg,/m/0fgs68,,Germany
Raunheim,/m/0dq3tw,,Germany
Rauschenberg,/m/02lyb1,,Germany
Rava-Ruska,/m/0c1rkx,,Ukraine
Ravenna,/m/09b93,,Italy
Ravenna,/m/01011f,,United States
Ravenna,/m/0x4p_,,United States
Ravenna,/m/0z0yt,,United States
Ravenna,/m/0tdkn,,United States
Ravensburg,/m/03jfc9,,Germany
Ravenspurn,/m/0264_jd,,United Kingdom
Ravenstein,/m/0fgs8d,,Germany
Ravenstein,/m/0vlp0,,Netherlands
Ravenswood,/m/010w_x,,United States
Ravenwood,/m/0wyp2,,United States
Ravne na Koroškem,/m/079s6t,,Slovenia
Rawa Mazowiecka,/m/05zy9x,,Poland
Rawabi,/m/080l7ng,,Palestine
Rawalpindi,/m/01yf40,,Pakistan
Rawatbhata,/m/0f63mk,,India
Rawatsar,/m/0f63mx,,India
Rawicz,/m/022myy,,Poland
Rawlins,/m/011f8j,,United States
Rawson,/m/0ypqh,,United States
Rawson,/m/02tb7_,,Argentina
Raxaul,/m/0f28_5,,India
Ray,/m/0ys9p,,United States
Ray,/m/01ct0j,,Iran
Ray City,/m/0rt7p,,United States
Raya,/m/053c26j,,Indonesia
Raydah,/m/05pb5rs,,Yemen
Raymond,/m/0wq7f,,United States
Raymond,/m/010sq9,,United States
Raymond,/m/0w3m4,,United States
Raymond,/m/0srvt,,United States
Raymond,/m/0tb48,,United States
Raymondville,/m/021773x,,United States
Raymore,/m/0wtfl,,United States
Rayne,/m/0tjfj,,United States
Raynham,/m/0yk83,,United States
Rayong,/m/04q9tr,,Thailand
Raytown,/m/0wwcl,,United States
Raywick,/m/0tg_d,,United States
Razzakov,/m/08lwys,,Kyrgyzstan
Reading,/m/0zlgm,,United States
Reading,/m/0yy2f,,United States
Reading,/m/0v737,,United States
Reading,/m/0t8bl,,United States
Readlyn,/m/0sr_n,,United States
Reales Alcázares,/m/08dfpy,,Spain
Reasnor,/m/0s_yd,,United States
Recaș,/m/02q0k5s,,Romania
Recidava,/m/0gffn4q,,Romania
Recife,/m/0hdzt,,Brazil
Recklinghausen,/m/0438p3,,Germany
Reconquista,/m/083g5_,,Argentina
Rector,/m/0qs8b,,United States
Recuay,/m/02v_1t0,,Peru
Recz,/m/027_84w,,Poland
Red Bank,/m/0_v63,,United States
Red Bay,/m/0q7bs,,United States
Red Bluff,/m/0r7pr,,United States
Red Boiling Springs,/m/0_vvy,,United States
Red Bud,/m/0sfzc,,United States
Red Cloud,/m/0xbxn,,United States
Red Cross,/m/04zvk66,,United States
Red Deer,/m/011__n,,Canada
Red Lake Falls,/m/0wft0,,United States
Red Lick,/m/0_yhq,,United States
Red Lodge,/m/0x1g9,,United States
Red Oak,/m/0yj3_,,United States
Red Oak,/m/0t1s3,,United States
Red Oak,/m/0100xl,,United States
Red Springs,/m/013j0s,,United States
Red Wing,/m/0w003,,United States
"Reda, Poland",/m/0296rl,,Poland
Redcliff,/m/0478fr,,Zimbabwe
Redding,/m/0r6rq,,United States
Redding,/m/0t2v5,,United States
Redfield,/m/0qtzp,,United States
Redfield,/m/0t5b3,,United States
Redfield,/m/0stwz,,United States
Redfield,/m/0_s89,,United States
Redlands,/m/01zlwg6,,United States
Redmond,/m/0zcjl,,United States
Redmond,/m/06m7v,,United States
Redondo Beach,/m/0r0tz,,United States
Redwater,/m/0_yj1,,United States
Redwood City,/m/0r5wt,,United States
Redwood Falls,/m/013g1l,,United States
Reed City,/m/0vn09,,United States
Reeder,/m/0ymrz,,United States
Reedley,/m/0qzbf,,United States
Reeds,/m/0wwlt,,United States
Reeds Spring,/m/0xjck,,United States
Reedsburg,/m/01mn5s,,United States
Reedsport,/m/0zcnq,,United States
Rees,/m/0bfk65,,Germany
Reform,/m/0qbgh,,United States
Regal,/m/0w3mh,,United States
Regan,/m/0yn9v,,United States
Regen,/m/07lv23,,Germany
Regensburg,/m/0d34_,,Germany
Regensdorf,/m/0fqr39,,Switzerland
Regent,/m/0yp7_,,United States
Reggio Calabria,/m/0c7h7,,Italy
Reggio Emilia,/m/02z_hm,,Italy
Regillum,/m/0vzskmn,,Italy
Regina,/m/0pmpl,,Canada
Regis-Breitingen,/m/0fgsck,,Germany
Regniowez,/m/03m8g6l,,France
Rehau,/m/0dz9th,,Germany
Rehburg-Loccum,/m/07l1n9,,Germany
Rehna,/m/0fgsfq,,Germany
Rehoboth,/m/0653b0,,Namibia
Rehoboth Beach,/m/0rh4n,,United States
Rehovot,/m/01vtty,,Israel
Reichelsheim,/m/01x10g,,Germany
Reichenbach,/m/04np2f,,Germany
Reichenbach,/m/04np2f,,Duchy of Jawor
Reichenbach im Vogtland,/m/04np75,,Germany
Reidsville,/m/0ykc6,,United States
Reidsville,/m/0rz7v,,United States
Reile's Acres,/m/0ynlk,,United States
Reimerswaal,/m/0gtw0mb,,Netherlands
Reims,/m/0d117,,France
Reinach,/m/0g77py,,Switzerland
Reinbeck,/m/0sztl,,United States
Reinbek,/m/01kq8q,,Germany
Reinfeld,/m/0cwb_g,,Germany
Reinheim,/m/0dmmv3,,Germany
Reishahr,/m/02vr8xd,,Iran
Rejowiec,/m/04f35lv,,Poland
Rejowiec Fabryczny,/m/0ct4n4,,Poland
Rekingen,/m/0fzmy3,,Switzerland
Reklaw,/m/013m2c,,United States
Remagen,/m/01ym01,,Germany
Rembrandt,/m/0ss6j,,United States
Remda-Teichel,/m/0fgskw,,Germany
Remedios de Escalada,/m/0fsndq,,Argentina
Remer,/m/0vwtf,,United States
Remerton,/m/0rxy6,,United States
Remich,/m/058vb4,,Luxembourg
Remscheid,/m/018nw6,,Germany
Remseck am Neckar,/m/0dkn3s,,Germany
Remsen,/m/0t28n,,United States
Ren-ai Township,/m/07kb897,,Taiwan
Renaico,/m/03vg_5,,Chile
Renala Khurd,/m/025vjlq,,Pakistan
Renchen,/m/0b2lt5,,Germany
Rendsburg,/m/0n1l2,,Germany
Renens,/m/01qc_4,,Switzerland
Renfrew,/m/03bz5bv,,United Kingdom
Rengo,/m/025t6cm,,Chile
Reni,/m/06hh7f,,Ukraine
Rennerod,/m/0bzp4p,,Germany
Rennert,/m/0yk8g,,United States
Rennes,/m/0chjm,,France
Renningen,/m/0dm_lm,,Germany
Reno,/m/06kx2,,United States
Reno,/m/013tv9,,United States
Reno,/m/0105br,,United States
Rensselaer,/m/0y5_w,,United States
Rensselaer,/m/0smlv,,United States
Renton,/m/010rpr,,United States
Rentz,/m/0rxrc,,United States
Renville,/m/0wgl4,,United States
Renwick,/m/0s_kb,,United States
Reps,/m/0gmfj4y,,Albania
Republic,/m/0wvry,,United States
Republic,/m/010qfk,,United States
Republic,/m/0tb15,,United States
Requena,/m/07929s,,Spain
Requena,/m/09rmm0,,Peru
Requínoa,/m/04y8nyp,,Chile
Rerik,/m/0fgszt,,Germany
Resende,/m/04dfmy,,Brazil
Reserve,/m/0t5f6,,United States
Resistencia,/m/02tb7k,,Argentina
Resko,/m/027_9d2,,Poland
Ressano Garcia,/m/04gtxs_,,Mozambique
Reszel,/m/04y7kp,,Poland
Retalhuleu,/m/01x7ny,,Guatemala
Rethem,/m/05cg5m,,Germany
Rethymno,/m/03fzjh,,Greece
Retranchement,/m/027z99c,,Netherlands
Reubens,/m/0s28_,,United States
Reutlingen,/m/03hb5z,,Germany
Revelstoke,/m/02qrmp,,Canada
Revere,/m/0t_xb,,United States
Revere,/m/0wtqj,,United States
Revere,/m/0wg1m,,United States
Rewa,/m/03pcbz,,India
Rewari,/m/0980sc,,India
Rexburg,/m/0s2bq,,United States
Rexford,/m/0tc4h,,United States
Reyes,/m/03c4x85,,Bolivia
Reyhanlı,/m/0bfgww,,Turkey
Reykjavík,/m/06flg,,Iceland
Reynolds,/m/013j6t,,United States
Reynolds,/m/0rz8j,,United States
Reynoldsburg,/m/013jqc,,United States
Reynosa,/m/01gm_j,,Mexico
Reyðarfjörður,/m/091gzq,,Iceland
Rezina,/m/0gmfgx,,Moldova
Reșița,/m/0grfk,,Romania
Rhacotis,/m/0cr4c3,,Egypt
Rhaecelus,/m/03y6p1s,,Greece
Rhame,/m/0yn6d,,United States
Rhaphanaea,/m/04f307y,,Syria
Rhea Springs,/m/05c21zr,,United States
Rheda-Wiedenbrück,/m/0bfpvz,,Germany
Rhede,/m/0bfj9b,,Germany
Rhede (Ems),/m/0c58y2,,Germany
Rhederbrug,/m/010gnv8s,,Netherlands
Rheinau,/m/0b2lv7,,Germany
Rheinau,/m/0gs7yj,,Switzerland
Rheinbach,/m/0bks2k,,Germany
Rheinberg,/m/0bn75f,,Germany
Rheinböllen,/m/0bt27r,,Germany
Rheine,/m/018st8,,Germany
Rheinfelden,/m/08f87q,,Germany
Rheinsberg,/m/0bns9j,,Germany
Rheinstetten,/m/049ddf,,Germany
Rhens,/m/0bsj8b,,Germany
Rheydt,/m/02cr0g,,Germany
Rhinelander,/m/01171v,,United States
Rhinow,/m/0fgt2m,,Germany
Rhipe,/m/04zzvpl,,Greece
Rhizus,/m/03wfc73,,Greece
Rhodes,/m/06ky_,,Greece
Rhodes,/m/0t1ds,,United States
Rhodhiss,/m/013hrz,,United States
Rhoiteion,/m/0g9xdl6,,Turkey
Rhome,/m/010cbc,,United States
Rhypes,/m/05q6ybr,,Greece
Rhytion,/m/0bq3t1,,Greece
Rialto,/m/0r4pn,,United States
Ribeira Brava,/m/05m_ypq,,Cape Verde
Ribeira Grande,/m/05n048g,,Cape Verde
Ribeirão Pires,/m/0g7jd6,,Brazil
Ribeirão Preto,/m/01sqss,,Brazil
Ribeirão das Neves,/m/0f9dkx,,Brazil
Riberalta,/m/0c6fwx,,Bolivia
Ribnitz-Damgarten,/m/0120ph,,Germany
Ricciacum,/m/0ggbjx2,,Luxembourg
Rice,/m/010753,,United States
Rice,/m/0vv0l,,United States
Rice Lake,/m/01mjfr,,United States
Rice Lake,/m/0wjwy,,United States
Riceboro,/m/0rxvg,,United States
Riceville,/m/013cjv,,United States
Rich Hill,/m/0wsq4,,United States
Rich Square,/m/0yjdp,,United States
Richard Toll,/m/05g43q,,Senegal
Richardson,/m/013m57,,United States
Richardton,/m/0yrjh,,United States
Richfield,/m/0yl1k,,United States
Richfield,/m/0t8_6,,United States
Richfield,/m/0s2b0,,United States
Richfield,/m/010g8z,,United States
Richfield,/m/0w1f5,,United States
Richford,/m/010jm8,,United States
Richland,/m/0zbzt,,United States
Richland,/m/0wrkn,,United States
Richland,/m/0fth7,,United States
Richland,/m/013gsj,,United States
Richland,/m/0rz2l,,United States
Richland,/m/0t0bw,,United States
Richland Center,/m/0118m0,,United States
Richland Hills,/m/0109hd,,United States
Richlands,/m/0yjjx,,United States
Richlawn,/m/0tg0j,,United States
Richmond,/m/0dzt9,,United States
Richmond,/m/0gdk0,,United States
Richmond,/m/0179q0,,Canada
Richmond,/m/010djy,,United States
Richmond,/m/0wzrx,,United States
Richmond,/m/0p9nv,,United States
Richmond,/m/0tgyn,,United States
Richmond,/m/0101dg,,United States
Richmond,/m/013f3z,,United States
Richmond,/m/0wkg4,,United States
Richmond,/m/0t6vw,,United States
Richmond Heights,/m/0x04l,,United States
Richmond Heights,/m/0yvr2,,United States
Richmond Hill,/m/01gd9w,,Canada
Richmond Hill,/m/0rtcw,,United States
Richtenberg,/m/0fgt40,,Germany
Richterswil,/m/0gtt6c,,Switzerland
Richville,/m/0wc7r,,United States
Richwood,/m/0_yrt,,United States
Richwood,/m/010y5y,,United States
Rickardsville,/m/0sz5y,,United States
Ricketts,/m/0stqf,,United States
Ridder,/m/0bwjxq,,Kazakhstan
Ridder,/m/0bwjxq,,Soviet Union
Ridder,/m/0bwjxq,,Russian Empire
Riddle,/m/0zcqw,,United States
Ridgecrest,/m/0q_f2,,United States
Ridgefield,/m/010q59,,United States
Ridgeland,/m/0wr0d,,United States
Ridgeside,/m/0_v6g,,United States
Ridgetop,/m/013lf8,,United States
Ridgeway,/m/0wvwr,,United States
Ridgeway,/m/0t4km,,United States
Riedlingen,/m/072z0d,,Germany
Riedstadt,/m/0dkrc5,,Germany
Riehen,/m/024w8p,,Switzerland
Rieneck,/m/0fgt87,,Germany
Riesa,/m/062953,,Germany
Riesel,/m/0106ct,,United States
Rietavas,/m/089lf0,,Lithuania
Rietberg,/m/0bfpy2,,Germany
Riffa,/m/047d7dl,,Bahrain
Rifle,/m/0rb4r,,United States
Riga,/m/06cn5,,Latvia
Rigby,/m/0s1zp,,United States
Riggins,/m/0s1x8,,United States
Rijeka,/m/01r3s5,,Croatia
Rijswijk,/m/0wbxv,,Netherlands
Riksgränsen,/m/02ln1x,,Sweden
Riley,/m/0tb5_,,United States
Rimini,/m/0kt0w,,Italy
Rinard,/m/0ssg2,,United States
Rincon,/m/027ljlx,,Netherlands
Rincon,/m/0rw5p,,United States
Rinconada,/m/0cp13md,,Chile
Ringgold,/m/0rtrz,,United States
Ringsted,/m/01pq_y,,Denmark
Ringsted,/m/0sz8p,,United States
Rinteln,/m/013zc8,,Germany
Rio Branco,/m/03dz8s,,Brazil
Rio Bravo,/m/010br7,,United States
Rio Claro,/m/062nh1,,Brazil
Rio Communities,/m/0xw_w,,United States
Rio Dell,/m/0qzm0,,United States
Rio Grande,/m/0h35hq,,Brazil
Rio Grande City,/m/01093g,,United States
Rio Hondo,/m/0_zm3,,United States
Rio Lucio,/m/0xwqx,,United States
Rio Rancho,/m/013hf0,,United States
Rio Rico,/m/082fdk,,Mexico
Rio Verde,/m/09m4sc,,Brazil
Rio Vista,/m/0104yx,,United States
Rio Vista,/m/0r714,,United States
Rio das Ostras,/m/027m918,,Brazil
Rio de Janeiro,/m/06gmr,,Brazil
Riobamba,/m/05dt23,,Ecuador
Riohacha,/m/06xkvq,,Colombia
Rioja,/m/09ldzv,,Peru
Ripač,/m/0cc8jch,,Bosnia and Herzegovina
Ripley,/m/0wrw9,,United States
Ripley,/m/0_vqs,,United States
Ripley,/m/010x07,,United States
Ripon,/m/012pqp,,United Kingdom
Ripon,/m/01mkqg,,United States
Ripon,/m/0r5g4,,United States
Rippey,/m/0szqv,,United States
Ririe,/m/0s16x,,United States
Risalpur,/m/09lhmb,,Pakistan
Risch,/m/0fwlqp,,Switzerland
Risco,/m/0wyb8,,United States
Rishikesh,/m/0cctvs,,India
Rishon LeZion,/m/01tdvx,,Israel
Rishra,/m/0f6444,,India
Rishton,/m/06tz_m,,Uzbekistan
Rising Star,/m/0100jc,,United States
Rising Sun,/m/0sp5d,,United States
Rison,/m/0qscv,,United States
Rittman,/m/013jzs,,United States
Ritzville,/m/010pmt,,United States
Rivadavia,/m/03m7hhh,,Argentina
Rivadavia,/m/0fsh47,,Argentina
Rivas,/m/02wq98,,Nicaragua
River Bend,/m/0yft1,,United States
River Bluff,/m/0thn1,,United States
River Cess,/m/09jpql,,Liberia
River Falls,/m/01mmln,,United States
River Heights,/m/010dk8,,United States
River Oaks,/m/0109hr,,United States
River Rouge,/m/0vrvr,,United States
Rivera,/m/06xkhs,,Uruguay
Rivera del Bravo,/m/0bh8j0t,,Mexico
Riverbank,/m/0r7hd,,United States
Riverdale,/m/021c6yk,,United States
Riverdale,/m/0t32g,,United States
Riverdale,/m/0ypt7,,United States
Riverdale,/m/0rv5s,,United States
Rivergrove,/m/013kj2,,United States
Riverside,/m/0r3wm,,United States
Riverside,/m/0z01g,,United States
Riverside,/m/0wzbh,,United States
Riverside,/m/010bfy,,United States
Riverside,/m/0t44j,,United States
Riverton,/m/010ftj,,United States
Riverton,/m/011fjw,,Chad
Riverton,/m/0vyv4,,United States
Riverton,/m/0szn2,,United States
Riverview,/m/0vrw2,,United States
Riverwood,/m/0tg0w,,United States
Riviera Beach,/m/0rqgv,,United States
Rivne,/m/04hwt0,,Ukraine
Riyadh,/m/0dlm_,,Saudi Arabia
Rize,/m/04td64,,Turkey
Rizhao,/m/0897yd,,People's Republic of China
Rjukan,/m/033ph9,,Norway
Roanoke,/m/0k1jg,,United States
Roanoke,/m/0qbk2,,United States
Roanoke,/m/01007f,,United States
Roanoke Rapids,/m/0ygtp,,United States
Robards,/m/0tf2z,,United States
Robat Karim,/m/0g4cj5,,Iran
Robbins,/m/0yh_w,,United States
Robbinsdale,/m/0xdft,,United States
Robbinsville,/m/0ygl3,,United States
Robe,/m/03m4vw_,,Ethiopia
Robe,/m/03c_mxd,,Ethiopia
Robersonville,/m/0yhsm,,United States
Robert Lee,/m/0__52,,United States
Roberta,/m/0rvp1,,United States
Roberts,/m/0s1_0,,United States
Robertsdale,/m/0pgv6,,United States
Robins,/m/0t0sc,,United States
Robinson,/m/0yp90,,United States
Robinson,/m/0s5xd,,United States
Robinson,/m/0106d4,,United States
Robinson,/m/0t5fk,,United States
Robstown,/m/0107b8,,United States
Roby,/m/0217cxr,,United States
Rocha,/m/043sgdc,,Uruguay
Rochefort,/m/017sb0,,Belgium
Rochelle,/m/0sf52,,United States
Rochelle,/m/0r_37,,United States
Rocheport,/m/0wsvz,,United States
Rochester,/m/0y1rf,,United States
Rochester,/m/0w9hk,,United States
Rochester,/m/0sljm,,United States
Rochester,/m/0vm3r,,United States
Rochester,/m/0xk4_,,United States
Rochester,/m/0td07,,United States
Rochester Hills,/m/0vm42,,United States
Rochlitz,/m/0ds310,,Germany
Rock Creek,/m/0wd1b,,United States
Rock Falls,/m/0sj6n,,United States
Rock Falls,/m/0ssww,,United States
Rock Hill,/m/0_nyx,,United States
Rock Hill,/m/0x058,,United States
Rock Island,/m/0sg6b,,United States
Rock Island,/m/010qdj,,United States
Rock Port,/m/0ws9s,,United States
Rock Rapids,/m/0t10m,,United States
Rock Springs,/m/011gqs,,United States
Rock Valley,/m/0t3b1,,United States
Rockaway Beach,/m/0zfvx,,United States
Rockaway Beach,/m/01__mtn,,United States
Rockdale,/m/0106k1,,United States
Rockenhausen,/m/0br4vc,,Germany
Rockford,/m/010v7w,,United States
Rockford,/m/0sjqm,,United States
Rockford,/m/0szh7,,United States
Rockford,/m/013fqv,,United States
Rockford,/m/0v9vb,,United States
Rockford,/m/0_sx9,,United States
Rockhampton,/m/01l53f,,Australia
Rockingham,/m/0yk1z,,United States
Rocklake,/m/0yrtp,,United States
Rockland,/m/0s2k8,,United States
Rockland,/m/0tqj0,,United States
Rockledge,/m/0rhsh,,United States
Rocklin,/m/0r2wj,,United States
Rockmart,/m/0rys6,,United States
Rockport,/m/0_xl_,,United States
Rockport,/m/0qtly,,United States
Rockport,/m/0thk9,,United States
Rockport,/m/0sp_0,,United States
Rockville,/m/0bxbb,,United States
Rockville,/m/0wsqh,,United States
Rockville,/m/0wkgh,,United States
Rockwall,/m/01088w,,United States
Rockwell,/m/0ykgn,,United States
Rockwell,/m/0ssx6,,United States
Rockwell City,/m/0ssgf,,United States
Rockwood,/m/0_wjj,,United States
Rockwood,/m/0vrwf,,United States
Rocky Ford,/m/0rc83,,United States
Rocky Mount,/m/0p7vt,,United States
Rocky River,/m/0yvrf,,United States
Rocky Top,/m/013l7s,,United States
Rocroi,/m/05rb1b,,France
Rodalben,/m/0bzg79,,Germany
Rodange,/m/0czm8c,,Luxembourg
Rodas,/m/0c34j0,,Cuba
Rodenberg,/m/0cjhrz,,Germany
Rodenäs,/m/03c4rg1,,Germany
Rodewisch,/m/0fgtgq,,Germany
Rodgau,/m/05_n3_,,Germany
Roding,/m/059rkh,,Germany
Rodman,/m/0t256,,United States
Rodney,/m/0t1nb,,United States
Rodrigues Alves,/m/026bf9p,,Brazil
Rodríguez,/m/0gvv2z4,,Uruguay
Rodynske,/m/0gtrsy,,Ukraine
Rodynske,/m/0gtrsy,,Soviet Union
Roeland Park,/m/0t7sz,,United States
Roermond,/m/0vjf9,,Netherlands
Roeselare,/m/0145l3,,Belgium
Rogers,/m/0ymwk,,United States
Rogers,/m/0qrrp,,United States
Rogers,/m/0xdgh,,United States
Rogers City,/m/0vnpm,,United States
Rogersville,/m/013h0p,,United States
Rogoźno,/m/0g9d0r,,Poland
Rogue River,/m/0zdgd,,United States
Rohatyn,/m/08mtpm,,Ukraine
Rohnert Park,/m/01zm1wh,,United States
Rohtak,/m/0980v3,,India
Rokiškis,/m/072rtt,,Lithuania
Rokycany,/m/05ygnj,,Czech Republic
Roland,/m/0t3fv,,United States
Rolesville,/m/0ylv5,,United States
Rolette,/m/0yr7s,,United States
Rolfe,/m/0t2cr,,United States
Rolla,/m/0yr83,,United States
Rolla,/m/0wz3l,,United States
Rolla,/m/0t8_k,,United States
Rolling Fields,/m/0tg16,,United States
Rolling Fork,/m/0wrmq,,United States
Rolling Hills,/m/0tg1k,,United States
Rolling Hills,/m/0r0vc,,United States
Rolling Hills Estates,/m/0v3m3,,United States
Rolling Meadows,/m/0s5l0,,United States
Rollingstone,/m/0wnkj,,United States
Rollingwood,/m/0109_1,,United States
Roma,/m/01093t,,United States
Roma Quadrata,/m/02vpsy0,,Italy
Roman Forest,/m/0106r_,,United States
Roman Theatre of Cádiz,/m/0h3xf3v,,Spain
Roman villa of Ammaia,/m/0h3q454,,Portugal
Roman villa of Ammaia,/m/0h3q454,,Ancient Rome
Romanshorn,/m/05qjp2,,Switzerland
Rombies-et-Marchipont,/m/03qfm4h,,France
Rome,/m/06c62,,Italy
Rome,/m/0y3zy,,United States
Rome,/m/0rwgm,,United States
Rome,/m/0s_ch,,United States
Rommani,/m/05pbvc4,,Morocco
Romney,/m/010wtn,,United States
Romny,/m/0b58tt,,Ukraine
Romrod,/m/0dtm4v,,Germany
Romulus,/m/0vrws,,United States
Ronan,/m/0xjrb,,United States
Ronceverte,/m/010ws7,,United States
Ronda,/m/0ymjn,,United States
Rondonópolis,/m/08f35k,,Brazil
Ronneburg,/m/0fgtrh,,Germany
Ronneby,/m/0vv0y,,United States
Ronnenberg,/m/0cmgwx,,Germany
Ronse,/m/0149t8,,Belgium
Roodepoort,/m/04ys30,,South Africa
Roodhouse,/m/0s7jc,,United States
Roorkee,/m/05xk8q,,India
Roosendaal,/m/0psbj,,Netherlands
Roosevelt,/m/010dzf,,United States
Roosevelt,/m/013fwn,,United States
Roosevelt Park,/m/0vfwf,,United States
Roosteren,/m/02q2tny,,Netherlands
Ropczyce,/m/02_rks,,Poland
Roper,/m/0ylyb,,United States
Ropesville,/m/01040d,,United States
"Roque Gonzales, Rio Grande do Sul",/m/059vzg,,Brazil
Roquebrune-Cap-Martin,/m/04h6pk,,France
Rorschach,/m/0229rb,,Switzerland
Rosario,/m/0gmf59m,,Uruguay
Rosario,/m/02tb17,,Argentina
Rosario de Lerma,/m/026bmj5,,Argentina
Rosario de la Frontera,/m/026b53s,,Argentina
Rosarito,/m/032kl4,,Mexico
Rosbach vor der Höhe,/m/0dy9p2,,Germany
Roscoe,/m/01076v,,United States
Roscoe,/m/0wkh5,,United States
Roscoe,/m/0_q80,,United States
Rose City,/m/0107g1,,United States
Rose City,/m/0vmpn,,United States
Rose Creek,/m/0fqs0v2,,United States
Rose Hall,/m/0dh095,,Guyana
Rose Hill,/m/0yg47,,United States
Rose Hill,/m/0t5kr,,United States
Rose Hill,/m/0t15f,,United States
Rose Hill Acres,/m/0102dq,,United States
Roseau,/m/0fs4n,,Dominica
Roseau,/m/0wh8h,,United States
Roseboro,/m/0ykqs,,United States
Rosebud,/m/0wvn4,,United States
Rosebud,/m/0100zn,,United States
Roseburg,/m/0zcr6,,United States
Rosedale,/m/0wpk8,,United States
Rosehearty,/m/038vy2,,United Kingdom
Roseland,/m/0t5rn,,United States
Rosemead,/m/0r0vr,,United States
Rosemount,/m/0vz4v,,United States
Rosenberg,/m/0101dt,,United States
Rosendale,/m/0ws8r,,United States
Rosenfeld,/m/0fgtyy,,Germany
Rosenheim,/m/01lh9v,,Germany
Rosenthal,/m/0fgv7_,,Germany
Rosetta,/m/0208hp,,Egypt
Roseville,/m/0r2x7,,United States
Roseville,/m/0vccp,,United States
Roseville,/m/0wfm4,,United States
Rosh HaAyin,/m/01vtst,,Israel
Rosice,/m/0gsq3q,,Czech Republic
Rosiclare,/m/0s7z5,,United States
Rosignol,/m/07lrml,,Guyana
Roskilde,/m/0kspw,,Denmark
Roskovec,/m/0278lbx,,Albania
Roslyn,/m/010s16,,United States
Rosmalen,/m/06m3c,,Netherlands
Rosman,/m/0yl6j,,United States
Ross,/m/0106dh,,United States
Ross,/m/0yq14,,United States
Rossford,/m/0z3mb,,United States
Rossie,/m/0st6z,,United States
Rossland,/m/04d6rs,,Canada
Rosslea,/m/0bdbqp,,United Kingdom
Rosso,/m/07bxps,,Mauritania
Rossville,/m/0tbs2,,United States
Rossville,/m/0rzrg,,United States
Rostock,/m/0qm40,,Germany
Rostov-on-Don,/m/01v15f,,Russia
Roswell,/m/06jdl,,United States
Roswell,/m/0rwmg,,United States
Rotan,/m/01015l,,United States
Rotenburg an der Fulda,/m/0dpc67,,Germany
Rotenburg an der Wümme,/m/0138vk,,Germany
Roth,/m/089v_2,,Germany
Rothenburg,/m/07t73m,,Germany
Rothenburg,/m/07t73m,,Kingdom of Prussia
Rothenburg,/m/07t73m,,Duchy of Jawor
Rothenburg ob der Tauber,/m/055mvs,,Germany
Rothenfels,/m/0fgvrg,,Germany
Rotherham,/m/016wrq,,United Kingdom
Rothes,/m/05l1xm,,United Kingdom
Rothesay,/m/020935,,United Kingdom
Rothsay,/m/013f_2,,United States
Rotorua,/m/01wx74,,New Zealand
Rottenburg am Neckar,/m/09h1kq,,Germany
Rotterdam,/m/06hdk,,Netherlands
Rottweil,/m/02wdc0,,Germany
Roubaix,/m/01qnm2,,France
Roudnice nad Labem,/m/092knf,,Czech Republic
Rouen,/m/0d33k,,France
Round Lake,/m/0w8x9,,United States
Round Rock,/m/013nbl,,United States
Round city of Baghdad,/m/0hgl3cf,,Iraq
Roundup,/m/0x360,,United States
Rourkela,/m/04t7vj,,India
Rovaniemi,/m/015nb0,,Finland
Rovenky,/m/0fb78s,,Ukraine
Rovereta,/m/0fq2v_h,,San Marino
Rovinari,/m/0bfd55,,Romania
Rovinj,/m/02n17m,,Croatia
Rowan,/m/0t4w8,,United States
Rowland,/m/0yk94,,United States
Rowlett,/m/013mdv,,United States
Rowley,/m/0ss3f,,United States
Roxas,/m/03wcgy,,Philippines
Roxboro,/m/0yjsk,,United States
Roxobel,/m/0yd9y,,United States
Roxton,/m/0105c2,,United States
Roy,/m/010hcb,,United States
Roy,/m/010t22,,United States
Royal,/m/0st79,,United States
Royal Alcázar of Segovia,/m/027hc9q,,Spain
Royal City,/m/010qq5,,United States
Royal Oak,/m/0vm4s,,United States
Royalton,/m/013f94,,United States
Royante,/m/0w1db4d,,France
Royse City,/m/013m5l,,United States
Royston,/m/0rwkq,,United States
Rozdilna,/m/03y5v8,,Ukraine
Rozel,/m/0t9hf,,United States
Rozhyshche,/m/0gt208,,Ukraine
Roznov,/m/027jr6l,,Romania
Rozprza,/m/04jd2xk,,Poland
Rozvadov,/m/0c4p24,,Czech Republic
Roßwein,/m/05sxk7,,Germany
Rožaje,/m/09ltrv,,Montenegro
Rožna Dolina,/m/0421h84,,Slovenia
Rožnov pod Radhoštěm,/m/0c2t5q,,Czech Republic
Rrëshen,/m/0278lgp,,Albania
Ruacana,/m/0c726y,,Namibia
Rubik,/m/0h1mtx,,Albania
Rubino,/m/05p1jyp,,Ivory Coast
Rubio,/m/0266q4c,,Venezuela
Rubizhne,/m/0gt378,,Ukraine
Rubtsovsk,/m/08bzg_,,Russia
Ruby,/m/0qjb0,,United States
Ruciane-Nida,/m/02plyrr,,Poland
Ruda Śląska,/m/0jxv8,,Poland
Rudabánya,/m/02rgslb,,Hungary
Rudd,/m/0szhl,,United States
Rudky,/m/0gt4fv,,Ukraine
Rudnik nad Sanem,/m/02896jq,,Poland
Rudny,/m/0ggtn9,,Kazakhstan
Rudolstadt,/m/09rc1n,,Germany
Rudrapur,/m/0f64f3,,India
Rueil-Malmaison,/m/02m4dl,,France
Rufino,/m/0h5qmt,,Argentina
Rufisque,/m/07h6l0,,Senegal
Rufus,/m/0zfq0,,United States
Rugby,/m/0yq91,,United States
Ruggell,/m/07vw89,,Liechtenstein
Ruhango,/m/0gj94k2,,Rwanda
Ruhengeri,/m/0620ss,,Rwanda
Ruhla,/m/06hj7z,,Germany
Ruhland,/m/0fgw6m,,Germany
Ruhwa,/m/011jnd7x,,Rwanda
Rui'an,/m/0fhr4f,,People's Republic of China
Ruidoso Downs,/m/0208yts,,United States
Ruili,/m/061nq7,,People's Republic of China
Ruisui Township,/m/05zm33b,,Taiwan
Ruleville,/m/0xgxq,,United States
Rumburk,/m/07h95s,,Czech Republic
Rumegies,/m/03mgyxy,,France
Rumelange,/m/07np07,,Luxembourg
Rumia,/m/01bkr9,,Poland
Rumphi,/m/02zv78,,Malawi
Runaway Bay,/m/010cbq,,United States
Rundu,/m/0b83_d,,Namibia
Rungholt,/m/06g0b,,Germany
Rungholt,/m/06g0b,,Duchy of Schleswig
Runkel,/m/0fgw92,,Germany
Runnells,/m/0t2h5,,United States
Rupa,/m/055nz30,,Croatia
Rupaidiha,/m/0h_cm9n,,India
Rupea,/m/0b5177,,Romania
Rupert,/m/0s2ds,,United States
Rupnagar,/m/09tzs5,,India
Rural Hall,/m/0yg9d,,United States
Rurrenabaque,/m/02z5zz,,Bolivia
Rusayl,/m/0gg5z5g,,Oman
Ruse,/m/01p4__,,Bulgaria
Rush Center,/m/0tbbj,,United States
Rush City,/m/0vx99,,United States
Rushford,/m/0v_d3,,United States
Rushford Village,/m/0v_dg,,United States
Rushmore,/m/0w8xn,,United States
"Rushnavand, Razavi Khorasan",/m/0k2jdcz,,Iran
Rushville,/m/0x9tl,,United States
Rushville,/m/0sgm1,,United States
Rushville,/m/0spwl,,United States
Rusidava,/m/0gffdjs,,Romania
Rusk,/m/0__0z,,United States
Ruso,/m/0yptl,,United States
Rusovce,/m/0g58c6,,Slovakia
Rusovce,/m/0g58c6,,Kingdom of Hungary
Ruspe,/m/0120z1dh,,Tunisia
Ruspina,/m/07zv10,,Tunisia
Russange,/m/03qf775,,France
Russeifa,/m/0bhbtt9,,Jordan
Russell,/m/0w5cx,,United States
Russell,/m/0t0yj,,United States
Russell,/m/0tbf8,,United States
Russell,/m/0tdv9,,United States
Russell Springs,/m/0thyp,,United States
Russell Springs,/m/0t872,,United States
Russellville,/m/0qwl4,,United States
Russellville,/m/0xh83,,United States
Russellville,/m/0q7c3,,United States
Russellville,/m/0tgx8,,United States
Russian Mission,/m/0qhw4,,United States
Rust,/m/03_ybb,,Austria
Rustaq,/m/0b56zq,,Oman
Rustavi,/m/03rfdw,,Georgia
Rustenburg,/m/057gsp,,South Africa
Ruston,/m/0tlcn,,United States
Ruston,/m/010t2f,,United States
Rutana,/m/02p30yz,,Burundi
Ruteng,/m/05q6gr9,,Indonesia
Rutesheim,/m/0dzptk,,Germany
Ruth,/m/0ykkw,,United States
Rutherford College,/m/0ydwq,,United States
Rutherfordton,/m/0ykl6,,United States
Ruthton,/m/0wdbr,,United States
Ruthven,/m/0t25k,,United States
Rutland,/m/01z7cq,,United States
Rutland,/m/0yrd0,,United States
Rutland,/m/0s_kp,,United States
Rutledge,/m/0wd2v,,United States
Rutledge,/m/0rycp,,United States
Ruwa,/m/027c6qs,,Zimbabwe
Ruyigi,/m/07gyzs,,Burundi
Ruše,/m/03n5c3,,Slovenia
Rwamagana,/m/07myzw,,Rwanda
Ryan,/m/0sv69,,United States
Ryazan,/m/02g4sv,,Russia
Rybinsk,/m/02c3yz,,Russia
Rybnik,/m/0jx3b,,Poland
Rychnov nad Kněžnou,/m/068zk2,,Czech Republic
Rychwał,/m/0288bqq,,Poland
Ryder,/m/0ys56,,United States
Rydułtowy,/m/022bpw,,Poland
Rydzyna,/m/06wj0v,,Poland
Rye,/m/01mhb9,,United States
Ryglice,/m/02plxwj,,Poland
Ryki,/m/02_13v,,Poland
Ryland Heights,/m/0tgk3,,United States
Rymanów,/m/09rb8_,,Poland
Rypin,/m/0c42_f,,Poland
Rzepin,/m/02rspr,,Poland
Rzeszów,/m/0jx2v,,Poland
Rzgów,/m/02pl6ls,,Poland
Rzhyshchiv,/m/0gt55m,,Ukraine
Rácalmás,/m/02r1rl2,,Hungary
Ráckeve,/m/0g541t,,Hungary
Rákóczifalva,/m/026nqq1,,Hungary
Râmnicu Sărat,/m/024_1v,,Romania
Râmnicu Vâlcea,/m/021pwr,,Romania
Râșnov,/m/05j0sw,,Romania
Räpina,/m/09v1b6v,,Estonia
Rédange,/m/03qf6t2,,France
Répcelak,/m/02rjm85,,Hungary
Rétság,/m/06lm2s,,Hungary
Río Branco,/m/05p55hj,,Uruguay
Río Bueno,/m/02qgnrk,,Chile
Río Cauto,/m/03cbhdh,,Cuba
Río Chico,/m/02rqfyl,,Venezuela
Río Colorado,/m/0bwkx8p,,Argentina
Río Cuarto,/m/05xdq7,,Argentina
Río Gallegos,/m/02tb9z,,Argentina
Río Grande,/m/03t9s7,,Argentina
Río Negro,/m/07gq1q,,Chile
Río Segundo,/m/047qwk0,,Argentina
Río Sereno,/m/03qnx9g,,Panama
Río Tercero,/m/0dqnp_,,Argentina
Río Turbio,/m/0bwft56,,Argentina
Rîbnița,/m/05y3nb,,Moldova
Rîbnița,/m/05y3nb,,Ottoman Empire
Rîbnița,/m/05y3nb,,Soviet Union
Rîbnița,/m/05y3nb,,Russian Empire
Rîbnița,/m/05y3nb,,Russian Republic
Rîbnița,/m/05y3nb,,Polish–Lithuanian Commonwealth
Rîbnița,/m/05y3nb,,Kingdom of Romania
Rîbnița,/m/05y3nb,,Ukrainian People's Republic
Rîbnița,/m/05y3nb,,Transnistria
Rîbnița,/m/05y3nb,,Ukrainian State
Rîbnița,/m/05y3nb,,Russian Socialist Federative Soviet Republic
Rîșcani,/m/0d13kv,,Moldova
Rîșcani,/m/0d13kv,,Soviet Union
Rîșcani,/m/0d13kv,,Russian Empire
Rîșcani,/m/0d13kv,,Kingdom of Romania
Rîșcani,/m/0d13kv,,Moldavian Democratic Republic
Rîșcani,/m/0d13kv,,Principality of Moldavia
Różan,/m/0c5f9c,,Poland
Röbel,/m/0fgtcf,,Germany
Rödental,/m/0dps1r,,Germany
Rödermark,/m/02cks1,,Germany
Römhild,/m/0fgtm7,,Germany
Rösrath,/m/097jv5,,Germany
Röszke,/m/026mk75,,Hungary
Rötha,/m/0fgvm8,,Germany
Röthenbach an der Pegnitz,/m/0dvpy1,,Germany
Röttingen,/m/0fgw0k,,Germany
Rötz,/m/0fgw4v,,Germany
Rønne,/m/0128kg,,Denmark
Rüdesheim am Rhein,/m/06gnl9,,Germany
Rüdlingen,/m/0fvtwq,,Switzerland
Rüsselsheim am Main,/m/05dhxc,,Germany
Rüthen,/m/0blymm,,Germany
Rüti,/m/0gv0qg,,Switzerland
Rýmařov,/m/0dp5g8,,Czech Republic
Răcari,/m/04gqc45,,Romania
Rădăuți,/m/04br2m,,Romania
Rădăuți-Prut,/m/0283v3r,,Romania
Rēzekne,/m/01d263,,Latvia
Rūjiena,/m/03c3v7v,,Latvia
Sa Đéc,/m/02rpb2r,,Vietnam
Saada,/m/09pcp8,,Yemen
Saalburg-Ebersdorf,/m/0fh66c,,Germany
Saalfeld,/m/03l7sz,,Germany
Saarbrücken,/m/011hrk,,Germany
Saarburg,/m/01mtdf,,Germany
Saarlouis,/m/01z6ws,,Germany
Saatly,/m/04gtvsq,,Azerbaijan
Saavedra,/m/0b6l14g,,Bolivia
Sabadell,/m/021821,,Spain
Sabaneta,/m/07l8nh,,Venezuela
Sabang,/m/0gn4_h,,Indonesia
Sabará,/m/0fb572,,Brazil
Sabetha,/m/013ct8,,United States
Sabha,/m/053j9j,,Libya
Sabile,/m/01hk8n,,Latvia
Sabin,/m/0vxrs,,United States
Sabinal,/m/010b6n,,United States
Sabinas Hidalgo,/m/0d6pbw,,Mexico
Sabirabad,/m/04gtb18,,Azerbaijan
Sabou,/m/04gt969,,Burkina Faso
Sabratha,/m/0420pz,,Libya
Sabula,/m/0s_sl,,United States
Sabzevar,/m/065b8g,,Iran
Sac City,/m/0t2xl,,United States
Sacaba,/m/09szlh,,Bolivia
Sacatepéquez,/m/0h1l3g,,Guatemala
Sacheon,/m/03v9_f,,South Korea
Sachkhere,/m/045k6z,,Georgia
Sachse,/m/013m6d,,United States
Sachsenhagen,/m/0cjhvt,,Germany
Sachsenheim,/m/0dn5jj,,Germany
Sacidava,/m/0gfgcs5,,Romania
Saco,/m/0tt21,,United States
Sacramento,/m/07bcn,,United States
Sacramento,/m/0th6n,,United States
Sacred Heart,/m/0wglh,,United States
Sadat City,/m/0g594n8,,Egypt
Sadhora,/m/0cpld2,,Ukraine
Sadieville,/m/0thzd,,United States
Sadler,/m/0101z1,,United States
Saeftinghe,/m/06s7d8,,Netherlands
Saepinum,/m/091gsp,,Italy
Safaga,/m/04bxfm,,Egypt
Safdarabad,/m/09_8j_,,Pakistan
Safed,/m/01vtnc,,Israel
Safety Harbor,/m/01_0wz8,,United States
Safford,/m/0qp93,,United States
Safi,/m/05bf2w,,Morocco
Safita,/m/05mh25,,Syria
Safwa City,/m/02wypph,,Saudi Arabia
Saga,/m/0gp6y2,,Japan
Sagaing,/m/06n709,,Myanmar
Sagala,/m/02t4j6,,Pakistan
Sagalassos,/m/03xdt9,,Turkey
Sagamihara,/m/02b29f,,Japan
Sagar,/m/03n5yk,,India
Sagarejo,/m/03m6yy8,,Georgia
Sagay,/m/06hp19,,Philippines
Sager House,/m/01vrqn,,Sweden
Sageville,/m/0sz68,,United States
Saginaw,/m/0vp5f,,United States
Saginaw,/m/0109j2,,United States
Sagua La Grande,/m/05nvd_,,Cuba
Sagua de Tánamo,/m/03cbbd4,,Cuba
Saguenay,/m/019y7l,,Canada
Sagure,/m/03hnqv2,,Ethiopia
Sahab,/m/09xhtg,,Jordan
Saharanpur,/m/05h7xj,,India
Saharsa,/m/05pnkp,,India
Sahiwal,/m/06scjz,,Pakistan
Sahiwal,/m/0j463nn,,Pakistan
Saidapet,/m/078b_p,,India
Saidpur,/m/08v0rv,,Bangladesh
Saidu Sharif,/m/0bv_wt,,Pakistan
Saijō-shi,/m/01wpjg,,Japan
Sailly-lez-Lannoy,/m/03h2b4z,,France
Sainshand,/m/0f_0d7,,Mongolia
Saint Ann's Bay,/m/09rtdgb,,Jamaica
Saint Aubin,/m/06ylh7,,Q785
Saint Clair,/m/0wvkc,,United States
Saint Helier,/m/01zwzb,,Q785
Saint John,/m/074r0,,Canada
Saint Mary's Point,/m/0wmss,,United States
Saint Michel,/m/03cdlx7,,Monaco
Saint Paul,/m/0b2lw,,United States
Saint Peter Port,/m/03csky,,Guernsey
Saint Petersburg,/m/06pr6,,Russia
Saint Thomas of Castilla,/m/0cbj4f,,Guatemala
Saint-Aybert,/m/03qfm6k,,France
Saint-Denis,/m/01ww7d,,France
Saint-Georges,/m/07hkg4,,France
Saint-Germain-des-Prés,/m/07xm83,,France
Saint-Ghislain,/m/017psw,,Belgium
Saint-Gingolph,/m/0h0m28,,Switzerland
Saint-Gingolph,/m/02w96j3,,France
Saint-Gingolph,/m/09vn08,,Switzerland
Saint-Gingolph,/m/09vn08,,France
Saint-Hubert,/m/08rp2z,,Belgium
Saint-Jans-Cappel,/m/03mgz0c,,France
Saint-Laurent-du-Maroni,/m/07hk9x,,France
Saint-Louis,/m/02lvr8,,Senegal
Saint-Louis,/m/07c_0b,,France
Saint-Macaire,/m/08z_c0,,France
Saint-Marc,/m/0b571h,,Haiti
Saint-Menges,/m/03xjlc,,France
Saint-Michel,/m/03m4gzq,,France
Saint-Pancré,/m/03qdmz0,,France
Saint-Paul,/m/08sgwk,,France
Saint-Paul-de-Vence,/m/046q_y,,France
Saint-Pierre,/m/08sgw4,,France
Saint-Waast,/m/03qfktw,,France
Saint-Étienne,/m/01fdtm,,France
Sainte-Croix,/m/0dgn053,,Mauritius
Sainte-Engrâce,/m/08fc6_,,France
Saipina,/m/0b6l8q2,,Bolivia
Sais,/m/03r057,,Egypt
Saitama,/m/0gp5df,,Japan
Sajóbábony,/m/09rs56y,,Hungary
Sajószentpéter,/m/05ldv3,,Hungary
Sakado,/m/01whsq,,Japan
Sakai,/m/02cypp,,Japan
Sakaiminato,/m/01wnyd,,Japan
Sakakah,/m/0417yb2,,Saudi Arabia
Sakania,/m/03cjrrc,,Democratic Republic of the Congo
Sakata,/m/01wgdv,,Japan
Sakhnin,/m/01nj__,,Israel
Sakib,/m/0j3c995,,Jordan
Sakon Nakhon,/m/04q9pl,,Thailand
Sakura,/m/02hdl_,,Japan
Saky,/m/0gt3n3,,Russia
Saky,/m/0gt3n3,,Ukraine
Sal Rei,/m/09bn96,,Cape Verde
Sala Krau District,/m/04grh6p,,Cambodia
Salacgrīva,/m/03c3xkk,,Latvia
Salalah,/m/057j24,,Oman
Salamanca,/m/01mb1b,,United States
Salamanca,/m/02qmsjt,,Chile
Salamanca Place,/m/02x9dy,,Australia
Salamina,/m/03cnppw,,Greece
Salamis,/m/0khg6,,Cyprus
Salamis,/m/0khg6,,Northern Cyprus
Salamis Island,/m/0lnnr,,Greece
Salamiyah,/m/0bkkkq,,Syria
Salamá,/m/036phk,,Guatemala
Salantai,/m/02nkqw,,Lithuania
Salaspils,/m/02wzhc,,Latvia
Salatiga,/m/0cctlt,,Indonesia
Salavat,/m/0b5c91,,Russia
Salaverry,/m/0cxj8r,,Peru
Salcajá,/m/07909q,,Guatemala
Salcea,/m/09_b83,,Romania
Saldae,/m/0_1kdh7,,Algeria
Saldus,/m/02rtdqy,,Latvia
Sale,/m/0ksp4,,Australia
Sale,/m/07s4s3q,,Greece
Salem,/m/01jngs,,India
Salem,/m/0xs7_,,United States
Salem,/m/0mn3k,,United States
Salem,/m/0d23k,,United States
Salem,/m/05b1h8m,,
Salem,/m/0tz54,,United States
Salem,/m/0s_cv,,United States
Salem,/m/011m3l,,United States
Salem,/m/0wvc4,,United States
Salem,/m/0sqwt,,United States
Salem,/m/010gw3,,United States
Salem,/m/0hgv_,,United States
Salem,/m/0yv2b,,United States
Salem,/m/010wzj,,United States
Salem,/m/0tgvh,,United States
Salem,/m/0_rf1,,United States
Salemburg,/m/0ykr3,,United States
Salerno,/m/0gw1x,,Italy
Salesville,/m/0qrk1,,United States
Salfit,/m/0260yq_,,Palestine
Salford,/m/018x0q,,United Kingdom
Salgótarján,/m/02vvk4,,Hungary
Salhab,/m/0pc0qv4,,Syria
Salida,/m/0r94_,,United States
Salina,/m/010g99,,United States
Salina,/m/0tbhb,,United States
Salinas,/m/060_pl,,Ecuador
Salinas,/m/0r22d,,United States
Saline,/m/0vrgw,,United States
Salisbury,/m/0jgvy,,United Kingdom
Salisbury,/m/0ykg_,,United States
Salisbury,/m/0txrs,,United States
Salisbury,/m/0wtkq,,United States
Salitje,/m/026ghwt,,Eswatini
Salix,/m/0t4pr,,United States
Sallisaw,/m/0zb60,,United States
Sallum,/m/027zmt1,,Egypt
Salmiya,/m/01g226,,Kuwait
Salmon,/m/0s27z,,United States
Salmon Arm,/m/03bcl3,,Canada
Salona,/m/01196n1_,,Croatia
Salonta,/m/04p6fc,,Romania
Salt,/m/04_rnd,,Jordan
Salt Ash,/m/02pqzzs,,Australia
Salt Lake City,/m/0f2r6,,United States
Salt Lick,/m/0tcp2,,United States
Salta,/m/02tb5m,,Argentina
Saltcoats,/m/02jl6l,,United Kingdom
Saltillo,/m/0wqvv,,United States
Saltillo,/m/01bv0b,,Mexico
Salto,/m/03nm_xg,,Argentina
Salto,/m/06xk89,,Uruguay
Salto,/m/0g7l70,,Brazil
Saltos del Guairá,/m/06xh37,,Paraguay
Saluda,/m/013j0f,,United States
Salvador,/m/09wwlj,,Brazil
Salvador Mazza,/m/04lgkhb,,Argentina
Saly,/m/05b0421,,Senegal
Salyan,/m/04gt7vz,,Azerbaijan
Salyersville,/m/0tgy_,,United States
Salzburg,/m/0b1mf,,Austria
Salzgitter,/m/0143_x,,Germany
Salzkotten,/m/05jyt7,,Germany
Salzwedel,/m/015jqq,,Germany
Salé,/m/063_qb,,Morocco
Samaipata,/m/06cc7c,,Bolivia
Samal,/m/06jrjb,,Philippines
Samalut,/m/02qqck0,,Egypt
Samandağ,/m/0262f9q,,Turkey
Samannud,/m/07mp68,,Egypt
Samar,/m/0bj1fn,,Ukraine
Samara,/m/0jlsq,,Russia
Samarinda,/m/0633pc,,Indonesia
Samarkand,/m/0dl3g,,Uzbekistan
Samarra,/m/01clrh,,Iraq
Samastipur,/m/05pnl0,,India
Samawah,/m/01d57n,,Iraq
Sambalpur,/m/0cmlph,,India
Sambana,/m/0gpm87,,
Sambaza,/m/0fp_hmg,,Pakistan
Sambhal,/m/0f65l0,,India
Sambir,/m/0b51m5,,Ukraine
Samborondón,/m/060lx5,,Ecuador
Sambrial,/m/03gvx55,,Pakistan
Samcheok,/m/022yby,,South Korea
Same,/m/0bp_h_,,Timor-Leste
Same,/m/07s7t6w,,Greece
Sami,/m/0cc76_s,,Greece
Samjiyon,/m/09_y96,,North Korea
Sammamish,/m/010rqs,,United States
Samobor,/m/02rhy6,,Croatia
Samos,/m/096c16,,Greece
Samosata,/m/022ptr,,Turkey
Sampa,/m/059pjv,,Ghana
Sampit,/m/04gr0yd,,Indonesia
Samson,/m/0q7g8,,United States
Samsun,/m/0302hx,,Turkey
Samtredia,/m/03y6fx,,Georgia
Samtse,/m/0b5lcy,,Bhutan
Samukh,/m/04gjlbd,,Azerbaijan
Samundri,/m/07lf97,,Pakistan
Samut Sakhon,/m/04qtsd,,Thailand
Samut Songkhram,/m/04pzgb,,Thailand
San Angelo,/m/0109vk,,United States
San Antonio,/m/04ct705,,Paraguay
San Antonio,/m/02qhqs_,,Chile
San Antonio,/m/0f2w0,,United States
San Antonio,/m/0rqt1,,United States
San Antonio Oeste,/m/0c6gg8,,Argentina
San Antonio de Los Altos,/m/02pxphf,,Venezuela
San Antonio de Padua,/m/027_g_z,,Argentina
San Antonio de Palé,/m/092pt3,,Equatorial Guinea
San Antonio de Ureca,/m/0dryxs8,,Equatorial Guinea
San Antonio de los Baños,/m/07rswf,,Cuba
San Antonio de los Cobres,/m/05h1vx7,,Argentina
San Antonio del Sur,/m/03cb827,,Cuba
San Antonio del Táchira,/m/0g_0dp,,Venezuela
San Augustine,/m/0108dp,,United States
San Bautista,/m/0gvtqsv,,Uruguay
San Benito,/m/0_zmh,,United States
San Bernardino,/m/0r4qq,,United States
San Bernardo,/m/02q44bf,,Chile
San Borja,/m/03d0y4t,,Bolivia
San Bruno,/m/0r5x6,,United States
San Buenaventura,/m/09gbvln,,Bolivia
San Carlos,/m/09rt37,,Uruguay
San Carlos,/m/07nrxq,,Venezuela
San Carlos,/m/06xgxh,,Nicaragua
San Carlos,/m/06jzvm,,Philippines
San Carlos,/m/06hp2b,,Philippines
San Carlos,/m/043qj4q,,Chile
San Carlos,/m/08_n9s,,Chile
San Carlos,/m/0r5xy,,United States
San Carlos de Río Negro,/m/071t1f,,Venezuela
San Carlos del Apa,/m/04g04hd,,Paraguay
San Clemente,/m/0g0484,,Chile
San Clemente,/m/0r2n2,,United States
San Cristóbal,/m/047fjhq,,Venezuela
San Cristóbal,/m/02z0psf,,Cuba
San Cristóbal,/m/02pppx,,Venezuela
San Cristóbal Verapaz,/m/075dwv,,Guatemala
San Cristóbal de La Laguna,/m/06wfxz,,Spain
San Cristóbal de Las Casas,/m/01bkzd,,Mexico
San Diego,/m/046gl2,,Venezuela
San Diego,/m/071vr,,United States
San Diego,/m/013mjn,,United States
San Dimas,/m/0r0wj,,United States
San Dorligo della Valle,/m/0gkccj,,Italy
San Elizario,/m/0100qr,,United States
San Esteban,/m/0cp16qw,,Chile
San Felipe,/m/07nryt,,Venezuela
San Felipe,/m/027nhtm,,Chile
San Fernando,/m/03vh3c,,Trinidad and Tobago
San Fernando,/m/026bmp,,Philippines
San Fernando,/m/06pgzn,,Philippines
San Fernando,/m/094ny1,,Chile
San Fernando,/m/0r0wy,,United States
San Fernando,/m/06_1qr,,Argentina
San Fernando de Apure,/m/071sx_,,Venezuela
San Fernando de Atabapo,/m/057m7d,,Venezuela
San Fernando del Valle de Catamarca,/m/02tb61,,Argentina
San Francisco,/m/0dbmmz,,Argentina
San Francisco,/m/0d6lp,,United States
San Francisco Gotera,/m/077zpz,,El Salvador
San Francisco Solano,/m/05f47xq,,Argentina
San Francisco de Campeche,/m/01bkf6,,Mexico
San Francisco de Macorís,/m/0453bs,,Dominican Republic
San Gabriel,/m/03qp24t,,Ecuador
San Gabriel,/m/0r0xb,,United States
San Gregorio de Pólanco,/m/0gvvrmc,,Uruguay
San Ignacio,/m/0178fc,,Belize
San Ignacio,/m/03qn6_h,,Paraguay
San Ignacio de Moxos,/m/03x_w4n,,Bolivia
San Ignacio de Velasco,/m/027yq68,,Bolivia
San Isidro,/m/0b6n5jy,,Bolivia
San Isidro,/m/0djmm4,,Argentina
San Jacinto,/m/02q0l7g,,Colombia
San Jacinto,/m/0r3xs,,United States
San Javier,/m/0bwj4jd,,Argentina
San Javier,/m/0dc0bw,,Chile
San Joaquin,/m/0qzc4,,United States
San Joaquín,/m/04q71d5,,Bolivia
San Jose,/m/063bp1,,Philippines
San Jose,/m/0f04v,,United States
San José,/m/01g3b2,,Costa Rica
San José,/m/03hmbl8,,Argentina
San José de Barlovento,/m/02rqfrc,,Venezuela
San José de Chiquitos,/m/05f7_nn,,Bolivia
San José de Guanipa,/m/0k3n3kp,,Venezuela
San José de Maipo,/m/02rmrgt,,Chile
San José de Mayo,/m/0562j1,,Uruguay
San José de Metán,/m/0frq7w,,Argentina
San José de las Lajas,/m/03c97h7,,Cuba
San José del Cabo,/m/0310cy,,Mexico
San José del Guaviare,/m/06xkwg,,Colombia
"San José, Andrés Ibáñez",/m/09v613l,,Bolivia
"San José, Buenos Aires",/m/027p360,,Argentina
San Juan,/m/02gz9g,,Philippines
San Juan,/m/0217z1_,,United States
San Juan,/m/0fw4v,,United States
San Juan,/m/05dwk_,,Argentina
San Juan Bautista,/m/0r49x,,United States
San Juan Capistrano,/m/0r2nw,,United States
San Juan Ostuncalco,/m/079090,,Guatemala
San Juan de Marcona,/m/0crctnv,,Peru
San Juan de Payara,/m/071sv3,,Venezuela
San Juan de Yapacaní,/m/0b6hvmk,,Bolivia
San Julián,/m/0b6j41y,,Bolivia
San Justo,/m/0c769z,,Argentina
San Leandro,/m/0qy0b,,United States
San Lorenzo,/m/0d_5sp,,Paraguay
San Lorenzo,/m/09rmvh,,Peru
San Lorenzo,/m/04jbdws,,Ecuador
San Lorenzo,/m/07tnn4,,Argentina
San Lorenzo de El Escorial,/m/01s2ng,,Spain
San Luis,/m/065_mt,,Argentina
San Luis,/m/0c1mr9,,Cuba
San Luis,/m/03h2mb8,,Peru
San Luis,/m/09c51_,,United States
San Luis Obispo,/m/0r5lz,,United States
San Luis Potosí,/m/01ccl3,,Mexico
San Luis Río Colorado,/m/062dv9,,Mexico
San Marcos,/m/0r56j,,United States
San Marcos,/m/047r46r,,Peru
San Marcos,/m/013l_6,,United States
San Marino,/m/024k9d,,San Marino
San Marino,/m/0r0xr,,United States
San Martín,/m/027qwyw,,Argentina
San Martín de los Andes,/m/08dhbp,,Argentina
San Mateo,/m/0r5y9,,United States
San Mateo,/m/071vv1,,Venezuela
San Matías,/m/0b6ktrd,,Bolivia
San Miguel,/m/0726qq,,Ecuador
San Miguel,/m/025v7n_,,Argentina
San Miguel,/m/06j7wb,,El Salvador
San Miguel de Pallaques,/m/0411jx_,,Peru
San Miguel de Salcedo,/m/0118lk0q,,Ecuador
San Miguel de Tucumán,/m/02f5jb,,Argentina
San Miguel de Velasco,/m/05f52n0,,Bolivia
"San Miguel, La Mar Province",/m/047t_30,,Peru
San Nicolás de los Arroyos,/m/07s7cs,,Argentina
San Pablo,/m/047m2p9,,Peru
San Pablo,/m/01q6_8,,Philippines
San Pablo,/m/0qyxj,,United States
San Pablo del Monte,/m/02q71ry,,Mexico
San Patricio,/m/013n48,,United States
San Pedro,/m/089q11,,Argentina
San Pedro Sula,/m/01dgw0,,Honduras
San Pedro Town,/m/01n23t,,Belize
San Pedro de Atacama,/m/048hxp,,Chile
San Pedro de Jujuy,/m/02686rd,,Argentina
San Pedro de Lloc,/m/0cxj8c,,Peru
San Pedro de Macorís,/m/05fbz1,,Dominican Republic
San Pedro de Ycuamandiyú,/m/06xhbh,,Paraguay
San Pedro de la Paz,/m/02wzg9s,,Chile
San Perlita,/m/010b__,,United States
San Rafael,/m/0d8qzy,,Argentina
San Rafael,/m/0r1jr,,United States
San Rafael de Velasco,/m/05fbcyk,,Bolivia
San Ramon,/m/0qyxy,,United States
San Ramón,/m/09gfvyb,,Bolivia
San Ramón,/m/07x8rk,,Peru
San Ramón,/m/0b749fh,,Bolivia
San Ramón de la Nueva Orán,/m/0cd7q4,,Argentina
San Rosendo,/m/04q3b5k,,Chile
San Saba,/m/0108qp,,United States
San Salvador,/m/0ftfw,,El Salvador
San Salvador de Jujuy,/m/02tbhd,,Argentina
San Sebastián,/m/071w30,,Venezuela
San Vicente,/m/078h3r,,El Salvador
San Vicente,/m/05b3dw1,,United States
San Vicente,/m/0bwmfzr,,Argentina
San Vicente de Cañete,/m/0530sc,,Peru
San Vicente de Tagua Tagua,/m/04ybm4m,,Chile
San Vito dei Normanni,/m/0bxr6s,,Italy
San-Pédro,/m/056krd,,Ivory Coast
Sanaa,/m/0fyc5,,Yemen
Sanare,/m/0bkpw3,,Venezuela
Sanawad,/m/0f65r6,,India
Sanborn,/m/0ymwx,,United States
Sanborn,/m/0wg1z,,United States
Sanborn,/m/01_4w3h,,United States
Sancti Spíritus,/m/04641v,,Cuba
Sand City,/m/0r23h,,United States
Sand Point,/m/01z206x,,United States
Sand Springs,/m/013kc4,,United States
Sanda,/m/01wnp2,,Japan
Sandakan,/m/05rw4j,,Malaysia
Sandau,/m/0d4th4,,Germany
Sanders,/m/0td9m,,United States
Sandersdorf-Brehna,/m/06w8tj0,,Germany
Sandersville,/m/0rzx_,,United States
Sandgerði,/m/03g_q4t,,Iceland
Sandia,/m/03h5xb3,,Peru
Sandimen Township,/m/07kb803,,Taiwan
Sandlane,/m/03d901x,,Eswatini
Sandnes Municipality,/m/01869t,,Norway
Sandnessjøen,/m/018d93,,Norway
Sandomierz,/m/022b7k,,Poland
Sandpoint,/m/0s154,,United States
Sandstone,/m/0wd35,,United States
Sandusky,/m/0yw93,,United States
Sandusky,/m/0vpp0,,United States
Sandvika,/m/01dkv5,,Norway
Sandwich,/m/0s64d,,United States
Sandy,/m/0zc50,,United States
Sandy,/m/010ftw,,United States
Sandy Creek,/m/0ydlj,,United States
Sandy Hook,/m/0tdjz,,United States
Sandy Point,/m/0415715,,United States
Sandy Springs,/m/0rwmt,,United States
Sandyfield,/m/0yfnd,,United States
Sandyville,/m/0t41s,,United States
Sane (Acte),/m/0y65wvn,,Greece
Sanford,/m/0yhjs,,United States
Sanford,/m/0rs3t,,United States
Sanford,/m/01msvv,,United States
Sanger,/m/0qzch,,United States
Sanger,/m/01007s,,United States
Sangerhausen,/m/04_389,,Germany
Sanghar,/m/09f6rx,,Pakistan
Sangju,/m/03v99n,,South Korea
Sangli,/m/02npmd,,India
Sangmélima,/m/076t_5,,Cameroon
Sango,/m/09_8pw,,Zimbabwe
Sangole,/m/0f65yw,,India
Sangolquí,/m/0c81r3,,Ecuador
Sangrur,/m/085msr,,India
Sanguem,/m/089by5,,India
Sangüesa/Zangoza,/m/0fbgyr,,Spain
Sanibel,/m/0rml9,,United States
Sankt Augustin,/m/0bks94,,Germany
Sankt Goar,/m/06gbtp,,Germany
Sankt Goarshausen,/m/07g0tx,,Germany
Sankt Ingbert,/m/0b72y9,,Germany
Sankt Vith,/m/017w6d,,Belgium
Sankt Wendel,/m/04_38p,,Germany
Sanmenxia,/m/06n1k2,,People's Republic of China
Sanming,/m/06m3wd,,People's Republic of China
Sann,/m/012zc0jy,,Pakistan
Sanniki,/m/04z_twj,,Poland
Sano,/m/01wh3k,,Japan
Sanok,/m/022mtn,,Poland
Sanquhar,/m/011w8h,,United Kingdom
Sanremo,/m/01kjqj,,Italy
Sansalé,/m/05m_0q2,,Guinea
Sansha,/m/03d8npb,,People's Republic of China
Sansom Park,/m/0109jf,,United States
Sant Adrià de Besòs,/m/06plwt,,Spain
Sant Feliu de Llobregat,/m/06p55v,,Spain
Sant Joan Despí,/m/04v6fs,,Spain
Santa Ana,/m/0jbrr,,United States
Santa Ana,/m/0c6jt8,,Costa Rica
Santa Ana,/m/01qpwg,,El Salvador
Santa Ana del Yacuma,/m/03x_w1x,,Bolivia
Santa Barbara,/m/0r62v,,United States
Santa Bárbara,/m/04yg2ct,,Chile
Santa Bárbara,/m/06xgq0,,Honduras
Santa Bárbara d'Oeste,/m/0bczb2,,Brazil
Santa Bárbara del Zulia,/m/0g34xz,,Venezuela
Santa Clara,/m/05s0pf,,Cuba
Santa Clara,/m/0r6cx,,United States
Santa Clara,/m/010h3s,,United States
Santa Clara,/m/01024n,,United States
Santa Clara,/m/0bwlql0,,Argentina
Santa Clarita,/m/0fl3w4,,United States
Santa Claus,/m/0rzhk,,United States
Santa Cruz,/m/079n4q,,Jamaica
Santa Cruz,/m/0l0mk,,United States
Santa Cruz,/m/02rmqds,,Chile
Santa Cruz de Barahona,/m/062x13,,Dominican Republic
Santa Cruz de La Palma,/m/07sfsn,,Spain
Santa Cruz de Mompós,/m/0bwqrg,,Colombia
Santa Cruz de la Sierra,/m/031v35,,Bolivia
Santa Cruz del Quiché,/m/035n1b,,Guatemala
Santa Cruz del Sur,/m/0b09_r,,Cuba
Santa Cruz do Sul,/m/0b4w4q,,Brazil
Santa Elena,/m/060ysr,,Ecuador
Santa Elena,/m/026dy09,,Argentina
Santa Elena de Uairén,/m/0bl9rr,,Venezuela
Santa Fe,/m/0f25y,,United States
Santa Fe,/m/0101qs,,United States
Santa Fe,/m/02tb42,,Argentina
Santa Fe Springs,/m/0r0y4,,United States
Santa Fe de Yapacaní,/m/0b6hp90,,Bolivia
Santa Helena,/m/0n47r5_,,Brazil
Santa Helena,/m/0127dx8l,,Brazil
Santa Isabel do Rio Negro,/m/026x2xx,,Brazil
Santa Juana,/m/04gr0v_,,Chile
Santa Lucía,/m/0gmfv_k,,Uruguay
Santa Luzia,/m/0gll5q,,Brazil
Santa Maria,/m/0966pv,,Cape Verde
Santa Maria,/m/0r639,,United States
Santa Maria,/m/050s2b,,Brazil
Santa Marta,/m/02nslc,,Colombia
Santa María,/m/0cnyfdt,,Chile
Santa María del Oro,/m/0572fcb,,Mexico
Santa Monica,/m/06_kh,,United States
Santa Paula,/m/0r8bx,,United States
Santa Rita,/m/0k0jqdw,,Venezuela
Santa Rita,/m/09rtyjc,,Brazil
Santa Rosa,/m/02dsl4,,Philippines
Santa Rosa,/m/0r785,,United States
Santa Rosa,/m/02z8q9c,,Ecuador
Santa Rosa,/m/0xv61,,United States
Santa Rosa,/m/02tbgz,,Argentina
Santa Rosa de Calamuchita,/m/08wml1,,Argentina
Santa Rosa de Copán,/m/02t8bq,,Honduras
Santa Rosa de Yavari,/m/0bbwv8b,,Peru
Santa Rosa do Purus,/m/026bfcf,,Brazil
Santa Tecla,/m/08506c,,El Salvador
Santa Teresa del Tuy,/m/02rqfxk,,Venezuela
Santa Teresa del Tuy,/m/02q2cs,,Venezuela
Santa Vitória do Palmar,/m/02q7zp_,,Brazil
Santana,/m/026cc4t,,Brazil
Santana de Parnaíba,/m/0fb88d,,Brazil
Santana do Livramento,/m/0f6z10,,Brazil
Santaquin,/m/010gwg,,United States
Santarém,/m/0807mym,,Portugal
Santarém,/m/03c_65,,Brazil
Santee,/m/0r56x,,United States
Santiago,/m/02w8fp7,,Costa Rica
Santiago,/m/06k0rp,,Philippines
Santiago,/m/0dlqv,,Chile
Santiago de Chuco,/m/0jt5qy_,,Peru
Santiago de Cuba,/m/01j4rs,,Cuba
Santiago de Huari,/m/0b6lw7q,,Bolivia
Santiago de Querétaro,/m/01vdb3,,Mexico
Santiago de Veraguas,/m/05k_nc,,Panama
Santiago de los Caballeros,/m/03_33l,,Dominican Republic
Santiago del Estero,/m/02tb8f,,Argentina
Santipur,/m/08sf6x,,India
Santo André,/m/03tfv2,,Brazil
Santo Antônio de Jesus,/m/0270hnk,,Brazil
Santo Antônio do Içá,/m/0h5lr6,,Brazil
Santo Antônio do Sudoeste,/m/025z67c,,Brazil
Santo Domingo,/m/0fthl,,Dominican Republic
Santo Domingo,/m/064692,,Chile
Santo Domingo,/m/0dgdhx,,Ecuador
Santo Tomás,/m/0wkv7mv,,Mexico
Santo Tomé,/m/08ds3z,,Argentina
Santo Tomé,/m/085rcv,,Argentina
Santos,/m/01l4kn,,Brazil
Sanwan Township,/m/07k4vk_,,Taiwan
Sanxing Township,/m/0563lf,,Taiwan
Sanya,/m/05jpvk,,People's Republic of China
Sanyi Township,/m/02x8lp8,,Taiwan
Sapinuwa,/m/0dgx09,,Turkey
Saponé,/m/047nw38,,Burkina Faso
Saposoa,/m/047m0ky,,Peru
Sapporo,/m/0gp5l6,,Japan
Sapucaia do Sul,/m/027g_48,,Brazil
Sapulpa,/m/0z5b4,,United States
Saqqez,/m/02q_kj,,Iran
Saqsin,/m/059fry,,Kazakhstan
Sar-e Pol,/m/0fjs15,,Afghanistan
Saraguro,/m/010gpdy9,,Ecuador
Sarahs,/m/03qjd33,,Turkmenistan
Sarai,/m/03wzzw,,Golden Horde
Sarajevo,/m/06n8j,,Bosnia and Herzegovina
Sarakhs,/m/090t47,,Iran
Saraland,/m/0q9c7,,United States
Saran,/m/0265qmw,,Kazakhstan
Sarandí,/m/027rb9k,,Argentina
Sarandí Grande,/m/0gvtq2k,,Uruguay
Saransk,/m/02dvhr,,Russia
Sarapion,/m/0bx_0vh,,Somalia
Sarasota,/m/0rrwt,,United States
Saratoga,/m/0ymlc,,United States
Saratoga,/m/0r6db,,United States
Saratoga Springs,/m/0y6qs,,United States
Saratoga Springs,/m/010gwt,,United States
Saratov,/m/01lygk,,Russia
Saray-Jük,/m/0282_jb,,Kazakhstan
Sarcoxie,/m/0wwm4,,United States
Sardis,/m/0cbm7,,Turkey
Sardis,/m/0th25,,United States
Sardis,/m/0rtgz,,United States
Sarfait,/m/09v89_t,,Oman
Sargeant,/m/0w82w,,United States
Sargent,/m/0x5_d,,United States
Sargodha,/m/05s79k,,Pakistan
Sarh,/m/03cgxt,,Chad
Sari,/m/0cpn6l,,Iran
Sarilamak,/m/0jl01_9,,Indonesia
Sariwon,/m/0f3fs8,,North Korea
Sarkad,/m/03h4kz9,,Hungary
Sarles,/m/013j6g,,United States
Sarmizegetusa Regia,/m/0p6h9,,Romania
Sarnath,/m/01gysz,,India
Sarnen,/m/01v1m4,,Switzerland
Sarnia,/m/0kf14,,Canada
Sarny,/m/04yf0l,,Ukraine
Sarpi,/m/07twwh,,Georgia
Sarreguemines,/m/07q08d,,France
Sarstedt,/m/05_2x6,,Germany
Sartell,/m/013f9h,,United States
Sarıkaya,/m/0bjz5p,,Turkey
Sarıyer,/m/063bx5,,Turkey
Sasaram,/m/05l27l,,India
Sasebo,/m/0gp6yj,,Japan
Saskatoon,/m/018d5b,,Canada
Sassandra,/m/056kpn,,Ivory Coast
Sassari,/m/0cbws,,Italy
Sassenberg,/m/0bn6qj,,Germany
Sassnitz,/m/083rmp,,Germany
Sastavci,/m/02r3ktt,,Serbia
Saswad,/m/0f66zm,,India
Satala,/m/08frk4,,Turkey
Satanta,/m/0t7bd,,United States
Satara,/m/03h5r3,,India
Satellite Beach,/m/0rhsv,,United States
Saticula,/m/02893z1,,Italy
Satipo,/m/03ql3c9,,Peru
Satna,/m/08hj4m,,India
Satpayev,/m/03wgb60,,Kazakhstan
Satpayev,/m/03wgb60,,Soviet Union
Satricum,/m/091h80,,Italy
Satsuma,/m/0q9cm,,United States
Satu Mare,/m/021pyz,,Romania
Satun,/m/04pzh3,,Thailand
Sauce,/m/0gvrn4f,,Uruguay
Saue,/m/021cmb,,Estonia
Saugatuck,/m/0v0_6,,United States
Sauk Centre,/m/0xfyh,,United States
Sauk Rapids,/m/0xcs2,,United States
Saulkrasti,/m/0d12kv,,Latvia
Saulnes,/m/03qdn1g,,France
Sault Ste. Marie,/m/01hhyb,,Canada
Sault Ste. Marie,/m/0v42z,,United States
Saumur,/m/0jvws,,France
Sausalito,/m/0r1kh,,United States
Sauteurs,/m/02ppyjw,,Grenada
Savage,/m/01__15x,,United States
Savanna,/m/0s3l2,,United States
Savanna-la-Mar,/m/07v11m,,Jamaica
Savannah,/m/0lhn5,,United States
Savannah,/m/0_vc8,,United States
Savannah,/m/0ws92,,United States
Savannakhet,/m/043l7dp,,Laos
Savannakhet,/m/05d_bs,,Laos
Savda,/m/0f67d7,,India
Savona,/m/037syy,,Italy
Savonburg,/m/0t4zq,,United States
Savonlinna,/m/0d5fq,,Finland
Savoonga,/m/0qghg,,United States
Savoy,/m/01011s,,United States
Sawahlunto,/m/0grq0w,,Indonesia
Sawai Madhopur,/m/098zyk,,India
Sawla,/m/03d1g2g,,Ethiopia
Sawmills,/m/0yf05,,United States
Sawyer,/m/0ys5k,,United States
Sawyer,/m/0t9s2,,United States
Saxman,/m/0qfry,,United States
Sayama,/m/01whhb,,Japan
Sayda,/m/0fh69h,,Germany
Sayram,/m/028934m,,Kazakhstan
Sayre,/m/0z456,,United States
Sayyidah Zaynab,/m/0j9mb8q,,Syria
Saïdia,/m/027c7xn,,Morocco
Scaidava,/m/0gfc_pr,,Bulgaria
Scalabis,/m/0h97912,,Ancient Rome
Scammon,/m/0t5r_,,United States
Scammon Bay,/m/0qhwh,,United States
Scandia,/m/0tb1j,,United States
Scandia,/m/0wmr1,,United States
Scanlon,/m/0vw0_,,United States
Scappoose,/m/0zc96,,United States
Scarville,/m/0t4gw,,United States
Scepsis,/m/02q32kl,,Turkey
Schaan,/m/03y5r4,,Liechtenstein
Schaanwald,/m/03wd5p1,,Liechtenstein
Schaffhausen,/m/017jqc,,Switzerland
Schalkau,/m/0fh6c9,,Germany
Schaller,/m/0t2xy,,United States
Schauenstein,/m/0fh6j6,,Germany
Scheer,/m/0fh6qq,,Germany
Scheibenberg,/m/0fh6tn,,Germany
Scheibenhard,/m/0f69hf,,France
Scheibenhardt,/m/0f69l9,,Germany
Scheinfeld,/m/0fh6x4,,Germany
Schelklingen,/m/0fh6zy,,Germany
Schell City,/m/0x0vy,,United States
Schellenberg,/m/03rdmd,,Liechtenstein
Schenectady,/m/0fdpd,,United States
Schenefeld,/m/0cpct1,,Germany
Scherpenheuvel-Zichem,/m/014wjv,,Belgium
Schertz,/m/021803z,,United States
Scheßlitz,/m/0fh6__,,Germany
Schiedam,/m/0m39d,,Netherlands
Schieder-Schwalenberg,/m/0bhs81,,Germany
Schifferstadt,/m/0bzcdf,,Germany
Schildau,/m/0fh72h,,Germany
Schillingsfürst,/m/0fh74y,,Germany
Schiltach,/m/0fh76q,,Germany
Schirgiswalde,/m/0fh78w,,Germany
Schirgiswalde-Kirschau,/m/0g5spt4,,Germany
Schkeuditz,/m/0dmfdd,,Germany
Schkölen,/m/0fh7cn,,Germany
Schleiden,/m/07lcnl,,Germany
Schleitheim,/m/0771xj,,Switzerland
Schleiz,/m/0b6hfy,,Germany
Schleswig,/m/0cdlz,,Germany
Schleswig,/m/0stqs,,United States
Schlettau,/m/0fh7dr,,Germany
Schleusingen,/m/0fh7ft,,Germany
Schlieben,/m/0fh7jb,,Germany
Schlieren,/m/0cx1hr,,Switzerland
Schlitz,/m/0dtp5y,,Germany
Schlotheim,/m/0fh7m4,,Germany
Schloß Holte-Stukenbrock,/m/0bfq0l,,Germany
Schlüchtern,/m/0dn038,,Germany
Schlüsselfeld,/m/0fh7mj,,Germany
Schmalkalden,/m/07nxx8,,Germany
Schmallenberg,/m/0bh7sz,,Germany
Schmölln,/m/0b0sdj,,Germany
Schnackenburg,/m/0c8svg,,Germany
Schnaittenbach,/m/0fh7pz,,Germany
Schneeberg,/m/0dmzwr,,Germany
Schneverdingen,/m/0cjj1r,,Germany
Schoenchen,/m/0t6n4,,United States
Schoenus,/m/0j62ggv,,Greece
Schofield,/m/0115tx,,United States
Schooneveld,/m/05_gtb,,Belgium
Schooneveld,/m/05_gtb,,Netherlands
Schopfheim,/m/0dlnm5,,Germany
Schorndorf,/m/06x8l8,,Germany
Schortens,/m/096myg,,Germany
Schotten,/m/0dv3qt,,Germany
Schramberg,/m/0dmfvn,,Germany
Schraplau,/m/0c_73v,,Germany
Schriesheim,/m/05w42q,,Germany
Schrobenhausen,/m/0dp4nk,,Germany
Schrozberg,/m/0fjj77,,Germany
Schulenburg,/m/01014x,,United States
Schuyler,/m/0x5sw,,United States
Schwaan,/m/0fjj8n,,Germany
Schwabach,/m/045pgn,,Germany
Schwabmünchen,/m/0c7qqm,,Germany
Schwaigern,/m/0dymds,,Germany
Schwalbach am Taunus,/m/0dphgr,,Germany
Schwalmstadt,/m/0dln0v,,Germany
Schwandorf,/m/04l039,,Germany
Schwanebeck,/m/0cz1gh,,Germany
Schwarzenbach am Wald,/m/0fjjbj,,Germany
Schwarzenbach an der Saale,/m/0fjjfb,,Germany
Schwarzenbek,/m/0cmzpg,,Germany
Schwarzenberg,/m/0dkzzf,,Germany
Schwarzenborn,/m/0dqmyv,,Germany
Schwarzheide,/m/0fjjhf,,Germany
Schwedt/Oder,/m/02ynxs,,Germany
Schweich,/m/076l9l,,Germany
Schweinfurt,/m/02rfzk,,Germany
Schwelm,/m/04jcj_,,Germany
Schwentinental,/m/03qlpz1,,Germany
Schwerdorff,/m/03nq7b6,,France
Schwerin,/m/0qk44,,Germany
Schwerte,/m/01hw36,,Germany
Schwetzingen,/m/02td87,,Germany
Schwyz,/m/01qthw,,Switzerland
Schwäbisch Gmünd,/m/04bsys,,Germany
Schwäbisch Hall,/m/01sk0m,,Germany
Schömberg,/m/0fh7sr,,Germany
Schönau,/m/0fjhf7,,Germany
Schönau im Schwarzwald,/m/0fjhl4,,Germany
Schönberg,/m/0fjhs2,,Germany
Schönebeck,/m/01xgn3,,Germany
Schöneck/Vogtland,/m/0fjhvw,,Germany
Schönewalde,/m/0fjhxz,,Germany
Schöningen,/m/03bxg3,,Germany
Schönsee,/m/0ds6ng,,Germany
Schönwald,/m/0fjj3b,,Germany
Schöppenstedt,/m/0cmgfg,,Germany
Schüttorf,/m/0c11bq,,Germany
Science Hill,/m/0thvl,,United States
Scio,/m/0zf0b,,United States
Scione,/m/0gx25t7,,Greece
Scobey,/m/0x1q9,,United States
Scornicești,/m/045wm5,,Romania
Scotland,/m/0rzb7,,United States
Scotland,/m/013lsc,,United States
Scotland,/m/0_p4w,,United States
Scotland Neck,/m/0ygv0,,United States
Scott,/m/0tl6v,,United States
Scott City,/m/013gtx,,United States
Scott City,/m/0tbj0,,United States
Scotts Mills,/m/0zfd0,,United States
Scotts Valley,/m/01zqmsr,,United States
Scottsbluff,/m/0x9n2,,United States
Scottsboro,/m/0q7v4,,United States
Scottsburg,/m/0spx8,,United States
Scottsdale,/m/0qpqn,,United States
Scottsville,/m/0tcjz,,United States
Scottsville,/m/0102t_,,United States
Scottsville,/m/0t8sp,,United States
Scottville,/m/0vd31,,United States
Scranton,/m/0_24q,,United States
Scranton,/m/0yn6r,,United States
Scranton,/m/0t9bm,,United States
Scranton,/m/0qvh5,,United States
Scranton,/m/0szr5,,United States
Screven,/m/0rzzc,,United States
Scribner,/m/0x6bs,,United States
Scyllaeum,/m/02ppm18,,Italy
Scylletium,/m/02pbhrw,,Italy
Scythian Neapolis,/m/0600zx,,Russia
Scythian Neapolis,/m/0600zx,,Ukraine
Sderot,/m/02czws,,Israel
Sea Isle City,/m/0xm4_,,United States
SeaTac,/m/021hbk8,,United States
Seaboard,/m/0yjft,,United States
Seabrook,/m/013m0_,,United States
Seadrift,/m/0_z57,,United States
Seaford,/m/0rh51,,United States
Seaforth,/m/0wg29,,United States
Seagoville,/m/013mf5,,United States
Seagraves,/m/0101ln,,United States
Seagrove,/m/0yjzg,,United States
Seal Beach,/m/0r2p8,,United States
Sealy,/m/0_xrw,,United States
Searcy,/m/0qxr9,,United States
Searsboro,/m/0t2r2,,United States
Seaside,/m/0zc74,,United States
Seaside,/m/0r23v,,United States
Seat Pleasant,/m/0twyx,,United States
Seattle,/m/0d9jr,,United States
Sebastian,/m/0rlnp,,United States
Sebastopol,/m/0nc7f,,United States
Sebeka,/m/0wm8y,,United States
Sebeta,/m/03c_mys,,Ethiopia
Sebiș,/m/0b518c,,Romania
Sebnitz,/m/0fjjkx,,Germany
Sebourg,/m/026tjy_,,France
Sebree,/m/0tj91,,United States
Sebring,/m/0rl5d,,United States
Sechura,/m/05wwbd,,Peru
Secunderabad,/m/03z760,,India
Seda,/m/0gg77_,,Lithuania
Seda,/m/03c3zns,,Latvia
Sedalia,/m/0ygqy,,United States
Sedalia,/m/0wz1v,,United States
Sedan,/m/0t5q8,,United States
Sedan,/m/0wffy,,United States
Sedgwick,/m/013cxq,,United States
Sedlčany,/m/0c2tbm,,Czech Republic
Sedona,/m/0ny57,,United States
Sedro-Woolley,/m/010tdk,,United States
Seeb,/m/06d2nj,,Oman
Seehausen (Altmark),/m/0d4t4x,,Germany
Seeland,/m/0cwgf5,,Germany
Seelow,/m/04h56k,,Germany
Seelze,/m/0cmgy9,,Germany
Seesen,/m/0c67ds,,Germany
Seferihisar district,/m/0bjzcb,,Turkey
Sefrou,/m/0h3qbdt,,Morocco
Segarcea,/m/0770t1,,Romania
Segeda,/m/07v5j6,,Spain
Segesta,/m/0c60x,,Italy
Segovia,/m/0jg2n,,Spain
Seguin,/m/01024_,,United States
Segóbriga,/m/010phbns,,Spain
Sehnde,/m/05lrtl,,Germany
Sehwan,/m/0c3tff,,Pakistan
Seifhennersdorf,/m/0fjjpd,,Germany
Seiling,/m/0z5qk,,United States
Seini,/m/0b51hq,,Romania
Seinäjoki,/m/02kf89,,Finland
Seires,/m/04y65gr,,Greece
Seiyun,/m/028m5z,,Yemen
Sejny,/m/02zv37,,Poland
Sejong,/m/02vt2g1,,South Korea
Sekondi-Takoradi,/m/03l4nv,,Ghana
Sekong,/m/0n_j62w,,Laos
Sela Dingay,/m/03qjlmx,,Ethiopia
Selah,/m/010w43,,United States
Selat Panjang,/m/04ygv0q,,Indonesia
Selawik,/m/0qgv3,,United States
Selb,/m/05rsvf,,Germany
Selbitz,/m/0fjjqt,,Germany
Selby,/m/0_snq,,United States
Selden,/m/0tbt3,,United States
Seldovia,/m/0qfp0,,United States
Selebi-Phikwe,/m/03nps2,,Botswana
Selemli,/m/010gpqpg,,North Macedonia
Seleucia,/m/0bx8yj,,Turkey
Seleucia,/m/06b_kf,,Sasanian Empire
Seleucia,/m/06b_kf,,Seleucid Empire
Seleucia,/m/06b_kf,,Parthian Empire
Seleucia Pieria,/m/06b_kx,,Turkey
Seleucia Sidera,/m/0bxm2_,,Turkey
Seleucia ad Belum,/m/0byz90,,Syria
Seleucia at the Zeugma,/m/0bygpt,,Turkey
Seleucia on the Hedyphon,/m/0by8sz,,Iran
Selfoss,/m/0g9_9c,,Iceland
Selfridge,/m/0yrg2,,United States
Selge,/m/0chwk_,,Turkey
Seligenstadt,/m/09nv2m,,Germany
Seligman,/m/0wshz,,United States
Selinunte,/m/0c7bk,,Italy
Selkirk,/m/022yn8,,United Kingdom
Selkirk,/m/04wql9,,Canada
Sellye,/m/0djppk,,Hungary
Selm,/m/0bn5dx,,Germany
Selma,/m/0yhgc,,United States
Selma,/m/0plxn,,United States
Selma,/m/02183h0,,United States
Selma,/m/0qzcw,,United States
Selong,/m/011l9pz8,,Indonesia
Selouane,/m/0b6dmr8,,Morocco
Selters,/m/0bzqqt,,Germany
Seltjarnarnes,/m/0b9b2z,,Iceland
Selydove,/m/0dt71d,,Ukraine
Selydove,/m/0dt71d,,Soviet Union
Selçuk,/m/06dxc9,,Turkey
Semarang,/m/0496mh,,Indonesia
Semarapura,/m/0glq_hc,,Indonesia
Semenivka,/m/03bzmt4,,Ukraine
Semey,/m/02f03_,,Kazakhstan
Semily,/m/0844sj,,Czech Republic
Seminole,/m/0101l_,,United States
Seminole,/m/0z9y8,,United States
Seminole,/m/0rr4w,,United States
Semmes,/m/0f9_23,,United States
Semnan,/m/05ssf_,,Iran
Sena Madureira,/m/026bfd3,,Brazil
Senafe,/m/06j0jj,,Eritrea
Senaki,/m/0b6mcx,,Georgia
Senath,/m/0wvg7,,United States
Senatobia,/m/0wrty,,United States
Sendafa,/m/02r4brh,,Ethiopia
Sendai,/m/01wr43,,Japan
Sendawar,/m/02pj32g,,Indonesia
Senden,/m/09b0gb,,Germany
Sendenhorst,/m/0bn6rl,,Germany
Seneca,/m/0zc_h,,United States
Seneca,/m/0wyfq,,United States
Seneca,/m/0_mwh,,United States
Seneca,/m/0t91n,,United States
Seneca Gardens,/m/0tg1x,,United States
Senecu,/m/05mwhgd,,Mexico
Senftenberg,/m/0djcg6,,Germany
Senftenberg,/m/0djcg6,,Duchy of Jawor
Sengkang,/m/02z28yl,,Indonesia
Senglea,/m/03rmjv,,Malta
Senj,/m/03cvzk,,Croatia
Sennwald,/m/0gn8h_,,Switzerland
Senoia,/m/0rvn0,,United States
Sensuntepeque,/m/078snf,,El Salvador
Sentinel Butte,/m/0yp10,,United States
Sentinum,/m/052_sd,,Italy
Seogwipo,/m/03v7bn,,South Korea
Seongnam,/m/03v6st,,South Korea
Seorabeol,/m/0nbgq4g,,South Korea
Seosan,/m/03v75f,,South Korea
Seoul,/m/0hsqf,,South Korea
Sepphoris,/m/04ymgl,,Israel
Sept-Îles,/m/01_phd,,Canada
Sequim,/m/010pyq,,United States
Seraing,/m/017vwh,,Belgium
Serampore,/m/05sq73,,India
Serang,/m/02q55qb,,Indonesia
Serang,/m/02q55qb,,Dutch East Indies
Serang,/m/02q55qb,,Banten Sultanate
Serebryansk,/m/0zn2qps,,Kazakhstan
Seredyna-Buda,/m/0gt2dp,,Ukraine
Seremban,/m/0371_6,,Malaysia
Sergeant Bluff,/m/0t4q2,,United States
Sergiyev Posad,/m/030wyh,,Russia
Serhetabat,/m/07b_3l,,Turkmenistan
Serhetabat,/m/07b_3l,,Soviet Union
Serhetabat,/m/07b_3l,,Russian Empire
Seri Menanti,/m/02qzzb,,Malaysia
Serikin,/m/04f38fn,,Malaysia
Serock,/m/07k59j,,Poland
Serow,/m/080mgw6,,Iran
Serowe,/m/03p55z,,Botswana
Serpukhov-15,/m/0jwy9b5,,Russia
Serra,/m/02_223,,Brazil
Serranópolis do Iguaçu,/m/09rv3_p,,Brazil
Serres,/m/01s2c4,,Greece
Serrion Teichos,/m/07scn8v,,Turkey
Sertãozinho,/m/0g881d,,Brazil
Sesarethus,/m/0b77q2n,,Albania
Sesheke,/m/07cddp,,Zambia
Sesser,/m/0s72j,,United States
Sestos,/m/01tvjj,,Turkey
Sete Lagoas,/m/04k5rp,,Brazil
Sete Quedas,/m/027d3pb,,Brazil
Setidava,/m/0g9t874,,Poland
Seto,/m/01wlps,,Japan
Setovia,/m/07sbdyk,,Croatia
Settat,/m/06wd1z,,Morocco
Seuthopolis,/m/06940n,,Bulgaria
Sevastopol,/m/0dlvj,,Russia
Sevastopol,/m/0dlvj,,Ukraine
Sevastopol City State Administration,/m/012r4r70,,Ukraine
Sevelen,/m/0gn8sz,,Switzerland
Seven Devils,/m/013hqy,,United States
Seven Hills,/m/0yvrs,,United States
Seven Oaks,/m/0107t1,,United States
Seven Points,/m/02183y9,,United States
Seven Springs,/m/0ym58,,United States
Severance,/m/0t6fg,,United States
Severn,/m/0yjg4,,United States
Seversk,/m/02ybtj,,Russia
Severy,/m/0t74j,,United States
Sevierville,/m/0_wrs,,United States
Seward,/m/0qfpq,,United States
Seward,/m/0x9r5,,United States
Seward,/m/0tby8,,United States
Seymareh,/m/0jkvy6h,,Iran
Seymour,/m/01mmbp,,United States
Seymour,/m/0x11v,,United States
Seymour,/m/0_xwb,,United States
Seymour,/m/0smkg,,United States
Seymour,/m/0t489,,United States
Seßlach,/m/0fjjsn,,Germany
Seýdi,/m/0642c0n,,Turkmenistan
Seýdi,/m/0642c0n,,Soviet Union
Sečovlje,/m/05b1s0y,,Slovenia
Sežana,/m/06p1_q,,Slovenia
Sfântu Gheorghe,/m/042js3,,Romania
Sha Tau Kok,/m/02f4tk,,People's Republic of China
Shadek,/m/02pdmnz,,Poland
Shadiyakh,/m/0gy0rqx,,Iran
Shady Cove,/m/0zdgr,,United States
Shafer,/m/0vx9_,,United States
Shafter,/m/0q_g4,,United States
Shageluk,/m/0qjbd,,United States
Shah Alam,/m/0syrf,,Malaysia
Shah Faisal Town,/m/09p46c,,Pakistan
Shahabad,/m/02qh0yt,,India
Shaharah,/m/0j9pgkl,,Yemen
Shahbazpur,/m/0r4t1v3,,Bangladesh
Shahbuz,/m/04jpk6t,,Azerbaijan
Shahdadpur,/m/086qt7,,Pakistan
Shahdol,/m/097fh9,,India
Shahin Shahr,/m/03x_q89,,Iran
Shahr-e Kord,/m/06c8pb,,Iran
Shahr-e Sukhteh,/m/09s5mx,,Iran
Shahrbabak,/m/08xm6h,,Iran
Shahreza,/m/0bfcwp,,Iran
Shahrisabz,/m/05xx_p,,Uzbekistan
Shakargarh,/m/02822w0,,Pakistan
Shakawe,/m/027__39,,Botswana
Shaker Heights,/m/0yvs3,,United States
Shakhtarsk,/m/0dqfyj,,Ukraine
Shakhtarsk,/m/0dqfyj,,Soviet Union
Shakhtarske,/m/0gt3r6,,Ukraine
Shakhty,/m/05w7w2,,Russia
Shakiso,/m/03d3qt0,,Ethiopia
Shakopee,/m/0whjr,,United States
Shaktoolik,/m/0qght,,United States
Shalamcheh,/m/026xpm5,,Iran
Shalateen,/m/0h3r3d,,Egypt
Shallotte,/m/0ydlw,,United States
Shallowater,/m/0105zk,,United States
Shambaugh,/m/0t22g,,United States
Shambu city,/m/03c_n3z,,Ethiopia
Shamia,/m/0b8c64,,Iraq
Shamil,/m/0nhhff4,,Iran
Shamli,/m/0f68cz,,India
Shamokin,/m/0_8np,,United States
Shamrock,/m/010bvf,,United States
Shand-e Dinar,/m/0jwxn1q,,Iran
Shanghai,/m/06wjf,,People's Republic of China
Shangluo,/m/061wpt,,People's Republic of China
Shangqiu,/m/06pdx6,,People's Republic of China
Shangqiu,/m/06pdx6,,Song
Shangrao,/m/04r2s1,,People's Republic of China
Shaniko,/m/0zg9h,,United States
Shannon City,/m/013csy,,United States
Shannon Hills,/m/0qwyr,,United States
Shantou,/m/01nm6k,,People's Republic of China
Shanwei,/m/08jfv_,,People's Republic of China
Shaoguan,/m/03s9y5,,People's Republic of China
Shaoxing,/m/01rxsq,,People's Republic of China
Shaoyang,/m/06pdrl,,People's Republic of China
Shaqlawa,/m/04dz3l3,,Iraq
Sharana,/m/026pp42,,Afghanistan
Sharhorod,/m/0g46v7,,Ukraine
Sharjah,/m/03w9gtf,,United Arab Emirates
Sharm el-Sheikh,/m/0266kj,,Egypt
Sharon,/m/0_60r,,United States
Sharon,/m/0t54z,,United States
Sharon,/m/0yrlz,,United States
Sharon,/m/0rz63,,United States
Sharon Springs,/m/0tc7y,,United States
Sharonville,/m/013jdh,,United States
Sharpsburg,/m/013hyl,,United States
Sharpsburg,/m/0t3pr,,United States
Sharpsburg,/m/0tcpf,,United States
Sharuhen,/m/072gtj,,
Sharuna,/m/02qqk_v,,Egypt
Sharur,/m/04jpk6f,,Azerbaijan
Shashamane,/m/04bvdy,,Ethiopia
Shasta Lake,/m/0r6sg,,United States
Shavano Park,/m/0_y84,,United States
Shaw,/m/013gg9,,United States
Shawano,/m/0119yv,,United States
Shawnee,/m/0t7t9,,United States
Shawnee,/m/0z9lj,,United States
Shawneetown,/m/0s7fz,,United States
Shchastia,/m/0gtr50,,Ukraine
Shcholkine,/m/0gtrzh,,Russia
Shcholkine,/m/0gtrzh,,Ukraine
Sheberghan,/m/05_n6j,,Afghanistan
Sheboygan,/m/01mnd3,,United States
Sheboygan Falls,/m/01mndt,,United States
Shechem,/m/01p205,,Israel
Shefa-Amr,/m/01vtw0,,Israel
Sheffield,/m/0m75g,,United Kingdom
Sheffield,/m/0q63c,,United States
Sheffield,/m/0szlc,,United States
Sheffield Lake,/m/0yz_d,,United States
Sheikh Zayed City,/m/03h3q6f,,Egypt
Sheikhupura,/m/06q4mk,,Pakistan
Shelbina,/m/0w_4z,,United States
Shelby,/m/0yfk9,,United States
Shelby,/m/0z19j,,United States
Shelby,/m/0x407,,United States
Shelby,/m/013cs7,,United States
Shelby,/m/0wpkm,,United States
Shelbyville,/m/0spy9,,United States
Shelbyville,/m/0w_59,,United States
Shelbyville,/m/0sgrk,,United States
Shelbyville,/m/0_ssw,,United States
Shelbyville,/m/0th_2,,United States
Sheldahl,/m/0srz8,,United States
Sheldon,/m/0x0w8,,United States
Sheldon,/m/0yqfj,,United States
Sheldon,/m/013cn_,,United States
Shelkovskaya,/m/0blk6x,,Russia
Shell Lake,/m/011crf,,United States
Shell Rock,/m/0ssb_,,United States
Shelley,/m/0s0zz,,United States
Shellman,/m/0ryw_,,United States
Shellsburg,/m/0srqb,,United States
Shelly,/m/0w96z,,United States
Shelton,/m/01m1z4,,United States
Shelton,/m/010sg1,,United States
Shenandoah,/m/013ch3,,United States
Shenandoah,/m/0106sb,,United States
Shenkang Township,/m/07kd8zc,,Taiwan
Shenyang,/m/018lwt,,People's Republic of China
Shenzhen,/m/0lbmv,,People's Republic of China
Shenzhen Bay Port,/m/0gmdyz6,,People's Republic of China
Shepetivka,/m/05s0kw,,Ukraine
Shepherd,/m/0108g1,,United States
Shepherdsville,/m/0tc_k,,United States
Shepparton,/m/01sxdk,,Australia
Sheptytskyi,/m/03n76_,,Ukraine
Sherbrooke,/m/01fd26,,Canada
Sherburn,/m/0w6hn,,United States
Sheridan,/m/0zgny,,United States
Sheridan,/m/0qtcn,,United States
Sheridan,/m/0x13_,,United States
Sheridan,/m/011ggh,,United States
Sheridan,/m/0r8vm,,United States
Sherman,/m/0101zd,,United States
Sherrill,/m/0y402,,United States
Sherrill,/m/0sz6m,,United States
Sherwood,/m/0zgjg,,United States
Sherwood,/m/0qws4,,United States
Sherwood,/m/0yqh7,,United States
Shetou Township,/m/07k84fm,,Taiwan
Shevlin,/m/0vy22,,United States
Sheyenne,/m/0ynxx,,United States
Shibam,/m/06262s,,Yemen
Shibin Al Kawm,/m/0b5rr2,,Egypt
Shibin el-Qanater,/m/02rn7f1,,Egypt
Shidler,/m/0z8x7,,United States
Shigaraki Palace,/m/05h2ltd,,Japan
Shigatse,/m/06vbh5,,People's Republic of China
Shihezi,/m/06k9ng,,People's Republic of China
Shijak,/m/02614z5,,Albania
Shijiazhuang,/m/0259f4,,People's Republic of China
Shiki,/m/01whn3,,Japan
Shikohabad,/m/0f68nz,,India
Shillong,/m/03cj6c,,India
Shiloh,/m/024wp2,,United States
Shimla,/m/02p3my,,India
Shimoda,/m/01d0x9,,Japan
Shimonoseki,/m/0gp6jw,,Japan
Shinahota,/m/0b6mb0t,,Bolivia
Shindand,/m/02pvtr_,,Afghanistan
Shiner,/m/0105j9,,United States
Shinnston,/m/010wzw,,United States
Shinshicho,/m/03gvnrr,,Ethiopia
Shinyanga,/m/074xsx,,Tanzania
Shishmaref,/m/0qgj4,,United States
Shishtavec,/m/02w_j5x,,Albania
Shitan Township,/m/02y_kk0,,Taiwan
Shively,/m/0tg27,,United States
Shivpuri,/m/05m0zk,,India
Shiyan,/m/06m292,,People's Republic of China
Shizi Township,/m/02vxdn3,,Taiwan
Shizuishan,/m/061p6r,,People's Republic of China
Shizuoka,/m/0gp5nf,,Japan
Shkodër,/m/01qmvz,,Albania
Shobra Elkhema,/m/0b5rzb,,Egypt
Shoreacres,/m/013m1b,,United States
Shoreline,/m/021jttt,,United States
Shoreview,/m/0wfmh,,United States
Shorewood,/m/01__205,,United States
Shorkot,/m/0clxj7,,Pakistan
Shorouk city,/m/0wf1t36,,Egypt
Shoshone,/m/0s2bc,,United States
Shoshong,/m/0b483q,,Botswana
Shostka,/m/07n4kk,,Ukraine
Shoufeng Township,/m/02w3f9j,,Taiwan
Show Low,/m/0gg3s,,United States
Shpola,/m/02z443,,Ukraine
Shravasti,/m/07d0c4,,India
Shreveport,/m/013d7t,,United States
Shrewsbury,/m/0x05z,,United States
Shrivardhan,/m/0f6947,,India
Shuangyashan,/m/0333vl,,People's Republic of China
Shueili Township,/m/07k5f1w,,Taiwan
Shueilin Township,/m/07k5wpg,,Taiwan
Shueishang Township,/m/07k7qlv,,Taiwan
Shueyville,/m/01_4wld,,United States
Shuhada,/m/0gy0hcn,,Egypt
Shujabad,/m/064lb5n,,Pakistan
Shujalpur,/m/0f694l,,India
Shullsburg,/m/01mlqj,,United States
Shumerlya,/m/092zvj,,Russia
Shumsk,/m/0gt1v1,,Ukraine
Shungnak,/m/0qgvg,,United States
Shuozhou,/m/0b1lnd,,People's Republic of China
Shusha,/m/055mzr,,Azerbaijan
Shushtar,/m/060y2y,,Iran
Shymkent,/m/075dh9,,Kazakhstan
Shëngjin,/m/0119f4kw,,Albania
Shūnan-shi,/m/0gp6mx,,Japan
Siak Sri Indrapura,/m/02y_gtx,,Indonesia
Sialkot,/m/023vwt,,Pakistan
Sianów,/m/0cs5sq,,Poland
Sibanicú,/m/03cb59h,,Cuba
Sibiu,/m/020blz,,Romania
Sibley,/m/0t1_c,,United States
Sibley,/m/02049vj,,United States
Sibolga,/m/04v266,,Indonesia
Sibu,/m/03x61c,,Malaysia
Sibuhuan,/m/05208n0,,Indonesia
Sibut,/m/039yyq,,Central African Republic
Sicunusa,/m/03d9027,,Eswatini
Sicyon,/m/0l3rb,,Greece
Siddharthanagar,/m/0b2473,,Nepal
Siddipet,/m/09pcgn,,India
Side,/m/0k8v61x,,Turkey
Side,/m/0ljhw,,Turkey
Sidi Abdelaziz,/m/0b6gx38,,Algeria
Sidi Bel Abbès,/m/0b953y,,Algeria
Sidi Bennour,/m/09rtwbv,,Morocco
Sidi Chami,/m/0cnxfmr,,Algeria
Sidi Ifni,/m/040l45,,Morocco
Sidi Kacem,/m/0b4n2x,,Morocco
Sidi Slimane,/m/046638m,,Morocco
Sidikalang,/m/0521gx9,,Indonesia
Sidney,/m/0x3kx,,United States
Sidney,/m/0z1th,,United States
Sidney,/m/0x5kz,,United States
Sidney,/m/0sznf,,United States
Sidon,/m/070rd,,Lebanon
Sidra,/m/0gh8_63,,Libya
Sidyma,/m/012hdjy0,,Turkey
Siechnice,/m/02pjb3l,,Poland
Siedlce,/m/0228pw,,Poland
Siedliszcze,/m/04f01f_,,Poland
Siegburg,/m/02y9pz,,Germany
Siegen,/m/0438ty,,Germany
Siem Reap,/m/0ggdlz,,Cambodia
Siemianowice Śląskie,/m/022bxc,,Poland
Siemiatycze,/m/022lzf,,Poland
Siena,/m/079yb,,Italy
Sieniawa,/m/02rrfk,,Poland
Sieradz,/m/0228mh,,Poland
Sieraków,/m/056zmm,,Poland
Sierck-les-Bains,/m/03qf7fc,,France
Sierpc,/m/0byw54,,Poland
Sierra Madre,/m/0r0yk,,United States
Sierra Vista,/m/0qntc,,United States
Sierra de Cubitas,/m/03cb528,,Cuba
Siga,/m/0r3rp15,,Algeria
Sigal,/m/027vdpb,,
Sigeion,/m/0gh7gvt,,Turkey
Sighetu Marmației,/m/028x_3,,Romania
Sighnaghi,/m/02qbsln,,Georgia
Siglufjörður,/m/01szbf,,Iceland
Sigmaringen,/m/01jlln,,Germany
Signal Hill,/m/0r0yz,,United States
Signoria di Carrara,/m/0by1t9x,,
Signoria of Florence,/m/03jpt1,,
Sigourney,/m/0t0c6,,United States
Siguiri,/m/05dl_w,,Guinea
Sigulda,/m/05dt7y,,Latvia
Sihanoukville,/m/0121_hdq,,Cambodia
Siheung,/m/03v6t7,,South Korea
Sihhu Township,/m/07kh4wv,,Taiwan
Sihuas,/m/02q86s1,,Peru
Siirt,/m/08njp9,,Turkey
Sikar,/m/04ypfn,,India
Sikasso,/m/04vj0z,,Mali
Sikensi,/m/03cv0ml,,Ivory Coast
Sikeston,/m/013h4x,,United States
Siklós,/m/0b80wf,,Hungary
Sikwane,/m/03nnhgy,,Botswana
Silay,/m/06hp3d,,Philippines
Siler City,/m/0yf9w,,United States
Siletz,/m/0zdxx,,United States
Siliguri,/m/048sbv,,India
Silistra,/m/01rcj6,,Bulgaria
Silkeborg,/m/0128fy,,Denmark
Sillamäe,/m/02q1sl,,Estonia
Siloam Springs,/m/0qrs1,,United States
Silopi,/m/0bjzhw,,Turkey
Silsbee,/m/0102f1,,United States
Siluo Township,/m/07k7gcp,,Taiwan
Silver Bay,/m/0w4hc,,United States
Silver City,/m/0t1hw,,United States
Silver Grove,/m/0td6g,,United States
Silver Lake,/m/01_fw3f,,United States
Silver Lake,/m/0xd_w,,United States
Silverton,/m/0zfdc,,United States
Silverton,/m/0_yx9,,United States
Silverton,/m/0yy33,,United States
Silvis,/m/0sg70,,United States
Simanggang,/m/03x6fl,,Malaysia
Simbach am Inn,/m/06w_5f,,Germany
Simeria,/m/056hds,,Romania
Simferopol,/m/0310wb,,Russia
Simferopol,/m/0310wb,,Ukraine
Simi Valley,/m/0mch_,,United States
Simmern/Hunsrück,/m/0369vz,,Germany
Simnas,/m/0g82zw,,Lithuania
Simonton,/m/0101fh,,United States
Simontornya,/m/0b7r8q,,Hungary
Simpang Empat,/m/0jl03jx,,Indonesia
Simpang Tiga Redelong,/m/02z02b5,,Indonesia
Simpson,/m/0yjw9,,United States
Simpson,/m/013cv9,,United States
Simpsonville,/m/0th_f,,United States
Simpsonville,/m/0_lsv,,United States
Sims,/m/0ymlq,,United States
Simunye,/m/026gjh1,,Eswatini
Simões Filho,/m/09rsjt5,,Brazil
Sinabang,/m/02z02kd,,Indonesia
Sinaia,/m/01_g0d,,Romania
Sincelejo,/m/06xkz0,,Colombia
Sinda,/m/012hfww4,,Turkey
Sindelfingen,/m/02m958,,Germany
Sindi,/m/09v1_1b,,Estonia
Singaparna,/m/05mt4q_,,Indonesia
Singapore,/m/06t2t,,Singapore
Singara,/m/047vn98,,Iraq
Singaraja,/m/084d_b,,Indonesia
Singen,/m/07dkkl,,Germany
Singkawang,/m/037l46,,Indonesia
Singrauli,/m/0kw7bh,,India
Sinj,/m/03yq_z,,Croatia
Sinkat,/m/05p5zcr,,Sudan
Sinnar,/m/025rwgs,,India
Sinop,/m/01br62,,Turkey
Sinop,/m/09by84,,Brazil
Sinpi Township,/m/07kj763,,Taiwan
Sinpo,/m/026dm26,,North Korea
Sinsheim,/m/034d__,,Germany
Sint Anna ter Muiden,/m/03nvxt,,Netherlands
Sint-Niklaas,/m/0149z3,,Belgium
Sint-Truiden,/m/017nqd,,Belgium
Sinton,/m/0108nm,,United States
Sinuessa,/m/05f64j7,,Italy
Sinuiju,/m/02wqdn,,North Korea
Sinyi Township,/m/07kbf27,,Taiwan
Sinyuan Township,/m/07k83_g,,Taiwan
Sinzig,/m/0bnszr,,Germany
Sinématiali,/m/05pc77c,,Ivory Coast
Sion,/m/02lz8q,,Switzerland
Sioux Center,/m/0t3bd,,United States
Sioux City,/m/013crh,,United States
Sioux Falls,/m/013l6l,,United States
Sioux Rapids,/m/0ss6w,,United States
Sipalay,/m/06hp3r,,Philippines
Sipe Sipe,/m/09gn4gj,,Bolivia
Siphae,/m/0_h18dn,,Greece
Sipilou,/m/05p0xq0,,Ivory Coast
Siping,/m/06mkp6,,People's Republic of China
Sipirok,/m/058mwd1,,Indonesia
Siponto,/m/02pm912,,Italy
Siraha,/m/047b6gl,,Nepal
Sirajganj,/m/08hjgg,,Bangladesh
Sirana,/m/05n_wrj,,Ivory Coast
Siret,/m/060w_8,,Romania
Siris,/m/0gn892,,Italy
Sirjan,/m/095f1m,,Iran
Sirmium,/m/03bcsf,,Serbia
Sirohi,/m/07541y,,India
Sironko,/m/05_5vwc,,Uganda
Sirra,/m/07s8bmk,,Greece
Sirte,/m/0262wt5,,Libya
Sirwah,/m/0ngtpzb,,Yemen
Sis,/m/0g592w7,,Armenian Kingdom of Cilicia
Sisak,/m/0135gk,,Croatia
Sisimiut,/m/0b3j_y,,Greenland
Sisophon,/m/0c3mgr,,Cambodia
Sisseton,/m/0_s10,,United States
Sisters,/m/0zcjy,,United States
Sistersville,/m/010yzs,,United States
Sitapur,/m/07lbvf,,India
Sitarganj,/m/0f6bgs,,India
Siteki,/m/096rbh,,Eswatini
Sitka,/m/0l_wx,,United States
Sittace,/m/0gpjxb,,
Sittard,/m/025s7g_,,Netherlands
Sittwe,/m/05ql8_,,Myanmar
Situbondo,/m/0bvqc30,,Indonesia
Sivaganga,/m/05n516,,India
Sivas,/m/04xtqt,,Turkey
Sivasagar,/m/05p9hg,,India
Siverek,/m/0bjzm0,,Turkey
Siversk,/m/0gtqzs,,Ukraine
Siverskodonetsk,/m/0b5cg9,,Ukraine
Siwan,/m/080f8t,,India
Sixaola,/m/064qr32,,Costa Rica
Siyazan,/m/04n7k_2,,Azerbaijan
Siófok,/m/04mf5f,,Hungary
Siġġiewi,/m/03w04c,,Malta
Sjenica,/m/09lngf,,Serbia
Skadovsk,/m/0dqf2g,,Ukraine
Skagway,/m/01z20_0,,United States
Skalat,/m/0dqg41,,Ukraine
Skalbmierz,/m/0ct4jl,,Poland
Skanderborg,/m/0128gb,,Denmark
Skardu,/m/03v25b,,Pakistan
Skarszewy,/m/0g536g,,Poland
Skaryszew,/m/028486k,,Poland
Skarżysko-Kamienna,/m/022mj6,,Poland
Skaudvilė,/m/0g90rw,,Lithuania
Skawina,/m/022mpm,,Poland
Skała,/m/022mqq,,Poland
Skenderaj,/m/08mgj_,,Serbia
Skenderaj,/m/08mgj_,,Kosovo
Skhirat,/m/0c6cry,,Morocco
Skias,/m/04_01zt,,Greece
Skiathos,/m/02wzhvy,,Greece
Skidmore,/m/0wypf,,United States
Skierniewice,/m/0228hz,,Poland
Skikda,/m/055mpq,,Algeria
Skilpadshek,/m/0jt99l7,,South Africa
Skive,/m/07l74t,,Denmark
Skoczów,/m/022m6y,,Poland
Skoki,/m/02889sg,,Poland
Skole,/m/0gt51v,,Ukraine
Skopelos,/m/02w_rkt,,Greece
Skopin,/m/0dmz02,,Russia
Skopje,/m/07bbc,,North Macedonia
Skradin,/m/03jnz1,,Croatia
Skrunda,/m/03c3zy0,,Latvia
Skuodas,/m/0b7gx0,,Lithuania
Skvyra,/m/07sspz,,Ukraine
Skyline,/m/0vvlh,,United States
Skógar,/m/033c7y,,Iceland
Skórcz,/m/02plxpb,,Poland
Skępe,/m/02plywj,,Poland
Slabinja,/m/0crb_b9,,Croatia
Slagelse,/m/044jn9,,Denmark
Slaný,/m/055ss0,,Czech Republic
Slater,/m/0wzxq,,United States
Slater,/m/0t3g5,,United States
Slatina,/m/013551,,Croatia
Slatina,/m/01srsr,,Romania
Slaton,/m/0105zx,,United States
Slaughters,/m/0tj9d,,United States
Slavkov u Brna,/m/04n6vj,,Czech Republic
Slavonski Brod,/m/01352l,,Croatia
Slavonski Šamac,/m/07xx8t,,Croatia
Slavuta,/m/0648jk,,Ukraine
Slavutych,/m/0ctkrt,,Ukraine
Slawi,/m/06fffw,,Indonesia
Slayton,/m/0w8f5,,United States
Sleepy Eye,/m/0vvv2,,United States
Sleman,/m/0h80pc,,Indonesia
Slesin,/m/0288kf7,,Poland
Slidell,/m/0tmsj,,United States
Sliven,/m/027wm0,,Bulgaria
Sloan,/m/0t4qf,,United States
Slobozia,/m/024k7l,,Romania
Slocomb,/m/0q7gm,,United States
Slough,/m/0c9cw,,United Kingdom
Slovenj Gradec,/m/03qjkt,,Slovenia
Slovenska Bistrica,/m/01lz8m,,Slovenia
Slovenské Nové Mesto,/m/025vnd4,,Slovakia
Slovenské Ďarmoty,/m/0gk6xm,,Slovakia
Sloviansk,/m/07lfjk,,Ukraine
Sluis,/m/016jvq,,Netherlands
Slunj,/m/06h_1j,,Croatia
Slănic,/m/09_p7r,,Romania
Slănic-Moldova,/m/04gw004,,Romania
Smackover,/m/0qxf9,,United States
Smalininkai,/m/0ghkzy,,Lithuania
Smara,/m/023_2z,,Morocco
Smara,/m/023_2z,,Western Sahara
Smart Village Egypt,/m/0b9p9d,,Egypt
Smederevo,/m/01psnc,,Serbia
Smelterville,/m/0s2l_,,United States
Smila,/m/0bm6cj,,Ukraine
Smiley,/m/0101tk,,United States
Smiltene,/m/026ryll,,Latvia
Smith Center,/m/0tbwx,,United States
Smithers,/m/013nsd,,United States
Smithfield,/m/010dkm,,United States
Smithfield,/m/0tf4b,,United States
Smithland,/m/0t4qs,,United States
Smithland,/m/0tgvv,,United States
Smiths Grove,/m/0tj5z,,United States
Smiths Station,/m/0q8r2,,United States
Smithton,/m/0wz26,,United States
Smithville,/m/0wtxq,,United States
Smithville,/m/0_xvn,,United States
Smithville,/m/0_tkf,,United States
Smithville,/m/0rxs1,,United States
Smolan,/m/0tbhp,,United States
Smolensk,/m/0ps2m,,Russia
Smyrna,/m/0dcff,,Byzantine Empire
Smyrna,/m/0rv9_,,United States
Smørumnedre,/m/047stks,,Denmark
Sneek,/m/0vhyp,,Netherlands
Snellville,/m/0rw_m,,United States
Sniatyn,/m/0c1r43,,Ukraine
Snihurivka,/m/0gt2v4,,Ukraine
Snizhne,/m/0b596b,,Ukraine
Snohomish,/m/010tz7,,United States
Snook,/m/02187sk,,United States
Snoqualmie,/m/010rrt,,United States
Snovsk,/m/0gtrqs,,Ukraine
Snovsk,/m/0gtrqs,,Soviet Union
Snow Hill,/m/0ygnj,,United States
Snyder,/m/0z6z4,,United States
Snyder,/m/0108rr,,United States
Snæfellsbær,/m/03g_fmy,,Iceland
Soap Lake,/m/010qqj,,United States
Sobieski,/m/0w7rw,,United States
Sobral,/m/08p0_f,,Brazil
Sobótka,/m/0fnpfp,,Poland
Soběslav,/m/03cmf88,,Czech Republic
Sochaczew,/m/0228kn,,Poland
Sochocin,/m/04q6_7h,,Poland
Social Circle,/m/0rygw,,United States
Socorro,/m/02qcyr7,,Colombia
Socorro,/m/0xwng,,United States
Socorro,/m/0100r2,,United States
Soda Springs,/m/0s1fg,,United States
Sodaville,/m/0zf0p,,United States
Soddy-Daisy,/m/0_v74,,United States
Soe,/m/0n49y3r,,Indonesia
Soest,/m/0194rs,,Germany
Sofia,/m/0ftjx,,Bulgaria
Sohag,/m/0b5jgh,,Egypt
Sohar,/m/06694g,,Oman
Soignies,/m/017q72,,Belgium
Sokal,/m/07wsc4,,Ukraine
Sokcho,/m/02v5tv,,South Korea
Sokodé,/m/02hz1t,,Togo
Sokolohirsk,/m/0gt2ww,,Ukraine
Sokolov,/m/07j61d,,Czech Republic
Sokone,/m/0r8lxvk,,Senegal
Sokoro,/m/05p5ymb,,Ivory Coast
Sokoto,/m/02mtl6,,Nigeria
Sokołów Małopolski,/m/028bnj5,,Poland
Sokołów Podlaski,/m/0c1kbt,,Poland
Sokyriany,/m/0gtsb_,,Ukraine
Sokółka,/m/022lzs,,Poland
Solan,/m/02t5bm,,India
Solana Beach,/m/0r578,,United States
Solapur,/m/02npjd,,India
Solca,/m/0782lj,,Romania
Soldier,/m/0t7g5,,United States
Soldier,/m/0t1np,,United States
Soldotna,/m/01z2194,,United States
Solec Kujawski,/m/06l5h5,,Poland
Soledad,/m/0r246,,United States
Soledar,/m/0gtrf2,,Ukraine
Soledar,/m/0gtrf2,,Soviet Union
Solen,/m/0yrgf,,United States
Soli,/m/09fl2s,,Turkey
Soli,/m/013ss6,,Cyprus
Solihull,/m/0f3ys2,,United Kingdom
Solin,/m/03cv_d,,Croatia
Solingen,/m/018ryl,,Germany
Solkan,/m/0421hvx,,Slovenia
Solms,/m/0dph_g,,Germany
Solnitsata,/m/0nbtjt1,,Bulgaria
Solok,/m/0b9qmf,,Indonesia
Solomon,/m/013cwp,,United States
Solon,/m/0yvsg,,United States
Solon,/m/0t02z,,United States
Solothurn,/m/0d341,,Switzerland
Solotvyno,/m/027r6qz,,Ukraine
Solotvyno,/m/027r6qz,,Austria–Hungary
Solotvyno,/m/027r6qz,,Austrian Empire
Solt,/m/0c_fy1,,Hungary
Soltau,/m/03nqyt,,Germany
Soltvadkert,/m/0cz3lm,,Hungary
Soluntum,/m/08q7xd,,Italy
Solvang,/m/0r640,,United States
Solway,/m/0vtrm,,United States
Solwezi,/m/033cd4,,Zambia
Soma,/m/0bpf1l,,Turkey
Sombor,/m/01pspf,,Serbia
Somers,/m/0ssgs,,United States
Somers Point,/m/02073w9,,United States
Somerset,/m/0_y8h,,United States
Somerset,/m/0thvy,,United States
Somersworth,/m/0xk5p,,United States
Somerton,/m/0qr7w,,United States
Somerville,/m/0t_71,,United States
Somerville,/m/0_z0s,,United States
Somoto,/m/078v3q,,Nicaragua
Sompolno,/m/0284866,,Poland
Sonauli,/m/0bmh1tz,,India
Sondershausen,/m/094g_b,,Germany
Songea,/m/0653dx,,Tanzania
Songkhla,/m/038dmh,,Thailand
Songrim,/m/026c_rp,,North Korea
Songyuan,/m/03hhvzf,,People's Republic of China
Sonneberg,/m/04vcs6,,Germany
Sonnewalde,/m/0fjwz8,,Germany
Sonoma,/m/0r78k,,United States
Sonora,/m/0r84g,,United States
Sonora,/m/01096l,,United States
Sonora,/m/0tdy2,,United States
Sonoyta,/m/033y5m,,Mexico
Sonsonate,/m/07hz1v,,El Salvador
Sonthofen,/m/05td1v,,Germany
Sontra,/m/0fjx0d,,Germany
Sopchoppy,/m/01_1231,,United States
Soperton,/m/0rzjl,,United States
Sopik,/m/0nccszj,,Albania
Sopore,/m/0cwh8r,,India
Sopot,/m/013xxh,,Poland
Sopot,/m/013xxh,,Nazi Germany
Sopot,/m/013xxh,,Kingdom of Prussia
Sopot,/m/013xxh,,Weimar Republic
Sopot,/m/013xxh,,German Empire
Sopot,/m/013xxh,,Free City of Danzig
Sopron,/m/0pxsd,,Hungary
Soqota,/m/02r5nn5,,Ethiopia
Soreang,/m/0gc83w,,Indonesia
Soroca,/m/02mxfb,,Moldova
Sorocaba,/m/02x72m,,Brazil
Sorong,/m/0g0xq5,,Indonesia
Soroti,/m/079ycf,,Uganda
Sorsogon City,/m/02_55h,,Philippines
Sosnivka,/m/0gtrvp,,Ukraine
Sosnowiec,/m/0jx04,,Poland
Sospel,/m/02vrd_f,,France
Sotouboua,/m/09hmjh,,Togo
Soubré,/m/02pqm1v,,Ivory Coast
Souillac,/m/0dm59h,,Mauritius
Sour Lake,/m/0102fd,,United States
Souris,/m/0yn4p,,United States
South Amboy,/m/0xpvg,,United States
South Bank,/m/08qv0m,,Australia
South Bay,/m/0rqjy,,United States
South Beloit,/m/0sjrq,,United States
South Bend,/m/0sq2v,,United States
South Bend,/m/010sqn,,United States
South Burlington,/m/010j62,,United States
South Carrollton,/m/0thfj,,United States
South Charleston,/m/010x7g,,United States
South Daytona,/m/01_126b,,United States
South Drain,/m/0bbyfbg,,Suriname
South Dum Dum,/m/0f6c1t,,India
South El Monte,/m/01zqvyn,,United States
South English,/m/0t0ck,,United States
South Euclid,/m/0yvst,,United States
South Fulton,/m/0_w8r,,United States
South Fulton,/m/03c31j_,,United States
South Gate,/m/0r0zs,,United States
South Gorin,/m/0wz_g,,United States
South Haven,/m/0xg7z,,United States
South Haven,/m/013dxx,,United States
South Haven,/m/0tc2f,,United States
South Heart,/m/02049wg,,United States
South Houston,/m/0102q0,,United States
South Hutchinson,/m/0t9yp,,United States
South Jordan,/m/021cxmm,,United States
South Lake Tahoe,/m/0t_2g,,United States
South Lyon,/m/0vm5g,,United States
South Miami,/m/0rnwr,,United States
South Milwaukee,/m/0116c4,,United States
South Norfolk,/m/050lq1,,United States
South Ogden,/m/010hcp,,United States
South Park View,/m/0tg2l,,United States
South Pasadena,/m/0r0_5,,United States
South Pasadena,/m/0rr5k,,United States
South Pittsburg,/m/0_vz2,,United States
South Portland,/m/0tpk4,,United States
South Queensferry,/m/01m0yv,,United Kingdom
South Salt Lake,/m/010fvm,,United States
South San Francisco,/m/0r5yp,,United States
South Shore,/m/0tdvn,,United States
South Sioux City,/m/0x613,,United States
South St. Paul,/m/0vz5j,,United States
South Tangerang,/m/05msbv3,,Indonesia
South Tarawa,/m/040q6l,,Kiribati
South Tucson,/m/0qqg9,,United States
South Weber,/m/010dtc,,United States
SouthPark,/m/0c__11,,United States
Southampton,/m/0grd7,,United Kingdom
Southaven,/m/0xggj,,United States
Southbridge,/m/01m8ns,,United States
Southend-on-Sea,/m/01d8wq,,United Kingdom
Southern Pines,/m/0yj0k,,United States
Southern Shores,/m/0yf_r,,United States
Southfield,/m/0vm5t,,United States
Southgate,/m/0vrx3,,United States
Southgate,/m/0td6t,,United States
Southlake,/m/013mh8,,United States
Southmayd,/m/0101zr,,United States
Southport,/m/05k9yc,,Australia
Southport,/m/0ydn0,,United States
Southport,/m/0snmn,,United States
Southside,/m/0q4dg,,United States
Southside Place,/m/0102qc,,United States
Southwest City,/m/0wxsb,,United States
Sovata,/m/02bs6_,,Romania
Soweto,/m/0729t,,South Africa
Sozopol,/m/0jsq3,,Bulgaria
Sośnicowice,/m/028bqy4,,Poland
Spa,/m/017w6v,,Belgium
Spaichingen,/m/0dvpks,,Germany
Spalt,/m/0fjx2w,,Germany
Spangenberg,/m/0dqrvq,,Germany
Spangle,/m/010v86,,United States
Spanish Fork,/m/010gx4,,United States
Spanish Fort,/m/0pgvx,,United States
Spanish Town,/m/02jfq3,,Jamaica
Sparkman,/m/0qsx3,,United States
Sparks,/m/0xdb_,,United States
Sparta,/m/09472,,Greece
Sparta,/m/02r15xm,,Greece
Sparta,/m/01mm49,,United States
Sparta,/m/0ycz6,,United States
Sparta,/m/013d16,,United States
Sparta,/m/0sf_d,,United States
Sparta,/m/0wtnt,,United States
Sparta,/m/0_xcc,,United States
Sparta,/m/0rx43,,United States
Spartanburg,/m/0_nh2,,United States
Spartolos,/m/080c6xl,,Greece
Spata,/m/05ytdz,,Greece
Spearfish,/m/0_r54,,United States
Spearman,/m/0102bn,,United States
Spearville,/m/0t6st,,United States
Speed,/m/0yg7b,,United States
Speed,/m/0t9l7,,United States
Speicher,/m/08qxq0,,Germany
Spencer,/m/0ykhb,,United States
Spencer,/m/0st7n,,United States
Spencer,/m/0s1hw,,United States
Spencer,/m/010yv_,,United States
Spencer,/m/0_rfd,,United States
Spencer,/m/0z8mn,,United States
Spenge,/m/093r51,,Germany
Speyer,/m/01j4ds,,Germany
Spicer,/m/0w3nj,,United States
Spickard,/m/0wvsz,,United States
Spielfeld,/m/03gwckk,,Austria
Spiez,/m/02z3r0,,Switzerland
Spijk,/m/05syt9b,,Netherlands
Spillville,/m/0t4kz,,United States
Spin Boldak,/m/02m_xd,,Afghanistan
Spina,/m/03vtgd,,Italy
Spindale,/m/0yklk,,United States
Spirit Lake,/m/0svb2,,United States
Spirit Lake,/m/01_6fyg,,United States
Spiritwood Lake,/m/0yrql,,United States
Spivey,/m/0t7xr,,United States
Splendora,/m/080bbvw,,United States
Split,/m/01g_k3,,Croatia
Spodnje Škofije,/m/040413r,,Slovenia
Spofford,/m/010578,,United States
Spokane,/m/010v8k,,United States
Spokane Valley,/m/021k85w,,United States
Spooner,/m/01mnvl,,United States
Spotsylvania County,/m/0mn1p,,United States
Sprague,/m/010sf0,,United States
Spragueville,/m/0s_sy,,United States
Spray,/m/0zgl5,,United States
Spreitenbach,/m/0fq76_,,Switzerland
Spremberg,/m/07mk9l,,Germany
Spring Branch,/m/0fr9ql,,United States
Spring City,/m/010g4n,,United States
Spring Grove,/m/0w1nv,,United States
Spring Hill,/m/013lp1,,United States
Spring Hill,/m/0t423,,United States
Spring Hill,/m/0xfyv,,United States
Spring Hill,/m/01_fw5f,,United States
Spring Hope,/m/0yj4b,,United States
Spring Lake Park,/m/013f72,,United States
Spring Mill,/m/0tg2y,,United States
Spring Park,/m/01__27c,,United States
Spring Valley,/m/0s3fl,,United States
Spring Valley,/m/0v_dt,,United States
Spring Valley,/m/0tg38,,United States
Spring Valley Village,/m/0102r2,,United States
Springboro,/m/020nrqm,,United States
Springbrook,/m/0s_t8,,United States
Springbrook,/m/0ysb0,,United States
Springdale,/m/0yy3g,,United States
Springdale,/m/0qrsf,,United States
Springe,/m/0cmg_h,,Germany
Springfield,/m/0zdv1,,United States
Springfield,/m/0ftxc,,United States
Springfield,/m/0ytph,,United States
Springfield,/m/0mzvm,,United States
Springfield,/m/013gwb,,United States
Springfield,/m/0_wly,,United States
Springfield,/m/0_p56,,United States
Springfield,/m/0xcvw,,United States
Springfield,/m/0x9cv,,United States
Springfield,/m/0tj6_,,United States
Springfield,/m/0v38g,,United States
Springfield,/m/0rhh6,,United States
Springfield,/m/0rw60,,United States
Springhill,/m/0tnbx,,United States
Springlee,/m/0tg3m,,United States
Springs,/m/049zy6,,South Africa
Springtown,/m/0107n7,,United States
Springville,/m/0qbx0,,United States
Springville,/m/010gxw,,United States
Springville,/m/0t0sq,,United States
Sprockhövel,/m/04m61f,,Germany
Spruce Grove,/m/01wqk7,,Canada
Spruce Pine,/m/0yhwq,,United States
Spur,/m/0100b5,,United States
Squaw Lake,/m/0w2qy,,United States
Srbac,/m/0c0wg0,,Bosnia and Herzegovina
Sri Ganganagar,/m/07xm5n,,India
Sri Jayawardenepura Kotte,/m/02r9rz,,Sri Lanka
Sri Ksetra Kingdom,/m/0j9mjlg,,Myanmar
Sribhumi,/m/025ss7_,,India
Srinagar,/m/0kw76c,,India
Srinagar,/m/01q_22,,India
Srivijayapuram,/m/04v6qd,,India
Srivijayapuram,/m/04v6qd,,British Raj
St Albans,/m/071zb,,United Kingdom
St Asaph,/m/02t3_x,,United Kingdom
St Davids,/m/0sxbp,,United Kingdom
St Helens,/m/04682_,,United Kingdom
St Monans,/m/08lvwg,,United Kingdom
St. Albans,/m/01mhn_,,United States
St. Albans,/m/010x7t,,United States
St. Albert,/m/01wlj8,,Canada
St. Ann,/m/0xj8g,,United States
St. Ansgar,/m/0t1ky,,United States
St. Anthony,/m/04n0dz6,,United States
St. Anthony,/m/0t1f3,,United States
St. Anthony,/m/0s1rs,,United States
St. Anthony,/m/0106c3,,United States
St. Augusta,/m/064mzc,,United States
St. Augustine,/m/0rs6x,,United States
St. Augustine Beach,/m/0x5wm,,United States
St. Bernard,/m/0yy3t,,United States
St. Blasien,/m/0fjxtn,,Germany
St. Bonifacius,/m/0xdh5,,United States
St. Catharines,/m/01gbzb,,Canada
St. Charles,/m/0133t5,,United States
St. Charles,/m/0n_d4,,United States
St. Charles,/m/0t12b,,United States
St. Charles,/m/0s0wh,,United States
St. Charles,/m/0tf7f,,United States
St. Charles,/m/0xg62,,United States
St. Clair,/m/0vvm5,,United States
St. Clair,/m/0vqds,,United States
St. Clair Shores,/m/0vcdc,,United States
St. Clairsville,/m/0yt3b,,United States
St. Cloud,/m/0rpy2,,United States
St. Cloud,/m/013f9v,,United States
St. Croix,/m/02z2bb0,,Canada
St. Croix Falls,/m/01mmrg,,United States
St. Donatus,/m/0s_tm,,United States
St. Edward,/m/0x4h3,,United States
St. Elmo,/m/0s6vz,,United States
St. Francis,/m/0116ch,,United States
St. Francis,/m/0qs8p,,United States
St. Francis,/m/0t5tq,,United States
St. Francis,/m/0xcnk,,United States
St. Francisville,/m/0sbdt,,United States
St. Gabriel,/m/0tksm,,United States
St. Gallen,/m/0245n9,,Switzerland
St. George,/m/010h4j,,United States
St. George,/m/0qcp4,,United States
St. George,/m/0x069,,United States
St. George,/m/0t9nn,,United States
St. George's,/m/0ftkd,,Grenada
St. Georgen im Schwarzwald,/m/0b348j,,Germany
St. Helena,/m/0yjq1,,United States
St. Helena,/m/0r26s,,United States
St. Helens,/m/0zc9k,,United States
St. Hilaire,/m/0xfdz,,United States
St. Ignace,/m/0vc4n,,United States
St. James,/m/0ydnc,,United States
St. James,/m/0wz3z,,United States
St. James,/m/0wn0p,,United States
St. Jo,/m/0106mt,,United States
St. John,/m/0x06n,,United States
St. John,/m/0tbym,,United States
St. John,/m/0yr8t,,United States
St. John's,/m/07411,,Antigua and Barbuda
St. John's,/m/0j8p6,,Canada
St. Johns,/m/0qnnv,,United States
St. Johns,/m/0v4l8,,United States
St. Joseph,/m/0135p7,,United States
St. Joseph,/m/0wkj6,,United States
St. Joseph,/m/0_vs5,,United States
St. Joseph,/m/0v2q3,,United States
St. Leo,/m/0wp6y,,United States
St. Louis,/m/06wxw,,United States
St. Louis,/m/0v6w9,,United States
St. Louis Park,/m/0xdhj,,United States
St. Lucas,/m/0szd4,,United States
St. Maries,/m/0s0xj,,United States
St. Marks,/m/0rst5,,United States
St. Martin,/m/0wkjx,,United States
St. Martins,/m/0wt_3,,United States
St. Martinville,/m/0tmlm,,United States
St. Mary,/m/0x0dv,,United States
St. Mary's,/m/0qhx5,,United States
St. Marys,/m/0zz1s,,United States
St. Marys,/m/0ysy1,,United States
St. Marys,/m/0rtlt,,United States
St. Marys,/m/0t42g,,United States
St. Marys,/m/010y90,,United States
St. Marys,/m/013czf,,United States
St. Matthews,/m/0tg49,,United States
St. Michael,/m/0qgjh,,United States
St. Michael,/m/0wny_,,United States
St. Moritz,/m/01sd_8,,Switzerland
St. Olaf,/m/0stfv,,United States
St. Paul,/m/0zfdq,,United States
St. Paul,/m/0qcpj,,United States
St. Paul,/m/0t93q,,United States
St. Paul,/m/0x7g2,,United States
St. Paul,/m/014b72,,United States
St. Paul,/m/0t0ls,,United States
St. Paul Park,/m/0wmt3,,United States
St. Pauls,/m/0yk9v,,United States
St. Pete Beach,/m/0rr5x,,United States
St. Peter,/m/0w8m0,,United States
St. Peters,/m/014b7f,,United States
St. Petersburg,/m/0lhql,,United States
St. Pölten,/m/015v47,,Austria
St. Regis Park,/m/0tg4n,,United States
St. Robert,/m/0wzhn,,United States
St. Rosa,/m/0wkkl,,United States
St. Stephen,/m/01y3h2,,Canada
St. Stephen,/m/0xfzj,,United States
St. Thomas,/m/0wt_g,,United States
St. Thomas,/m/0yq80,,United States
St. Vincent,/m/0w40x,,United States
Stacy,/m/0vxbp,,United States
Stacyville,/m/0t1l8,,United States
Stade,/m/01sjcp,,Germany
Stadt Wehlen,/m/0fjxg3,,Germany
Stadtallendorf,/m/0cylzs,,Germany
Stadtbergen,/m/0dpf2v,,Germany
Stadthagen,/m/0cjg13,,Germany
Stadtilm,/m/0fjx4m,,Germany
Stadtlengsfeld,/m/0fjx71,,Germany
Stadtlohn,/m/04zbrb,,Germany
Stadtoldendorf,/m/07p6_v,,Germany
Stadtprozelten,/m/0fjx8h,,Germany
Stadtroda,/m/06nmbk,,Germany
Stadtsteinach,/m/0fjxcp,,Germany
Stafford,/m/013mp9,,United States
Stafford,/m/0tbyz,,United States
Stageira,/m/03l516,,Greece
Staicele,/m/03c3_l0,,Latvia
Staley,/m/0yjzt,,United States
Stallings,/m/0203p38,,United States
Stalowa Wola,/m/022b8d,,Poland
Stamford,/m/01m1zk,,United States
Stamford,/m/013mx5,,United States
Stamping Ground,/m/0thzr,,United States
Stamps,/m/0qv2t,,United States
Stanberry,/m/0wvq6,,United States
Standish,/m/0v1hr,,United States
Stanfield,/m/0zg0g,,United States
Stanfield,/m/0yl1x,,United States
Stanford,/m/0tgt3,,United States
Stanhope,/m/0szzr,,United States
Stanley,/m/010__x,,United States
Stanley,/m/0ygk2,,United States
Stanley,/m/0yq1h,,United States
Stanley,/m/0ss3s,,United States
Stanley,/m/0s1lz,,United States
Stans,/m/01snsb,,Switzerland
Stanton,/m/0x9xp,,United States
Stanton,/m/01061n,,United States
Stanton,/m/0ypy0,,United States
Stanton,/m/0t1sh,,United States
Stanton,/m/0r2pp,,United States
Stanton,/m/0thtk,,United States
Stanton,/m/0vfgn,,United States
Stantonsburg,/m/0ymm1,,United States
Stanwood,/m/0sssd,,United States
Stanwood,/m/010tzl,,United States
Staples,/m/047skc4,,United States
Staples,/m/013gdy,,United States
Stapleton,/m/0rxkj,,United States
Star,/m/0yhy2,,United States
Star,/m/0s0q9,,United States
Star City,/m/0qvbq,,United States
Star Harbor,/m/01035c,,United States
Stara Gradiška,/m/05pz2m,,Croatia
Stara Zagora,/m/03n_22,,Bulgaria
Starachowice,/m/022mhv,,Poland
Starbase,/m/04bwsps,,United States
Starbuck,/m/0wfg8,,United States
Stargard,/m/01zk9v,,Poland
Stari Grad,/m/06h6b_,,Croatia
Stari Ras,/m/08j9qx,,Serbia
Stark,/m/0t941,,United States
Starke,/m/0rhks,,United States
Starkville,/m/0wr6y,,United States
Starkweather,/m/0yqd4,,United States
Starnberg,/m/03d60r,,Germany
Starobilsk,/m/02ml9s,,Ukraine
Starocherkasskaya,/m/07fkt4,,Russia
Starogard Gdański,/m/013_z2,,Poland
Starokostiantyniv,/m/0bznrt,,Ukraine
Stary Oskol,/m/06kfll,,Russia
Stary Sącz,/m/074rwl,,Poland
Staryi Krym,/m/08lv_c,,Ukraine
Staryi Sambir,/m/0c2324,,Ukraine
Staszów,/m/0c33h_,,Poland
State Center,/m/0t1fg,,United States
State Line,/m/01_6g3x,,United States
Stateline,/m/020b_wc,,United States
Staten Island,/m/0y62n,,United States
Statesboro,/m/0rtf7,,United States
Statesville,/m/0yh9k,,United States
Statham,/m/0rt34,,United States
Statonia,/m/03hjkmt,,Italy
Staufen im Breisgau,/m/08kjyf,,Germany
Staufenberg,/m/0fjxln,,Germany
Staunton,/m/034lk7,,United States
Staunton,/m/0sc4z,,United States
Stavelot,/m/017w77,,Belgium
Stavenhagen,/m/0fjxpf,,Germany
Staveren,/m/01zgzf,,Netherlands
Stavropol,/m/02dvvr,,Russia
Stawiski,/m/09914f,,Poland
Stawiszyn,/m/02889lm,,Poland
Stayton,/m/0zff1,,United States
Staßfurt,/m/0b6hdh,,Germany
Ste. Genevieve,/m/0x0f5,,United States
Steamboat Rock,/m/0s_59,,United States
Steamboat Springs,/m/0rcly,,United States
Stebbins,/m/0qgjv,,United States
Stebnyk,/m/0dqd_n,,Ukraine
Stedman,/m/0yfxl,,United States
Steele,/m/0wyyc,,United States
Steele,/m/0yp9c,,United States
Steelville,/m/0wv37,,United States
Steen,/m/0wg_x,,United States
Steenvoorde,/m/03h29pt,,France
Steffisburg,/m/0ftx26,,Switzerland
Stein,/m/0dps10,,Germany
Stein,/m/05qbnr,,Switzerland
Steinach,/m/0fjy4v,,Germany
Steinau an der Straße,/m/0dy9_j,,Germany
Steinbach,/m/03wwjf,,Canada
Steinbach (Taunus),/m/0dzdjl,,Germany
Steinbach-Hallenberg,/m/0fjy78,,Germany
Steinfort,/m/08ghcz,,Luxembourg
Steinfurt,/m/018sr_,,Germany
Steinhausen,/m/0fwlr4,,Switzerland
Steinheim,/m/0bhrkl,,Germany
Steinheim an der Murr,/m/0dyh60,,Germany
Stellenbosch,/m/02b7s7,,South Africa
Stem,/m/0ygmh,,United States
Stendal,/m/01kbwp,,Germany
Stende,/m/03c3__4,,Latvia
Stephen,/m/0w63z,,United States
Stephens,/m/0qw4z,,United States
Stephenson,/m/0vdk8,,United States
Stephenville,/m/0100ym,,United States
Sterling,/m/03swgt,,United States
Sterling,/m/0rbyj,,United States
Sterling,/m/0sj6_,,United States
Sterling,/m/0tb4m,,United States
Sterling City,/m/01095w,,United States
Sterling Heights,/m/0vcdq,,United States
Sterlitamak,/m/06sntz,,Russia
Sternberg,/m/042lmm,,Germany
Steubenville,/m/0yz30,,United States
Stevens Point,/m/0pz3h,,United States
Stevenson,/m/0q7w6,,United States
Stevenson,/m/010tfl,,United States
Stevenston,/m/05ndvw,,United Kingdom
Stevensweert,/m/02q2v0m,,Netherlands
Stewart,/m/0w6sl,,United States
Stewarton,/m/06pr4r,,United Kingdom
Stewartsville,/m/0wvb3,,United States
Stewartville,/m/0w9jz,,United States
Steyr,/m/03q9ll,,Austria
Stigler,/m/0z6ck,,United States
Stillwater,/m/0z97r,,United States
Stillwater,/m/0wmtg,,United States
Stilwell,/m/0z3wy,,United States
Stilwell,/m/0z3wy,,Cherokee Nation
Stinnett,/m/0104f7,,United States
Stirling,/m/0gmkn,,United Kingdom
Stites,/m/0s1xm,,United States
Stobi,/m/04_n34,,North Macedonia
Stockach,/m/08ypt_,,Germany
Stockbridge,/m/0rxbn,,United States
Stockdale,/m/010c67,,United States
Stockholm,/m/06mxs,,Sweden
Stockport,/m/0t3wy,,United States
Stockton,/m/0pc56,,United States
Stockton,/m/0s8ws,,United States
Stockton,/m/0t1vx,,United States
Stockton,/m/0wth9,,United States
Stockton,/m/0tb7c,,United States
Stockton,/m/0wnlx,,United States
Stockton Bend,/m/0ftrtr,,United States
Stoczek Łukowski,/m/026bm1d,,Poland
Stod,/m/02prmmh,,Czech Republic
Stoke-on-Trent,/m/017cjb,,United Kingdom
Stokesdale,/m/0ygr8,,United States
Stolberg,/m/07545c,,Germany
Stollberg,/m/04y2b6,,Germany
Stolpen,/m/047p96,,Germany
Stone City,/m/05wnx_,,People's Republic of China
Stone Mountain,/m/0rvzf,,United States
Stone Town,/m/02wfp7,,Tanzania
Stonehaven,/m/014kh1,,United Kingdom
Stoneville,/m/0ykck,,United States
Stonewall,/m/0yjnp,,United States
Stonewood,/m/010w_6,,United States
Stony Hill,/m/09rwgly,,Jamaica
Stopnica,/m/0fprk6,,Poland
Storden,/m/0vycc,,United States
Storgosia,/m/0cqx7h,,Bulgaria
Storkow (Mark),/m/0fd449,,Germany
Storm Lake,/m/0ss76,,United States
Stornoway,/m/02l6bt,,United Kingdom
Storozhynets,/m/0cdpgf,,Ukraine
Story City,/m/0t3gj,,United States
Stotts City,/m/0wx6g,,United States
Stoughton,/m/011144,,United States
Stout,/m/0szty,,United States
Stovall,/m/0ygmv,,United States
Stover,/m/0wy5f,,United States
Stow,/m/0z27g,,United States
Stowell,/m/0_zzk,,United States
Strabane,/m/0p6p7,,United Kingdom
Straelen,/m/0bfk6x,,Germany
Strafford,/m/0wvs8,,United States
Strakonice,/m/04rtt6,,Czech Republic
Stralsund,/m/0r_w6,,Germany
Strandquist,/m/0xdzh,,United States
Stranraer,/m/011w97,,United Kingdom
Strasbourg,/m/09b83,,France
Strasburg,/m/0fjymq,,Germany
Strasburg,/m/0wtfy,,United States
Strasburg,/m/0ynzm,,United States
Stratford,/m/01gc9t,,Canada
Stratford,/m/013cht,,United States
Strathcona,/m/02702sg,,Canada
Strathcona,/m/0whbx,,United States
Strathmoor Manor,/m/0tg4_,,United States
Strathmoor Village,/m/0tg5b,,United States
Stratia,/m/04zzp99,,Greece
Stratonicea,/m/07z6p4,,Turkey
Stratonicea,/m/0br6fq,,Greece
Stratonicea,/m/0brxwm,,Turkey
Straubing,/m/04k1zv,,Germany
Straupe,/m/03y8wmq,,Latvia
Strawberry Point,/m/0stg5,,United States
Strawn,/m/0107j3,,United States
Streator,/m/0s9st,,United States
Streeter,/m/0yrqy,,United States
Streetsboro,/m/0z0z4,,United States
Strehaia,/m/04plbd,,Romania
Strehla,/m/04gd0s,,Germany
Strenči,/m/03c3_pg,,Latvia
Strepsa,/m/03g_qz7,,Greece
Strezimirovtsi,/m/04jf654,,Bulgaria
Strezimirovtsi,/m/04jf654,,Serbia
Strezimirovtsi,/m/04jf654,,Ottoman Empire
Stridon,/m/06wcdrb,,Croatia
Stromberg,/m/0bqhm_,,Germany
Stromness,/m/0qn45,,United Kingdom
Stromsburg,/m/0x8zy,,United States
Strong,/m/0qxfn,,United States
Strong City,/m/0t5n5,,United States
Strongsville,/m/0yvt4,,United States
Stronie Śląskie,/m/02pj8dg,,Poland
Stroud,/m/013k7c,,United States
Strovilia,/m/03wbfrb,,Cyprus
Struble,/m/0t28_,,United States
Struga,/m/038q89,,North Macedonia
Strumica,/m/07pb0m,,North Macedonia
Strumień,/m/022m86,,Poland
Struthers,/m/0y_8p,,United States
Stryi,/m/06b__k,,Ukraine
Stryków,/m/0gbm9x,,Poland
Stryme,/m/07s7g27,,Greece
Strzegom,/m/08yk7p,,Poland
Strzelce Krajeńskie,/m/0bzgyn,,Poland
Strzelce Krajeńskie,/m/0bzgyn,,Nazi Germany
Strzelce Krajeńskie,/m/0bzgyn,,Weimar Republic
Strzelce Krajeńskie,/m/0bzgyn,,German Empire
Strzelce Opolskie,/m/0229c4,,Poland
Strzelin,/m/08_q55,,Poland
Strzelno,/m/0266k1k,,Poland
Strzyżów,/m/02_gh2,,Poland
Strășeni,/m/04r0y1,,Moldova
Stuart,/m/0rn5g,,United States
Stuart,/m/0sr9l,,United States
Stung Treng,/m/0ggdt1,,Cambodia
Sturgeon,/m/0wsw9,,United States
Sturgeon Bay,/m/02m002,,United States
Sturgeon Lake,/m/0wd3w,,United States
Sturgis,/m/0_rj4,,United States
Sturgis,/m/0vqnc,,United States
Sturgis,/m/0tj3x,,United States
Stutensee,/m/0b3ryj,,Germany
Stuttgart,/m/0727_,,Germany
Stuttgart,/m/0qrc2,,United States
Stykkishólmur,/m/033zy5,,Iceland
Stäfa,/m/01x299,,Switzerland
Stößen,/m/0cz1dr,,Germany
Stühlingen,/m/0fjyxc,,Germany
Stăuceni,/m/03qkv49,,Moldova
Stąporków,/m/05109t,,Poland
Stęszew,/m/0288kcj,,Poland
Stříbro,/m/08kpzs,,Czech Republic
Su'ao Township,/m/03s84l,,Taiwan
Su-ngai Kolok,/m/0dr3f1,,Thailand
Suakin,/m/048b3_,,Sudan
Suakin,/m/048b3_,,Anglo-Egyptian Sudan
Suasa,/m/02pbdq8,,Italy
Subang Jaya,/m/054t4_,,Malaysia
Subate,/m/0bp6sp,,Latvia
Subačius,/m/0gg81j,,Lithuania
Sublette,/m/0t7br,,United States
Sublimity,/m/0zffd,,United States
Subotica,/m/0187jt,,Serbia
Subulussalam,/m/02z02mg,,Indonesia
Suceava,/m/021pvg,,Romania
Sucha Beskidzka,/m/01xzj3,,Poland
Suchań,/m/027_9x7,,Poland
Suchedniów,/m/02854xc,,Poland
Suchowola,/m/022l_3,,Poland
Sucidava,/m/02p9__v,,Romania
Sucre,/m/03qp265,,Ecuador
Sucre,/m/0bt6c,,Bolivia
Sucúa,/m/03qp22d,,Ecuador
Sudair Industrial City,/m/07k7vw6,,Saudi Arabia
Sudak,/m/04ql4x,,Russia
Sudak,/m/04ql4x,,Ukraine
Sudan,/m/0218fck,,United States
Sudova Vyshnia,/m/0gt514,,Ukraine
Suessa Pometia,/m/05f68_b,,Italy
Suessula,/m/08q68p,,Italy
Suez,/m/01k6hh,,Egypt
Sufetula,/m/011lcndj,,Tunisia
Suffolk,/m/034ljk,,United States
Sugar City,/m/0s2c1,,United States
Sugar Creek,/m/013gyk,,United States
Sugar Hill,/m/0rw_z,,United States
Sugar Land,/m/0101fv,,United States
Sugar Mountain,/m/0yd3r,,United States
Suhl,/m/01xw16,,Germany
Suhr,/m/0fq_2h,,Switzerland
Suifenhe,/m/027wk94,,People's Republic of China
Suihua,/m/06n_yd,,People's Republic of China
Suining,/m/06pf5d,,People's Republic of China
Suisun City,/m/0r71h,,United States
Suita,/m/01wn11,,Japan
Suizhou,/m/08djmg,,People's Republic of China
Sujanpur,/m/0f6clg,,India
Suka Makmue,/m/02z02f8,,Indonesia
Sukabumi,/m/07bn00,,Indonesia
Sukhiapokhri,/m/02rqvj_,,India
Sukhodilsk,/m/0gt4d3,,Ukraine
Sukhothai,/m/02jd2l,,Thailand
Sukhumi,/m/0bw4vt,,Georgia
Sukhumi,/m/0bw4vt,,Republic of Abkhazia
Sukkur,/m/03_dnl,,Pakistan
Sulaymaniyah,/m/02_wp3,,Iraq
Sulci,/m/025ty2t,,Italy
Sulci,/m/025ty2t,,Ancient Rome
Sulechów,/m/0fx_cy,,Poland
Sulejów,/m/0ck_p_,,Poland
Sulejówek,/m/0dh34r,,Poland
Sulina,/m/024z_m,,Romania
Sulingen,/m/0c4rj2,,Germany
Sullana,/m/06zrc1,,Peru
Sulligent,/m/0q8hk,,United States
Sullivan,/m/0sq94,,United States
Sullivan,/m/0sf19,,United States
Sullivan,/m/013gzl,,United States
Sullivan City,/m/0103t2,,United States
Sully,/m/0s_yr,,United States
Sulmierzyce,/m/026p4gn,,Poland
Sulphur,/m/0tk16,,United States
Sulphur,/m/0z82d,,United States
Sulphur Springs,/m/0qrt3,,United States
Sulphur Springs,/m/010448,,United States
Sultan,/m/04g1mph,,Libya
Sultan,/m/010t_m,,United States
Sultanpur Lodhi,/m/0f6ct0,,India
Sulz am Neckar,/m/0dsphg,,Germany
Sulzbach,/m/0c0f6_,,Germany
Sulzbach-Rosenberg,/m/0dknsy,,Germany
Sulzburg,/m/06xv0c,,Germany
Sulęcin,/m/030bl8,,Poland
Sumaré,/m/02kcpr,,Brazil
Sumas,/m/010vvc,,United States
Sumbawanga,/m/074xws,,Tanzania
Sumbe,/m/09dlf8,,Angola
Sumber,/m/0gc85l,,Indonesia
Sumenep,/m/0k0qz4d,,Indonesia
Sumgait,/m/034v4t,,Azerbaijan
Sumiton,/m/01z3ym8,,United States
Summerfield,/m/0ygrm,,United States
Summerfield,/m/0t8k3,,United States
Summerset,/m/0dn9xp,,United States
Summerside,/m/023n6x,,Canada
Summersville,/m/010y68,,United States
Summersville,/m/013h60,,United States
Summerville,/m/0zg48,,United States
Summerville,/m/0rtzw,,United States
Summit,/m/0xt3t,,United States
Summit,/m/0qvpd,,United States
Sumner,/m/0wtl1,,United States
Sumner,/m/0sbf4,,United States
Sumner,/m/010t4h,,United States
Sumner,/m/0sr__,,United States
Sumpter,/m/0zb_4,,United States
Sumter,/m/0_nqb,,United States
Sumy,/m/02q6jz,,Ukraine
Sun City,/m/0t559,,United States
Sun Prairie,/m/01m38j,,United States
Sun Valley,/m/0105cf,,United States
Sun Valley,/m/0s10p,,United States
Sunbright,/m/0_w6p,,United States
Sunburg,/m/0w3p6,,United States
Sunbury,/m/020nvd5,,United States
Sunbury,/m/0_8pt,,United States
Sunchales,/m/02709cl,,Argentina
Suncheon,/m/022_33,,South Korea
Sunchon,/m/0b2499,,North Korea
Sunda Kelapa,/m/03ns5jx,,Indonesia
Sunderland,/m/01n7rc,,United Kingdom
Sundern (Sauerland),/m/0bh8p4,,Germany
Sundown,/m/0218gvp,,United States
Sunfish Lake,/m/0vz5w,,United States
Sungai Penuh,/m/0g9vy4t,,Indonesia
Sungailiat,/m/0gc8sh,,Indonesia
Sunland Park,/m/02095qj,,United States
Sunny Isles Beach,/m/0rnx2,,United States
Sunnyside,/m/010dnk,,United States
Sunnyside,/m/010w4t,,United States
Sunnyvale,/m/0r6ff,,United States
Sunray,/m/0106wf,,United States
Sunrise,/m/0rjlg,,United States
Sunrise Beach Village,/m/0105x1,,United States
Sunset,/m/0qss_,,United States
Sunset,/m/021czz2,,United States
Sunset Beach,/m/0ydnq,,United States
Sunset Hills,/m/0xj8t,,United States
Sunset Valley,/m/010b02,,United States
Suong,/m/0520jk4,,Cambodia
Supe Puerto,/m/02q0h0n,,Peru
Superior,/m/01q9bq,,United States
Superior,/m/0x8g2,,United States
Superior,/m/0svbf,,United States
Supetar,/m/0gv53n,,Croatia
Supraśl,/m/022l_h,,Poland
Suqian,/m/07vyzt,,People's Republic of China
Sur,/m/0b94sl,,Oman
Sura,/m/012ngk12,,Syria
Sura,/m/045_rv,,Iraq
Surab,/m/058840d,,Pakistan
Surabaya,/m/01f4xd,,Indonesia
Surakarta,/m/02h6p3,,Indonesia
Surat,/m/01h1hn,,India
Surat Thani,/m/02ft8r,,Thailand
Suraż,/m/022l_v,,Poland
Surendranagar,/m/04jpkp1,,India
Surf City,/m/013j40,,United States
Surfside Beach,/m/0_ys4,,United States
Surgut,/m/06sn5d,,Russia
Surif,/m/03cqct8,,Jordan
Surif,/m/03cqct8,,Mandatory Palestine
Surif,/m/03cqct8,,Palestine
Surigao City,/m/06p1qz,,Philippines
Surman,/m/0262wv6,,Libya
Surprise,/m/01z8362,,United States
Surrey,/m/017j7y,,Canada
Surrey,/m/0ys5x,,United States
Sursand,/m/05q9mxl,,India
Sursee,/m/0g0w2w,,Switzerland
Susa,/m/0gf0n,,Iran
Susank,/m/0t58d,,United States
Susanville,/m/0q_tv,,United States
Sust,/m/03w1qt,,Pakistan
Susz,/m/02pkmcx,,Poland
Sutherland,/m/0t1yn,,United States
Sutherlin,/m/076pd7,,United States
Sutter Creek,/m/0qy53,,United States
Sutton,/m/0x5ps,,United States
Suure-Jaani,/m/01ltfj,,Estonia
Suva,/m/0bsl6,,Fiji
Suva Reka,/m/0c2z00,,Serbia
Suva Reka,/m/0c2z00,,Kosovo
Suwanee,/m/0rx09,,United States
Suwayda,/m/07q54r,,Syria
Suwaylih,/m/0fq24l6,,Jordan
Suwałki,/m/022bcf,,Poland
Suwon,/m/02j2b1,,South Korea
Suyab,/m/02rclvv,,Kyrgyzstan
Suzano,/m/0f92_q,,Brazil
Suzhou,/m/089wq_,,People's Republic of China
Suzhou,/m/01qq80,,People's Republic of China
Suzuka,/m/01wm6b,,Japan
Sułkowice,/m/022msh,,Poland
Sušice,/m/08kpvj,,Czech Republic
Svaliava,/m/0b16yn,,Ukraine
Svatove,/m/0gtplq,,Ukraine
Svay Rieng,/m/0ggfbc,,Cambodia
Svedala,/m/02p3gpd,,Sweden
Svendborg,/m/012938,,Denmark
Sveta Nedelja,/m/06t7p5,,Croatia
Sveti Ivan Zelina,/m/0264x9s,,Croatia
Sviatohirsk,/m/0gt4yb,,Ukraine
Svilaj,/m/05s_09h,,Croatia
Svilengrad,/m/03mwb7,,Bulgaria
Svishtov,/m/05g225,,Bulgaria
Svitavy,/m/04qph8,,Czech Republic
Svitlodarsk,/m/0gtrdd,,Ukraine
Svitlovodsk,/m/0b592h,,Ukraine
Svrljig,/m/084tnx,,Serbia
Světlá nad Sázavou,/m/0dp536,,Czech Republic
Swabi,/m/054wq5,,Pakistan
Swainsboro,/m/0rw93,,United States
Swakopmund,/m/03snc1,,Namibia
Swaledale,/m/0ssxk,,United States
Swan,/m/0t18w,,United States
Swan Hill,/m/08wtfy,,Australia
Swan Valley,/m/01_6ghd,,United States
Swansboro,/m/0yjkl,,United States
Swansea,/m/0ck6r,,United Kingdom
Swanville,/m/0w7sk,,United States
Swartz Creek,/m/0v5xn,,United States
Swarzędz,/m/02290z,,Poland
Swea City,/m/0t0hb,,United States
Sweeny,/m/0_ysh,,United States
Sweet Home,/m/0zf1c,,United States
Sweet Springs,/m/0wzy1,,United States
Sweetwater,/m/010775,,United States
Sweetwater,/m/0rny3,,United States
Sweetwater,/m/013lpx,,United States
Swepsonville,/m/0ycxv,,United States
Swift Current,/m/024sty,,Canada
Swifton,/m/0qtxl,,United States
Swindon,/m/0g9k4,,United Kingdom
Swisher,/m/0t039,,United States
Swords,/m/018wyb,,Ireland
Sybaris,/m/01b5rj,,Italy
Sycamore,/m/0s65f,,United States
Sycamore,/m/0tg5p,,United States
Sycamore,/m/0rzl9,,United States
Syców,/m/025z9n3,,Poland
Sydney,/m/06y57,,Australia
Sydney,/m/0fz25,,Canada
Sydney Olympic Park,/m/08j3rh,,Australia
Syia,/m/027g4j3,,Greece
Syke,/m/08ypwf,,Germany
Sykeston,/m/0ys89,,United States
Syktyvkar,/m/02dvjy,,Russia
Sylacauga,/m/0qc1l,,United States
Sylhet,/m/02td2x,,Bangladesh
Sylva,/m/0yhcm,,United States
Sylvan Grove,/m/0t84b,,United States
Sylvan Lake,/m/01_wrzy,,United States
Sylvania,/m/0y_2h,,United States
Sylvania,/m/0ryzs,,United States
Sylvester,/m/0r_70,,United States
Sylvia,/m/0t9z0,,United States
Symi,/m/01_pl5,,Greece
Synelnykove,/m/0gt3jn,,Ukraine
Syracuse,/m/071bn,,Italy
Syracuse,/m/071cn,,United States
Syracuse,/m/010dv1,,United States
Syracuse,/m/0wy5s,,United States
Syracuse,/m/0x8jw,,United States
Syracuse,/m/0t75k,,United States
Szabadszállás,/m/0bd8_h,,Hungary
Szamocin,/m/0flth7,,Poland
Szamotuły,/m/0bywmt,,Poland
Szarvas,/m/08ty2n,,Hungary
Szczawnica,/m/0b9g_x,,Poland
Szczawno-Zdrój,/m/0b6hh0,,Poland
Szczebrzeszyn,/m/03ly9w,,Poland
Szczecin,/m/071g6,,Poland
Szczecinek,/m/01zkfd,,Poland
Szczekociny,/m/0286hfj,,Poland
Szczucin,/m/04jlpfv,,Poland
Szczuczyn,/m/027y2_6,,Poland
Szczyrk,/m/022m7v,,Poland
Szczytno,/m/0229f1,,Poland
Szeged,/m/023g1h,,Hungary
Szeghalom,/m/0b7rc4,,Hungary
Szekszárd,/m/042b4m,,Hungary
Szendrő,/m/05ml20,,Hungary
Szentendre,/m/0406mx,,Hungary
Szentes,/m/042jgd,,Hungary
Szentgotthárd,/m/07h0n9,,Hungary
Szentlőrinc,/m/0djlsx,,Hungary
Szepietowo,/m/04gly48,,Poland
Szerencs,/m/05lf1h,,Hungary
Szigethalom,/m/02rd0jv,,Hungary
Szigetszentmiklós,/m/02qxc3s,,Hungary
Szigetvár,/m/092jmv,,Hungary
Szikszó,/m/05mk_7,,Hungary
Szklarska Poręba,/m/05prv0,,Poland
Szlichtyngowa,/m/0byrgk,,Poland
Szob,/m/0b7s4j,,Hungary
Szolnok,/m/03znph,,Hungary
Szombathely,/m/03lz_z,,Hungary
Szprotawa,/m/0cw9p0,,Poland
Sztum,/m/02zx4p,,Poland
Sztum,/m/02zx4p,,Kingdom of Poland
Szubin,/m/026p6hn,,Poland
Szydłowiec,/m/0c1l8j,,Poland
Szydłów,/m/06cf6z,,Poland
Százhalombatta,/m/02rd0b_,,Hungary
Szécsény,/m/02rl910,,Hungary
Székesfehérvár,/m/03gs5k,,Hungary
Szőny,/m/03y1_fr,,Hungary
Sándorfalva,/m/026mdsj,,Hungary
Sárbogárd,/m/0dhkgy,,Hungary
Sárospatak,/m/05ldph,,Hungary
Sárvár,/m/06j9pl,,Hungary
Sásd,/m/0djlw9,,Hungary
Sátoraljaújhely,/m/03zzfx,,Hungary
Sângeorgiu de Pădure,/m/02vm6_3,,Romania
Sângeorz-Băi,/m/0b51p8,,Romania
Sânnicolau Mare,/m/06nwcb,,Romania
Sântana,/m/02w6phn,,Romania
São Bernardo do Campo,/m/057s06,,Brazil
São Borja,/m/032sms,,Brazil
São Caetano do Sul,/m/04_5vc,,Brazil
São Carlos,/m/0mb0g,,Brazil
São Domingos,/m/05n01tb,,Cape Verde
São Domingos,/m/047bg18,,Guinea-Bissau
São Filipe,/m/05n020v,,Cape Verde
São Francisco do Guaporé,/m/027gbbz,,Brazil
São Gabriel da Cachoeira,/m/08gjvp,,Brazil
São Gonçalo,/m/027m9hc,,Brazil
São José,/m/08ypbw,,Brazil
São José de Ribamar,/m/027gh_b,,Brazil
São José do Cedro,/m/09rt_31,,Brazil
São José do Rio Preto,/m/02c0k0,,Brazil
São José dos Campos,/m/03bcqz,,Brazil
São José dos Pinhais,/m/0f933x,,Brazil
São João de Meriti,/m/0f93f6,,Brazil
São Leopoldo,/m/04bv4k,,Brazil
São Lourenço da Mata,/m/02x5v1y,,Brazil
São Luís,/m/01zpkp,,Brazil
São Mateus,/m/047sk3,,Brazil
São Miguel do Iguaçu,/m/09rtzbz,,Brazil
São Nicolau,/m/0d0jzj,,Brazil
São Paulo,/m/022pfm,SAO,Brazil
São Pedro da Aldeia,/m/08_b_w,,Brazil
São Tomé,/m/01qw2d,,São Tomé and Príncipe
São Vicente,/m/02_lv4,,Brazil
Sébikotane,/m/05p7y0_,,Senegal
Sédhiou,/m/05b_kbv,,Senegal
Ségou,/m/04vhzf,,Mali
Séguéla,/m/0cbhtk,,Ivory Coast
Sélibaby,/m/0cw0l4,,Mauritania
Sétif,/m/0b961k,,Algeria
Sîngera,/m/06w454y,,Moldova
Sîngerei,/m/025tbnc,,Moldova
Sömmerda,/m/058lmp,,Germany
Sønderborg,/m/0522f93,,Denmark
Südliches Anhalt,/m/09v8654,,Germany
Sükhbaatar,/m/02rfshl,,Mongolia
Süleymanpaşa district,/m/0vzswx1,,Turkey
Sülysáp,/m/043nsxv,,Hungary
Sülüktü,/m/03wblkp,,Kyrgyzstan
Sümeg,/m/0dj4vy,,Hungary
Süßen,/m/0dz8lm,,Germany
Sālavan,/m/0806z1,,Laos
Săcueni,/m/07xfg8,,Romania
Săliște,/m/09tz_3,,Romania
Săliștea de Sus,/m/04gqcvj,,Romania
Sărmașu,/m/02vmqkf,,Romania
Săveni,/m/069y3w,,Romania
Sędziszów,/m/028558r,,Poland
Sędziszów Małopolski,/m/0289grc,,Poland
Sępopol,/m/02895kb,,Poland
Sępólno Krajeńskie,/m/0c1nfl,,Poland
Sława,/m/02pjz22,,Poland
Sławatycze,/m/04f2qp8,,Poland
Sławków,/m/028bsdb,,Poland
Sławniowice,/m/05h3mf0,,Poland
Sławno,/m/01zkms,,Poland
Słomniki,/m/022mrt,,Poland
Słubice,/m/0306q1,,Poland
Słupca,/m/0b4gb2,,Poland
Słupsk,/m/0jxdl,,Poland
Sōka-shi,/m/01whkh,,Japan
Ta'if,/m/01cpvk,,Saudi Arabia
Ta'izz,/m/02nlkt,,Yemen
Taanach,/m/0glqxw0,,West Bank
Tab,/m/0446hd,,Hungary
Taba,/m/01bzrj,,Egypt
Tabaco,/m/021xf4,,Philippines
Tabacundo,/m/05h243r,,Ecuador
Tabae,/m/047g29n,,Turkey
Tabanovce,/m/02qhkgp,,North Macedonia
Tabarjal,/m/0gw_6qn,,Saudi Arabia
Tabatinga,/m/0610qd,,Brazil
Tabligbo,/m/02795_g,,Togo
Tabor,/m/013chg,,United States
Tabor City,/m/0yfnr,,United States
Tabora,/m/06zccb,,Tanzania
Taboão da Serra,/m/0g88hk,,Brazil
Tabqa,/m/02qgb_b,,Syria
Tabubil,/m/06gqcj,,Papua New Guinea
Tabuk,/m/06nydz,,Philippines
Tabuk,/m/03n51t,,Saudi Arabia
Tacheng,/m/06nv54,,People's Republic of China
Tachikawa,/m/0gp68r,,Japan
Tachileik,/m/03hnfg6,,Myanmar
Tachov,/m/04rb_8,,Czech Republic
Tacloban,/m/037wbd,,Philippines
Tacna,/m/02wq3y,,Peru
Tacoma,/m/010t4v,,United States
Taconite,/m/0w2rm,,United States
Tacotalpa,/m/012br87p,,Mexico
Tacuarembó,/m/03qd67,,Uruguay
Tacurong,/m/06jrgh,,Philippines
Tadjoura,/m/06zxnm,,Djibouti
Tadmur,/m/0m0hcpn,,Syria
Taebaek,/m/022ydv,,South Korea
Tafilah,/m/057nq4,,Jordan
Taft,/m/0108p9,,United States
Taft,/m/0q_h6,,United States
"Taftan, Balochistan",/m/0cfkls,,Pakistan
Tafí Viejo,/m/04jdrj9,,Argentina
Taganrog,/m/04q9h1,,Russia
Tagaytay,/m/01ytcf,,Philippines
Tagbilaran,/m/05nc00,,Philippines
Taguig,/m/02bmp1,,Philippines
Tagum,/m/06jrk2,,Philippines
Taher Gurab,/m/0zbv27l,,Iran
Tahlequah,/m/0z4st,,United States
Tahoka,/m/0105_y,,United States
Tai Po New Town,/m/0b3zyt,,People's Republic of China
Tai'an,/m/05pcgp,,People's Republic of China
Tai-an Township,/m/07khk8q,,Taiwan
Taibao City,/m/050br0,,Taiwan
Taibe,/m/01vtc8,,Israel
Taibe,/m/01vtc8,,Ottoman Empire
Taibe,/m/01vtc8,,Mandatory Palestine
Taichung,/m/01r8pt,,Taiwan
Taihsi Township,/m/06zldk6,,Taiwan
Taillette,/m/03m8h3v,,France
Taimali Township,/m/047srq9,,Taiwan
Tain,/m/022ynm,,United Kingdom
Tainan,/m/02mw80,,Taiwan
Taipei,/m/0ftkx,,Taiwan
Taisnières-sur-Hon,/m/03qfl56,,France
Taite,/m/04ttv6,,Syria
Taitung City,/m/03s7v5,,Taiwan
Taiwu Township,/m/07kjnm9,,Taiwan
Taiyuan,/m/023w67,,People's Republic of China
Taizhou,/m/07p5kb,,People's Republic of China
Taizhou,/m/05_nc5,,People's Republic of China
Tajimi,/m/01wl1l,,Japan
Tajrish,/m/0bk2tp,,Iran
Tak Bai,/m/0f7fhh,,Thailand
Takadanobaba,/m/02rhlb,,Japan
Takamatsu,/m/0gp6rn,,Japan
Takaoka,/m/0gp6dm,,Japan
Takarazuka,/m/01wnmh,,Japan
Takasaki,/m/0gp5zg,,Japan
Takatsuki,/m/01wn3z,,Japan
Takengon,/m/02z0294,,Indonesia
Takikro,/m/05p1ffn,,Ivory Coast
Takoma Park,/m/0d8jf,,United States
Takéo,/m/0ggd_l,,Cambodia
Tal Afar,/m/07rvp8,,Iraq
Tala,/m/03nrsmj,,Uruguay
Talagante,/m/0cm87s2,,Chile
Talaimannar,/m/03d01wj,,Sri Lanka
Talara,/m/07w_rk,,Peru
Talaura,/m/03grtn7,,Turkey
Talbotton,/m/0rz52,,United States
Talca,/m/0534qh,,Chile
Talcahuano,/m/04bfh8,,Chile
Talcher,/m/0f6dgq,,India
Talco,/m/0109sr,,United States
Taldyqorğan,/m/09r8c0,,Kazakhstan
Taleb Larbi,/m/0b6lrvd,,Algeria
Talent,/m/0zdh2,,United States
Talgar,/m/0271hf2,,Kazakhstan
Talgar,/m/0271hf2,,Soviet Union
Talgar,/m/0271hf2,,Russian Empire
Taliesin,/m/04k8w4,,United States
Talisay,/m/02t1gq,,Philippines
Talisay,/m/06hp42,,Philippines
Taliwang,/m/0_1kf3j,,Indonesia
Talkalakh,/m/02qhj5f,,Syria
Talkha,/m/0gy0tq2,,Egypt
Talkhab,/m/0pb65r8,,Iran
Tall al Kabir,/m/04gv0hg,,Egypt
Talladega,/m/0qc1z,,United States
Tallahassee,/m/0ftvz,,United States
Tallapoosa,/m/0rx4t,,United States
Tallapoosa,/m/0wybm,,United States
Tallassee,/m/0q70y,,United States
Tallinn,/m/07r_p,,Estonia
Tallmadge,/m/013k26,,United States
Tallulah,/m/0tljg,,United States
Talne,/m/0gtqjt,,Ukraine
Taloqan,/m/0269q0k,,Afghanistan
Talsi,/m/01b8xc,,Latvia
Taltal,/m/04ygvgv,,Chile
Talty,/m/01053s,,United States
Tama,/m/0t3l9,,United States
Tama,/m/01wrrw,,Japan
Tamaki City,/m/0134q_3r,,New Zealand
Tamale,/m/02ww0b,,Ghana
Taman Universiti,/m/05wm31,,Malaysia
Tamanrasset,/m/0b95tg,,Algeria
Tamarac,/m/0rjmj,,United States
Tamarack,/m/0vslg,,United States
Tamasidava,/m/0gg8tnc,,Bulgaria
Tamassos,/m/0dfqpr,,Cyprus
Tambach-Dietharz,/m/0fjz7j,,Germany
Tambacounda,/m/05g3tj,,Senegal
Tambaram,/m/05gc39,,India
Tambi,/m/05p725q,,Ivory Coast
Tambogrande,/m/02y0zx,,Peru
Tambov,/m/02lzlr,,Russia
Tamentfoust,/m/0408vmp,,Algeria
Tamm,/m/0dwh1c,,Germany
Tampa,/m/0n1rj,,United States
Tampa,/m/0t8gq,,United States
Tampere,/m/0hzgf,,Finland
Tamra,/m/01vtdc,,Israel
Tamralipta,/m/025xmfr,,India
Tamsalu,/m/03m4cyn,,Estonia
"Tamu, Burma",/m/0f8fsl,,Myanmar
Tamuda,/m/0d2xjj,,Morocco
Tamworth,/m/017l1r,,Australia
Tamási,/m/02rd00b,,Hungary
Tan-Tan,/m/03n76l,,Morocco
Tanah Merah,/m/0b6h_99,,Indonesia
Tanah Rata,/m/07t7vd,,Malaysia
Tanana,/m/0qjcf,,United States
Tanauan,/m/06nhlr,,Philippines
Tanchon,/m/026dxhg,,North Korea
Tandag,/m/03kz6c,,Philippines
Tandil,/m/03pvzn,,Argentina
Tando Allahyar,/m/0bn7mp,,Pakistan
Tando Muhammad Khan,/m/026p175,,Pakistan
Tanga,/m/020pbq,,Tanzania
Tangail,/m/02vk91l,,Bangladesh
Tangalle,/m/03y1x30,,Sri Lanka
Tangent,/m/0zf1q,,United States
Tangerang,/m/04wpjh,,Indonesia
Tangerhütte,/m/0d4t69,,Germany
Tangermünde,/m/0548sn,,Germany
Tangier,/m/01q9q7,,Morocco
Tangin Dassouri,/m/0b646n,,Burkina Faso
Tangshan,/m/02fcbp,,People's Republic of China
Tangub,/m/06pm_p,,Philippines
Tanis,/m/018f3q,,Egypt
Tanjay,/m/0530gc,,Philippines
Tanjung,/m/0w7pynd,,Indonesia
Tanjung,/m/0j453m1,,Indonesia
Tanjung Balai Karimun,/m/09gdt11,,Indonesia
Tanjung Redeb,/m/03gzmfr,,Indonesia
Tanjungbalai,/m/02629sf,,Indonesia
Tanjungpinang,/m/084_rq,,Indonesia
Tank,/m/03q1q2,,Pakistan
Tann,/m/0fjzd2,,Germany
Tanna,/m/0cfjhf,,Germany
Tansen,/m/04f3tkf,,Nepal
Tanta,/m/05qt0v,,Egypt
Tanvald,/m/05n3j2,,Czech Republic
Taopi,/m/0w83k,,United States
Taos,/m/0wt_t,,United States
Taounate,/m/0b4n60,,Morocco
Taourirt,/m/047dkbk,,Morocco
Taoyuan,/m/03582r,,Taiwan
Taoyuan County,/m/05rj7t,,People's Republic of China
Taoyuan District,/m/0232hh,,Taiwan
Tapa,/m/03fvfg,,Estonia
Tapachula de Córdova y Ordóñez,/m/01bk_l,,Mexico
Tapolca,/m/0b7rng,,Hungary
Taposiris Magna,/m/0j_6jf_,,Egypt
Tappen,/m/0yp9q,,United States
Tar Heel,/m/0ydf0,,United States
Tarabuco,/m/096y2m,,Bolivia
Taraclia,/m/03nqlt,,Moldova
Taraira,/m/02qmr98,,Colombia
Tarakan,/m/02x5q_6,,Indonesia
Taranto,/m/0fkby,,Italy
Tarapoto,/m/09k57f,,Peru
Tarashcha,/m/01hqx_,,Ukraine
Tarata,/m/0572m3k,,Bolivia
Tarata,/m/09r0cg,,Peru
Taraz,/m/038gkv,,Kazakhstan
Tarboro,/m/0yg7p,,United States
Taree,/m/02tfww,,Australia
Tarentum,/m/0jkzmf4,,
Tarhuna,/m/0262wxz,,Libya
Tari,/m/02r4ywx,,Papua New Guinea
Tarija,/m/05mpsf,,Bolivia
Tarim,/m/0b16qn,,Yemen
Tarkio,/m/0wsb3,,United States
Tarkwa,/m/06cg3m,,Ghana
Tarlac City,/m/06q0tk,,Philippines
Tarma,/m/0clwpp,,Peru
Tarnobrzeg,/m/022b7_,,Poland
Tarnogród,/m/0275qfh,,Poland
Tarnowskie Góry,/m/08sw63,,Poland
Tarnów,/m/0jx5y,,Poland
Taroudant,/m/05lq2z,,Morocco
Tarpon Springs,/m/0rr67,,United States
Tarra,/m/027ky14,,Greece
Tarrafal,/m/05n00y6,,Cape Verde
Tarrant,/m/0q8dd,,United States
Tarsus,/m/03kcs9,,Turkey
Tartagal,/m/0cd6y4,,Argentina
Tartar,/m/04gg8rj,,Azerbaijan
Tartessos,/m/0j0r1,,Spain
Tartu,/m/07sb1,,Estonia
Tartus,/m/03l44f,,Syria
Tarḫuntašša,/m/0djxq9,,Turkey
Tash-Kömür,/m/026m66s,,Kyrgyzstan
Tashkent,/m/0fsmy,,Uzbekistan
Tasiilaq,/m/0b4zdt,,Greenland
Tasikmalaya,/m/0756pm,,Indonesia
Tata,/m/0446jf,,Hungary
Tatabánya,/m/03znqk,,Hungary
Tatamagouche,/m/022f5h,,Canada
Tatarbunary,/m/07x711,,Ukraine
Tateyama,/m/01whxr,,Japan
Tatum,/m/013n4z,,United States
Tatuí,/m/04wdqp,,Brazil
Tatvan,/m/0bj_db,,Turkey
Taubaté,/m/050h3q,,Brazil
Tauberbischofsheim,/m/07f96c,,Germany
Taucha,/m/0dpf58,,Germany
Taunggyi,/m/075yk5,,Myanmar
Taunsa Sharif,/m/04n7r5z,,Pakistan
Taunton,/m/0tyww,,United States
Taunton,/m/0w5fm,,United States
Taunusstein,/m/0djdc4,,Germany
Tauragė,/m/04hqs0,,Lithuania
Tauranga,/m/01n6lz,,New Zealand
Tauresium,/m/03cfvxp,,North Macedonia
Tauriana,/m/0_1lq0l,,Italy
Tavares,/m/0rm5z,,United States
Taveta,/m/025v8ht,,Kenya
Tavriysk,/m/0gts0k,,Ukraine
Tawas City,/m/0v8hm,,United States
Tawau,/m/05rw96,,Malaysia
Tayabamba,/m/0412rwy,,Peru
Tayabas,/m/04pqcp,,Philippines
Taybad,/m/02qbj6n,,Iran
Taylor,/m/0qsf6,,United States
Taylor,/m/0vrxt,,United States
Taylor,/m/010c45,,United States
Taylor,/m/0yrk5,,United States
Taylor Lake Village,/m/0102rs,,United States
Taylor Landing,/m/02vm40w,,United States
Taylor Mill,/m/0tgkg,,United States
Taylors Falls,/m/0vxcc,,United States
Taylorsville,/m/0ycyw,,United States
Taylorsville,/m/021crqw,,United States
Taylorsville,/m/0tj03,,United States
Taylortown,/m/0yj0x,,United States
Taylorville,/m/0s422,,United States
Taza,/m/066g65,,Morocco
Tbilisi,/m/0bm4j,,Georgia
Tchibanga,/m/05n2cf,,Gabon
Tczew,/m/0mzfp,,Poland
Tea,/m/0_r7k,,United States
Teachey,/m/0yg4l,,United States
Teague,/m/0101hk,,United States
Teanum Apulum,/m/070znv,,Italy
Teban Gardens,/m/03cpn9h,,Singapore
Tebedu,/m/028688j,,Malaysia
Tebing Tinggi,/m/027740h,,Indonesia
Tecate,/m/069138,,Mexico
Tecate,/m/07z936,,United States
Techirghiol,/m/04pwlk,,Romania
Tecklenburg,/m/018t1r,,Germany
Tecumseh,/m/0x7m7,,United States
Tecumseh,/m/07pyn,,United States
Tecumseh,/m/0z9m7,,United States
Teemore,/m/0cjjcm,,United Kingdom
Tega Cay,/m/0_nzl,,United States
Tegal,/m/076frk,,Indonesia
Tegea,/m/02gxs2,,Greece
Tegernsee,/m/08xksq,,Germany
Tegucigalpa,/m/0ftld,,Honduras
Tegyra,/m/05c4prf,,Orchomenus
Tehachapi,/m/0q_hy,,United States
Tehama,/m/0r7q3,,United States
Tehran,/m/0ftlx,,Iran
Teiuș,/m/075mzb,,Romania
Teixeira de Freitas,/m/03ydcv,,Brazil
Tekamah,/m/0x4sd,,United States
Tekax,/m/01spsc,,Mexico
Tekeli,/m/063zv6m,,Kazakhstan
Tekeli,/m/063zv6m,,Soviet Union
Tekirdağ,/m/01qqpv,,Turkey
Tekoa,/m/010v__,,United States
Tel Aviv,/m/07qzv,,Israel
Tel Hazor,/m/04w6j8,,Israel
Telavi,/m/03y6c2,,Georgia
Telefomin,/m/02r8p9_,,Papua New Guinea
Telenești,/m/0d13mk,,Moldova
Telford,/m/01c8k1,,United Kingdom
Telgte,/m/07pqgk,,Germany
Tell Abyad,/m/02qhj85,,Syria
Tell Ashtara,/m/02qynwt,,Syria
Tell City,/m/0spb6,,United States
Tell Kazel,/m/0hrhqzk,,Syria
Tellancourt,/m/03qdn8b,,France
Teller,/m/0qgk5,,United States
Telmana,/m/0bm8ls1,,Russia
Telmessos,/m/026hvk_,,Turkey
Teltow,/m/0dml26,,Germany
Telč,/m/04rh7x,,Czech Republic
Telšiai,/m/02s6_s,,Lithuania
Tema,/m/06qzsz,,Ghana
Temara,/m/03d27pl,,Morocco
Temecula,/m/0r3z6,,United States
Temesa,/m/0_gyzcv,,Italy
Teminabuan,/m/0cc5_zk,,Indonesia
Temirtau,/m/07_r4g,,Kazakhstan
Temirtau,/m/07_r4g,,Soviet Union
Temirtau,/m/07_r4g,,Russian Empire
Temiskaming Shores,/m/028gv6,,Canada
Temnos,/m/04f63c3,,Turkey
Tempe,/m/0qpsn,,United States
Temperley,/m/027p25b,,Argentina
Temple,/m/0_y1y,,United States
Temple,/m/0rtpx,,United States
Temple City,/m/0r10n,,United States
Temple Terrace,/m/0rlgg,,United States
Templeton,/m/0ssm7,,United States
Templin,/m/07f5t5,,Germany
Temuco,/m/01rjhh,,Chile
Temukan,/m/061fr_,,Iran
Ten Broeck,/m/0tg60,,United States
Tena,/m/0dqp2h,,Ecuador
Tenakee Springs,/m/0qh55,,United States
Tende,/m/0dt3td,,France
Tengen,/m/0fjzhk,,Germany
Tenggarong,/m/0dgrrb6,,Indonesia
Tenino,/m/010vh6,,United States
Tenke,/m/05f6ctn,,Democratic Republic of the Congo
Tenkodogo,/m/0b4d1w,,Burkina Faso
Tennant,/m/0t35k,,United States
Tenney,/m/0wnbn,,United States
Tennille,/m/0rzyb,,United States
Teno,/m/07rbhs,,Chile
Tenochtitlan,/m/07cs6,,Mexico
Tenosique de Pino Suárez,/m/0dm962,,Mexico
Tensed,/m/0s0xw,,United States
Tenstrike,/m/0vtv0,,United States
Tenta,/m/04ctq_n,,Ethiopia
Teos,/m/083255,,Turkey
Tepeticpac,/m/06w6cb9,,Mexico
Tepezalá,/m/0807px7,,Mexico
Tepi,/m/02z5q3j,,Ethiopia
Tepic,/m/02_8c3,,Mexico
Teplice,/m/01kj7n,,Czech Republic
Teplodar,/m/0gt2pn,,Ukraine
Terebovlia,/m/0c1rcg,,Ukraine
Teresina,/m/02b0__,,Brazil
Terespol,/m/022hl3,,Poland
Teresópolis,/m/04gcrn,,Brazil
Terina,/m/0glrr0b,,Italy
Terjola,/m/04gvhsx,,Georgia
Termez,/m/05fks_,,Uzbekistan
Ternate,/m/0g57dl_,,Indonesia
Terni,/m/0f4zc,,Italy
Ternivka,/m/0gt3qj,,Ukraine
Ternopil,/m/02k6v3,,Ukraine
Terrace,/m/030rjs,,Canada
Terrassa,/m/0j2q7,,Spain
Terre Haute,/m/0plyy,,United States
Terrebonne,/m/01wmnf,,Canada
Terrell,/m/010543,,United States
Terrell Hills,/m/0_y95,,United States
Terril,/m/0svbs,,United States
Tescott,/m/0t9g1,,United States
Teseney,/m/06j0jw,,Eritrea
Tesfa - Kafr Shokr,/m/0gy0t04,,Egypt
Tessin,/m/0fjzrj,,Germany
Tete,/m/029nmk,,Mozambique
Teterow,/m/0892zs,,Germany
Tetiiv,/m/0gtqyd,,Ukraine
Teton,/m/0s1s3,,United States
Tetonia,/m/0s2nc,,United States
Tetovo,/m/041yj5,,North Macedonia
Tetritsqaro,/m/0448kj,,Georgia
Tettnang,/m/030p19,,Germany
Teublitz,/m/0fk0mv,,Germany
Teuchern,/m/0d4txh,,Germany
Teupitz,/m/0fk0t0,,Germany
Teuschnitz,/m/0fk0vs,,Germany
Teuthis,/m/04zz507,,Greece
Texarkana,/m/0d9z_y,,United States
Texarkana,/m/0_yjd,,United States
Texas City,/m/013m1p,,United States
Texcoco,/m/01gnbx,,
Texhoma,/m/0108vw,,United States
Texico,/m/0xtx6,,United States
Teyateyaneng,/m/09gkgb,,Lesotho
Tezpur,/m/01t1mm,,India
Teófilo Otoni,/m/05n2h8,,Brazil
Thaba-Tseka,/m/029w7w,,Lesotho
Thagaste,/m/04c7ry,,Algeria
Thagora,/m/07s8wfq,,Algeria
Thakhèk,/m/09cyv2,,Laos
Thale,/m/04247b,,Germany
Thalheim,/m/0fk0ym,,Germany
Thaliades,/m/051vx1_,,Greece
Thalwil,/m/03vtr1,,Switzerland
Thamusida,/m/0c3zjhr,,Morocco
Thane,/m/016mp9,,India
Thanjavur,/m/01_zkm,,India
Thannhausen,/m/0fk11f,,Germany
Thapsacus,/m/08qnsb,,Syria
Thapsus,/m/01mt_z,,Tunisia
Tharamani,/m/03x5vk,,India
Tharandt,/m/08g7gf,,Germany
Thari Mirwah,/m/0121m8jw,,Pakistan
Tharros,/m/08kxkf,,Italy
Thaton Kingdom,/m/09g7j16,,
Thatta,/m/06r25_,,Pakistan
Thayer,/m/0wyqg,,United States
Thayer,/m/0t3sh,,United States
Thayer,/m/0t94d,,United States
"Thazi, Meiktila, Mandalay Region",/m/03hjz32,,Myanmar
The Bronx,/m/01531,,United States
The Colony,/m/01008g,,United States
The Dalles,/m/0zg71,,United States
The Hague,/m/07g0_,,Netherlands
The Strand,/m/0djrmr,,Australia
The Valley,/m/04yw8d,,Anguilla
The Village,/m/0z8m_,,United States
Thebasa,/m/0j7ndzh,,Turkey
Thebe,/m/026sds,,Turkey
Thebes,/m/0hfv0,,Greece
Thebes,/m/0hfvw,,Egypt
Thelpusa,/m/04ybrx1,,Greece
Themar,/m/0fk16_,,Germany
Therma,/m/05q8cf,,Greece
Thermes,/m/0fzc_z,,Greece
Thermi,/m/0fv30x,,Greece
Thermos,/m/078sqx,,Greece
Thespiae,/m/039d2v,,Greece
Thesprotia,/m/07s6dmy,,Greece
Thessaloniki,/m/0b2mc,,Greece
Thibodaux,/m/0tlb8,,United States
Thief River Falls,/m/0wcn8,,United States
Thilay,/m/03m8h8n,,France
Thimphu,/m/0ftms,,Bhutan
Thiruvananthapuram,/m/0fk98,,India
Thisted,/m/06dyh9,,Denmark
Thiès,/m/05g3_c,,Senegal
Thmuis,/m/0d22fm,,Egypt
Thomas,/m/010yyr,,United States
Thomas,/m/0z5d6,,United States
Thomaston,/m/0rzp1,,United States
Thomasville,/m/013hw3,,United States
Thomasville,/m/0q5z2,,United States
Thomasville,/m/0rzd_,,United States
Thompson,/m/03p9nc,,Canada
Thompson,/m/0yp4j,,United States
Thompson,/m/0t4h6,,United States
Thompson Falls,/m/0x3tb,,United States
Thomson,/m/0ry2c,,United States
Thomson,/m/0vw2q,,United States
Thonne-la-Long,/m/03qdv5k,,France
Thoothukudi,/m/046ggc,,India
Thor,/m/0s_l0,,United States
Thornburg,/m/0t0cx,,United States
Thorndale,/m/013n2w,,United States
Thorne Bay,/m/01z2245,,United States
Thornhill,/m/0tg6c,,United States
Thornton,/m/0qr_0,,United States
Thornton,/m/0r8mr,,United States
Thornton,/m/0ssxx,,United States
Thorold,/m/01k_14,,Canada
Thorp,/m/01mjth,,United States
Thousand Oaks,/m/0r8c8,,United States
Thrall,/m/010c4j,,United States
Three Forks,/m/0x1zb,,United States
Three Rivers,/m/0105vp,,United States
Three Rivers,/m/0xcdf,,United States
Three Way,/m/0_vx0,,United States
Thrissur,/m/018k8r,,India
Thronium,/m/03qf0hw,,Albania
Thubursicum,/m/0dfmx_,,Algeria
Thuin,/m/017qdn,,Belgium
Thum,/m/0fk193,,Germany
Thun,/m/025379,,Switzerland
Thunder Bay,/m/01gb_p,,Canada
Thurii,/m/0k38s,,Italy
Thurman,/m/0szns,,United States
Thurso,/m/01zfvg,,United Kingdom
Thuận An,/m/03mbhq3,,Vietnam
Thyatira,/m/0125md,,Turkey
Thymiaterium,/m/0crfky_,,Mauretania
Thyolo,/m/09_p6b,,Malawi
Thyraion,/m/04yg4vp,,Greece
Thyrea,/m/0hr2bd9,,Greece
Thyrreion,/m/0b747tk,,Greece
Thysdrus,/m/010s1ly5,,Tunisia
Thônex,/m/06bmwl,,Switzerland
Thủ Đức,/m/027tph4,,Vietnam
Tiachiv,/m/0b171w,,Ukraine
Tianjin,/m/0df4y,,People's Republic of China
Tianshui,/m/05lgd8,,People's Republic of China
Tianwei Township,/m/07k6rx0,,Taiwan
Tianzhong Township,/m/02x06cd,,Taiwan
Tiaret,/m/06yqyh,,Algeria
Tibati,/m/09k725p,,Cameroon
Tiberias,/m/0l7p_,,Israel
Tibula,/m/0285hmf,,Italy
Tidjikja,/m/04p4hd,,Mauritania
Tidore Islands,/m/04ynb4,,Indonesia
Tieli,/m/027px9q,,People's Republic of China
Tieling,/m/06bf7b,,People's Republic of China
Tielt,/m/0145qk,,Belgium
Tienen,/m/014wl1,,Belgium
Tiermes,/m/06dbtg,,Spain
Tierra Amarilla,/m/04y69m9,,Chile
Tieton,/m/010w5v,,United States
Tiffin,/m/0z1qd,,United States
Tiffin,/m/0t03n,,United States
Tiflet,/m/03nsl61,,Morocco
Tifton,/m/0rzfp,,United States
Tigaraksa,/m/0q404xl,,Indonesia
Tigard,/m/0d21p,,United States
Tigava,/m/026l9w3,,Algeria
Tighennif,/m/0bwml48,,Algeria
Tigranocerta,/m/03y914,,Turkey
Tijara,/m/0f6gzh,,India
Tijuana,/m/0pswc,,Mexico
Tikapur,/m/04q8xzq,,Nepal
Tiko,/m/06bhzm,,Cameroon
Tikrit,/m/01cdk1,,Iraq
Tilantongo,/m/0fvqv6,,Mexico
Tilburg,/m/0988h,,Netherlands
Tilden,/m/013h9h,,United States
Tillamook,/m/0zfw7,,United States
Tillar,/m/0qsz5,,United States
Tillicoultry,/m/049k0_,,United Kingdom
Tiltil,/m/0g01_c,,Chile
Tima,/m/02vx9x3,,Egypt
Timber Lake,/m/0_q4l,,United States
Timbrias,/m/0cm8z1v,,Turkey
Timbuktu,/m/01lp9j,,Mali
Timergara,/m/09lr5y,,Pakistan
Timgad,/m/027f5q,,Algeria
Timika,/m/0bs1v8s,,Indonesia
Timișoara,/m/0gj0x,,Romania
Timken,/m/0tbbw,,United States
Timmins,/m/01gc8c,,Canada
Timna,/m/0c927c,,Yemen
Timnath-heres,/m/02xllk,,Israel
Timnath-heres,/m/02xllk,,Palestine
Timon,/m/02707nk,,Brazil
Timpson,/m/0108v5,,United States
Tin El Koum,/m/0vpxp6d,,Algeria
Tin Zaouatine,/m/03cxs_1,,Algeria
Tinaquillo,/m/0bbxslj,,Venezuela
Tindall,/m/0wvt9,,United States
Tindari,/m/0cpwp,,Italy
Tindouf,/m/0b9f13,,Algeria
Tingley,/m/0t2vj,,United States
Tingo María,/m/06bzr5,,Peru
Tintah,/m/0wltt,,United States
Tinzaouaten,/m/03c1w22,,Mali
Tioga,/m/0ysbc,,United States
Tipasa,/m/0b95p6,,Algeria
Tipp City,/m/0y_s0,,United States
Tipton,/m/0wx_k,,United States
Tipton,/m/0sqf2,,United States
Tipton,/m/0sssr,,United States
Tipton,/m/0t8t0,,United States
Tiquipaya,/m/09gnj3k,,Bolivia
Tiquipaya,/m/0b6f9ys,,Bolivia
Tira,/m/01vtcn,,Israel
Tiradentes do Sul,/m/03qmd6p,,Brazil
Tirana,/m/07m_f,,Albania
Tirano,/m/0dqtfm,,Italy
Tiraspol,/m/0pdbs,,Moldova
Tirat Carmel,/m/051dyx,,Israel
Tire,/m/0bm_5h,,Turkey
Tirka,/m/043qj6s,,Togo
Tirschenreuth,/m/087b2k,,Germany
Tiruchirappalli,/m/019flv,,India
Tirunelveli,/m/048hhs,,India
Tiruppur,/m/05pdzj,,India
Tiruvannamalai,/m/058k_p,,India
Tiryns,/m/01lf2r,,Greece
Tishomingo,/m/0z6rl,,United States
Tismana,/m/0414d99,,Romania
Tissemsilt,/m/03gq5z6,,Algeria
Tiszabecs,/m/026t8td,,Hungary
Tiszacsege,/m/026n6sv,,Hungary
Tiszaföldvár,/m/026mhvh,,Hungary
Tiszafüred,/m/026mj32,,Hungary
Tiszakécske,/m/0c_d0b,,Hungary
Tiszalök,/m/026s2v1,,Hungary
Tiszavasvári,/m/026s2xt,,Hungary
Tiszaújváros,/m/0472hb,,Hungary
Titagarh,/m/0f6hp1,,India
Titao,/m/0b647c,,Burkina Faso
Titelberg,/m/02z1scf,,Luxembourg
Titisee-Neustadt,/m/0cd0rb,,Germany
Titonka,/m/0t0hp,,United States
Tittmoning,/m/0fk1cz,,Germany
Titu,/m/0bfdgm,,Romania
Titusville,/m/0zwn4,,United States
Titusville,/m/0rhtw,,United States
Titwala,/m/06sdh8,,India
Tium,/m/04cw57h,,Turkey
Tivaouane,/m/09h394,,Senegal
Tiwanaku,/m/018d8m,,Bolivia
Tizatlan,/m/03y8_k2,,Mexico
Tiébissou,/m/03cv0ht,,Ivory Coast
Tiéningboué,/m/05p5nvq,,Ivory Coast
Tišnov,/m/03h1khl,,Czech Republic
Tkibuli,/m/0b6lx_,,Georgia
Tkvarcheli,/m/02r0p64,,Georgia
Tkvarcheli,/m/02r0p64,,Republic of Abkhazia
Tlacopan,/m/0745v1,,
Tlajomulco de Zuñiga,/m/05zr9j5,,Mexico
Tlaltenango de Sánchez Román,/m/0cz3l8,,Mexico
Tlaquepaque,/m/057d_0,,Mexico
Tlatelolco,/m/0m04j,,Mexico
Tlemcen,/m/02kfnm,,Algeria
Tlokweng,/m/09d1gw,,Botswana
Tlos,/m/09tcwd,,Turkey
Tlumach,/m/0c1qzj,,Ukraine
Tmutarakan,/m/04_ly4,,Byzantine Empire
Tmutarakan,/m/04_ly4,,Ottoman Empire
Tmutarakan,/m/04_ly4,,Republic of Genoa
Tmutarakan,/m/04_ly4,,Kievan Rus'
Tmutarakan,/m/04_ly4,,Khazar Khaganate
Toamasina,/m/0560dh,,Madagascar
Tob,/m/03fhkp,,
Toba,/m/01wm8g,,Japan
Toba Tek Singh,/m/09xlgz,,Pakistan
Tobaccoville,/m/013h_d,,United States
Tobermory,/m/022jgr,,United Kingdom
Tobruk,/m/024f1z,,Libya
Tocache,/m/047v4bp,,Peru
Toccoa,/m/0rz1w,,United States
Tochigi,/m/01ghmk,,Japan
Toco,/m/0105cs,,United States
Tocopilla,/m/06bzjf,,Chile
Tocuyito,/m/054t5l3,,Venezuela
Toda,/m/0gp689,,Japan
Todd Mission,/m/01021x,,United States
Todtnau,/m/0fk1f0,,Germany
Tog Wajaale,/m/03h0y23,,Somaliland
Togiak,/m/0qdfp,,United States
Tokaj,/m/03w_dl,,Hungary
Tokat,/m/04twh6,,Turkey
Tokat,/m/04twh6,,Byzantine Empire
Tokchon,/m/025srz3,,North Korea
Tokmak,/m/0dqgdt,,Ukraine
Tokmok,/m/06bd3c,,Kyrgyzstan
Tokorozawa,/m/01whcz,,Japan
Toksook Bay,/m/0qd61,,United States
Toktogul,/m/0722bz,,Kyrgyzstan
Tokushima,/m/0gp6r5,,Japan
Tokyo,/m/07dfk,TYO,Japan
Tokyo,/m/07dfk,,Japan
Tokyo City,/m/02fstd,,Empire of Japan
Tolar,/m/010437,,United States
Toledo,/m/0gmffrk,,Uruguay
Toledo,/m/027vbw,,Philippines
Toledo,/m/0zdy7,,United States
Toledo,/m/07l5z,,United States
Toledo,/m/0t3ln,,United States
Toledo,/m/010s9k,,United States
Toledo,/m/0dj78n,,Brazil
Tolkmicko,/m/0c9bgl,,Poland
Tolleson,/m/0qpt1,,United States
Tolley,/m/0yqhl,,United States
Tolna,/m/03q9sr,,Hungary
Tolna,/m/0yq47,,United States
Toluca,/m/0scq8,,United States
Toluca de Lerdo,/m/047gmly,,Mexico
Tolyatti,/m/02lz87,,Russia
Tom Bean,/m/0101_f,,United States
Tomah,/m/01mm4_,,United States
Tomahawk,/m/01mls7,,United States
Tomakomai,/m/01wfdp,,Japan
Tomaszów Lubelski,/m/0229wx,,Poland
Tomaszów Mazowiecki,/m/0228v0,,Poland
Tomball,/m/0218t_2,,United States
Tombstone,/m/0qnvh,,United States
Tomen y Mur,/m/05zwpx9,,United Kingdom
Tomohon,/m/02qc8hd,,Indonesia
Tompa,/m/0c_gfj,,Hungary
Tompkinsville,/m/0thb2,,United States
Tomsk,/m/0h3ry,,Russia
Tomé,/m/047mlf3,,Chile
Tonalá,/m/0775rd,,Mexico
Tonasket,/m/010slw,,United States
Tonawanda,/m/02fq8z,,United States
Tondabayashi,/m/01wn69,,Japan
Tondano,/m/0105jzvc,,Indonesia
Tonganoxie,/m/0t82z,,United States
Tongchuan,/m/027bxgm,,People's Republic of China
Tongeren,/m/017p44,,Belgium
Tonghua,/m/025yxxt,,People's Republic of China
Tongi,/m/0b6xsy,,Bangladesh
Tongliao,/m/06j8_s,,People's Republic of China
Tongling,/m/01j7y3,,People's Republic of China
Tongluo Township,/m/03tbtn,,Taiwan
Tongoy,/m/0ctrqv,,Chile
Tongren,/m/060f8_,,People's Republic of China
Tongwan,/m/0gx1br_,,People's Republic of China
Tongxiao Township,/m/0fttls,,Taiwan
Tongyeong,/m/03vb1p,,South Korea
Tonka Bay,/m/01__3jl,,United States
Tonkawa,/m/0z6v0,,United States
Tontitown,/m/0qxkg,,United States
Tooele,/m/010gj3,,United States
Tool,/m/0218v7w,,United States
Toomsboro,/m/0r_5_,,United States
Toowoomba,/m/02ckm7,,Australia
Topeka,/m/0ftyc,,United States
Toplița,/m/0297gn,,Romania
Topoloveni,/m/04pwlx,,Romania
Toppenish,/m/010w65,,United States
Topsail Beach,/m/0yjqd,,United States
Toquerville,/m/010h4x,,United States
Torbat-e Heydarieh,/m/090t0d,,Iran
Torbat-e Jam,/m/0d25f9,,Iran
Toretsk,/m/0gt3cs,,Ukraine
Toretsk,/m/0gt3cs,,Soviet Union
Torgau,/m/03q22g,,Germany
Torgelow,/m/0dyk2z,,Germany
Torhout,/m/0144f5,,Belgium
Toride,/m/01wg_5,,Japan
Torit,/m/0565j8,,South Sudan
Torkham,/m/0100pd8k,,Pakistan
Torkham,/m/0c3slx,,Afghanistan
Tornesch,/m/0cpd17,,Germany
Tornquist,/m/03qkr7r,,Argentina
Toroni,/m/0gprtq,,Greece
Toronto,/m/0h7h6,YTO,Canada
Toronto,/m/0yz43,,United States
Toronto,/m/0stln,,United States
Toronto,/m/0tch5,,United States
Tororo,/m/079yct,,Uganda
Torraccia,/m/0fp_q9_,,San Marino
Torrance,/m/0r111,,United States
Torrelavega,/m/0g79rs,,Spain
Torrent,/m/09bmq3,,Spain
Torreón,/m/01bv1l,,Mexico
Torrington,/m/011fm8,,United States
Torrington,/m/01m21v,,United States
Torshiz,/m/04f221c,,Iran
Tortkul,/m/0dbqtt,,Uzbekistan
Tortuguitas,/m/02rlm6s,,Argentina
Toruń,/m/07pg7,,Poland
Torybeia,/m/07s7x9l,,Greece
Toryne,/m/07s421k,,Greece
Torzym,/m/0284855,,Poland
Tosagua,/m/03qp22r,,Ecuador
Toszek,/m/0284844,,Poland
Totonicapán,/m/036q21,,Guatemala
Tottori,/m/0gp6f0,,Japan
Touba,/m/05g477,,Senegal
Touba,/m/04lcm6v,,Ivory Coast
Touboro,/m/09k6zsd,,Cameroon
Toucheng Township,/m/0563f0,,Taiwan
Toufen City,/m/07kc460,,Taiwan
Toufflers,/m/02x06rf,,France
Touggourt,/m/04lscp,,Algeria
Touissit,/m/0b6pc4s,,Morocco
Toulon,/m/0sh3f,,United States
Toulon,/m/0dg53,,France
Toulouse,/m/0cbhh,,France
Toumodi,/m/05p9n_6,,Ivory Coast
Toumoukoro,/m/05p5tq2,,Ivory Coast
Tourcoing,/m/01qnmj,,France
Tournai,/m/017qjx,,Belgium
Tours,/m/07s3m,,France
Touwu Township,/m/07k53mq,,Taiwan
Tovarnik,/m/02612js,,Croatia
Towanda,/m/0t5l2,,United States
Tower,/m/0wjy_,,United States
Tower City,/m/013j51,,United States
Town and Country,/m/0x07b,,United States
Towner,/m/0ypkb,,United States
Townsend,/m/0x1cx,,United States
Townsend,/m/0_sxn,,United States
Townsville,/m/01q58t,,Australia
Towraghondi,/m/02w0_q5,,Afghanistan
Toyama,/m/0gp59q,,Japan
Toyohashi,/m/0gp5sj,,Japan
Toyokawa,/m/01wlr2,,Japan
Toyonaka,/m/01wn08,,Japan
Toyota,/m/01wls9,,Japan
Traben-Trarbach,/m/0bqkrq,,Germany
Trabzon,/m/0gxwg,,Turkey
Trachis,/m/07wyyg,,Malida
Tracy,/m/0r5gx,,United States
Tracy,/m/0wzbv,,United States
Tracy,/m/0w5fz,,United States
Traer,/m/0t3l_,,United States
Traianoupoli,/m/0ftg8y,,Greece
Traiguén,/m/0crjmlg,,Chile
Trail,/m/045prs,,Canada
Trail,/m/0wf3h,,United States
Trakai,/m/019tl8,,Lithuania
Trakiszki,/m/04gj_sf,,Poland
Tranent,/m/065jdt,,United Kingdom
Trang,/m/02gpy4,,Thailand
Tranqueras,/m/0gvtqw_,,Uruguay
Trapezopolis,/m/0cm8_5h,,Turkey
Trapezus,/m/02qn3c1,,Greece
Traralgon,/m/0h3q6,,Australia
Trasadingen,/m/0fvv15,,Switzerland
Trashigang,/m/03hfxg4,,Bhutan
Traskwood,/m/0qwz2,,United States
Traunreut,/m/03xfzk,,Germany
Traunstein,/m/02p8fv,,Germany
Travelers Rest,/m/0_ltx,,United States
Traverse City,/m/013f1h,,United States
Trbovlje,/m/02l231,,Slovenia
Treasure Island,/m/0rr6z,,United States
Trebbin,/m/0fk3pw,,Germany
Trebenna,/m/0t52wks,,Turkey
Trebia,/m/0123lpws,,
Trebinje,/m/04n8js,,Bosnia and Herzegovina
Trebisht,/m/04y6n3f,,Albania
Trebnje,/m/0bnjjc,,Slovenia
Trebsen,/m/0fk3ql,,Germany
Trebula Mutuesca,/m/02ph92l,,Italy
Trece Martires,/m/06mbvm,,Philippines
Treffurt,/m/0fk3rn,,Germany
Treguaco,/m/04yfvsk,,Chile
Treinta y Tres,/m/06dh5c,,Uruguay
Trelew,/m/0376l8,,Argentina
Tremblay-en-France,/m/08w1sr,,France
Tremblois-lès-Carignan,/m/03m8hft,,France
Tremetousia,/m/065zbjh,,Cyprus
Tremetousia,/m/065zbjh,,Northern Cyprus
Tremonton,/m/010d9j,,United States
Trendelburg,/m/0fk3sv,,Germany
Trenque Lauquen,/m/052_vg,,Argentina
Trent Woods,/m/0yftd,,United States
Trenton,/m/0fvxz,,United States
Trenton,/m/01kycm,,Canada
Trenton,/m/0yhjf,,United States
Trenton,/m/0vry4,,United States
Trenton,/m/0s4bc,,United States
Trenton,/m/0wvtn,,United States
Trenton,/m/010123,,United States
Trenton,/m/0tj1v,,United States
Trenton,/m/0_txt,,United States
Trenton,/m/0ytcc,,United States
Trenton,/m/0rksn,,United States
Trenton,/m/0rvq2,,United States
Trenčín,/m/01z0tk,,Slovakia
Tres Arroyos,/m/0c6gm6,,Argentina
Tres Isletas,/m/03hm1w2,,Argentina
Treuen,/m/0fk3w_,,Germany
Treuenbrietzen,/m/0dfjw8,,Germany
Treviso,/m/03qhnx,,Italy
Treynor,/m/0t2mn,,United States
Trhové Sviny,/m/07z0t5,,Czech Republic
Triberg im Schwarzwald,/m/06nm0b,,Germany
Tribsees,/m/0fk408,,Germany
Tribune,/m/0t72g,,United States
Tricca,/m/04d_4t1,,Greece
Trier,/m/07gdw,,Germany
Trieste,/m/0fjsl,,Italy
Trikala,/m/01s2h1,,Greece
Trilj,/m/0dlmhz,,Croatia
Trimbak,/m/0f6j14,,India
Trimble,/m/0wtyr,,United States
Trimont,/m/0w6jp,,United States
Trincomalee,/m/02qq6m,,Sri Lanka
Trindade,/m/0317c6,,São Tomé and Príncipe
Trindade,/m/0b8256,,Brazil
Trinidad,/m/063j7m,,Bolivia
Trinidad,/m/06xkg1,,Uruguay
Trinidad,/m/0rbtc,,United States
Trinidad,/m/010361,,United States
Trinidad,/m/0qzmc,,United States
Trinity,/m/0yj_4,,United States
Trinity,/m/010b24,,United States
Triolet,/m/0bmyvf,,Mauritius
Triplett,/m/0wtld,,United States
Tripoli,/m/07p7g,,Libya
Tripoli,/m/01np92,,Lebanon
Tripoli,/m/02fyn4,,Greece
Tripoli,/m/0ss0b,,United States
Tripolis,/m/0cnwvr,,Turkey
Tripolis,/m/0cqldl,,Greece
Tripolis,/m/0cql5p,,Greece
Tripp,/m/0_qwh,,United States
Triptis,/m/0fk42v,,Germany
Trnava,/m/01z0tz,,Slovakia
Trochtelfingen,/m/0fk44y,,Germany
Trogir,/m/01y9px,,Croatia
Troisdorf,/m/01hbhk,,Germany
Troitsk,/m/06d205,,Russia
Trommald,/m/0vyx6,,United States
Trondheim,/m/09btk,,Norway
Trongsa,/m/039r4m,,Bhutan
Troon,/m/02gptq,,United Kingdom
Trosky,/m/0wdcf,,United States
Trossingen,/m/05prm8,,Germany
Trostberg,/m/0dx52v,,Germany
Trostianets,/m/0cp9tl,,Ukraine
Trotwood,/m/0z024,,United States
Troup,/m/0218vqx,,United States
Troutdale,/m/0zfkx,,United States
Troutman,/m/0yh9x,,United States
Troy,/m/07dgk,,Turkey
Troy,/m/0y617,,United States
Troy,/m/0yhyf,,United States
Troy,/m/0y_sc,,United States
Troy,/m/0qbjq,,United States
Troy,/m/0x2tl,,United States
Troy,/m/0sch1,,United States
Troy,/m/0vm75,,United States
Troy,/m/0_y28,,United States
Troy,/m/0t6ft,,United States
Troy,/m/0wxcz,,United States
Troy,/m/0s278,,United States
Troškūnai,/m/0ghl1c,,Lithuania
Truckton,/m/048q43c,,United States
Truesdale,/m/0x0xn,,United States
Truesdale,/m/0ss7k,,United States
Trujillo,/m/02f4x6,,Peru
Trujillo,/m/0752zy,,Honduras
Trujillo,/m/07ns0g,,Venezuela
Truman,/m/0w6k0,,United States
Trumann,/m/0qwdx,,United States
Truro,/m/07lly,,United Kingdom
Truro,/m/0t12p,,United States
Truskavets,/m/0dqdz7,,Ukraine
Trussville,/m/01z3zf5,,United States
Truth or Consequences,/m/0xwm0,,United States
Trutnov,/m/04s6bn,,Czech Republic
Tryon,/m/0yjxb,,United States
Trzcianka,/m/02chmv,,Poland
Trzciel,/m/028482s,,Poland
Trzcińsko-Zdrój,/m/02plycb,,Poland
Trzebiatów,/m/0f7mr1,,Poland
Trzebiatów,/m/0f7mr1,,Kingdom of Prussia
Trzebinia,/m/022bn9,,Poland
Trzebnica,/m/02rvr4,,Poland
Trzemeszno,/m/03ycm0,,Poland
Três Lagoas,/m/0fb5p1,,Brazil
Trübbach,/m/0b0rgr,,Switzerland
Tsageri,/m/04gsqwr,,Georgia
Tsalenjikha,/m/03c7vyf,,Georgia
Tsalka,/m/05zjwg,,Georgia
Tsetserleg,/m/0bvtz_,,Mongolia
Tshikapa,/m/08v0k3,,Democratic Republic of the Congo
Tsiroanomandidy,/m/0f38jp,,Madagascar
Tskhinval,/m/02kb89,,Georgia
Tskhinval,/m/02kb89,,South Ossetia
Tsnori,/m/03c1qwp,,Georgia
Tsqaltubo,/m/0cy65x,,Georgia
Tsu,/m/01wm3s,,Japan
Tsuchiura,/m/0gp64r,,Japan
Tsukuba,/m/0gp5bv,,Japan
Tsumeb,/m/04s7h3,,Namibia
Tsuru,/m/01wk0_,,Japan
Tsuruoka,/m/01wgdf,,Japan
Tsuyama,/m/01wp00,,Japan
Tual,/m/0jkxjhd,,Indonesia
Tualatin,/m/013kjf,,United States
Tuapejat,/m/0jl0xlk,,Indonesia
Tuaran,/m/079d92,,Malaysia
Tuas,/m/04vqcv,,Singapore
Tuban,/m/0d21jf,,Indonesia
Tubarão,/m/02qykd1,,Brazil
Tubas,/m/04tjrf,,Palestine
Tubize,/m/017qvr,,Belgium
Tubusuctu,/m/012rcjq6,,Algeria
Tucacas,/m/05q87x6,,Venezuela
Tuchola,/m/029c7h,,Poland
Tuchów,/m/02plxyy,,Poland
Tucker,/m/0rvzs,,United States
Tuckerman,/m/0qtxy,,United States
Tucson,/m/0fr0t,,United States
Tucumcari,/m/0xvs4,,United States
Tucupita,/m/07ns2g,,Venezuela
Tucuruí,/m/09rv553,,Brazil
Tuczno,/m/023c_h,,Poland
Tudela,/m/01qpg_,,Spain
Tuguegarao,/m/04zdyk,,Philippines
Tui,/m/04g_4r,,Spain
Tuku Township,/m/07kdw4s,,Taiwan
Tukums,/m/01ck92,,Latvia
Tukuyu,/m/0d4sxd,,Tanzania
Tukwila,/m/010rsh,,United States
Tula,/m/017bwx,,Russia
Tulare,/m/0r806,,United States
Tulcea,/m/021m0_,,Romania
Tulchyn,/m/064z95,,Ukraine
Tulcán,/m/07zp3n,,Ecuador
Tulelake,/m/0r6_0,,United States
Tulia,/m/010978,,United States
Tuliszków,/m/0288bv4,,Poland
Tulkarm,/m/03h5tz,,Palestine
Tullahoma,/m/013ld2,,United States
Tullyhommon,/m/0cjhsp,,United Kingdom
Tulsa,/m/013kcv,,United States
Tulsipur,/m/04mzq49,,Nepal
Tumangang,/m/02w00rr,,North Korea
Tumbes,/m/055cgg,,Peru
Tumbura,/m/05c3_px,,South Sudan
Tumpat,/m/08bkm2,,Malaysia
Tumwater,/m/010vhk,,United States
Tunceli,/m/02t7bq,,Turkey
Tunduma,/m/02vmkd2,,Tanzania
Tuni,/m/0f6j8w,,India
Tunip,/m/02r32rm,,Syria
Tunis,/m/0ftn8,,Tunisia
Tunja,/m/04mbfy,,Colombia
Tunnel Hill,/m/0r_1h,,United States
Tunuyán,/m/0fsgs4,,Argentina
Tunápolis,/m/09rxncn,,Brazil
Tupambaé,/m/0gvtv0q,,Uruguay
Tupelo,/m/0wqwj,,United States
Tupiza,/m/0c6fvv,,Bolivia
Tura,/m/0446l8,,Hungary
Tura,/m/0ddz8m,,India
Turbat,/m/09kvw5,,Pakistan
Turceni,/m/0414d9n,,Romania
Turdera,/m/03qnl2f,,Argentina
Turek,/m/022mkf,,Poland
Turgutlu,/m/0bj_nn,,Turkey
Turin,/m/0t1p0,,United States
Turin,/m/07mgr,,Italy
Turka,/m/0gtsj4,,Ukraine
Turkey,/m/0ykrt,,United States
Turkey,/m/01028y,,United States
Turkistan,/m/058m53,,Kazakhstan
Turku,/m/0c_zx,,Finland
Turlock,/m/0r7jt,,United States
Turmantas,/m/026f8pd,,Lithuania
Turmero,/m/071w3q,,Venezuela
Turmi,/m/06ryq0,,Ethiopia
Turner,/m/0zffr,,United States
Turnhout,/m/014ltj,,Belgium
Turnov,/m/040ts9,,Czech Republic
Turnu Măgurele,/m/024_6p,,Romania
Turon,/m/0t9zc,,United States
Turpan,/m/09mnv3,,People's Republic of China
Turrell,/m/0qstb,,United States
Turriff,/m/04x79t,,United Kingdom
Tursunzoda,/m/0bxjtw,,Tajikistan
Turtle Lake,/m/0ypv8,,United States
Turtle River,/m/0vtvq,,United States
Turubah,/m/06zr_hr,,Saudi Arabia
Tus,/m/02kvfp,,Iran
Tuscaloosa,/m/0qc7l,,United States
Tuscola,/m/0s68j,,United States
Tuscola,/m/0109nz,,United States
Tusculum,/m/049lyw,,Italy
Tusculum,/m/0_v0m,,United States
Tuscumbia,/m/0q63r,,United States
Tushemisht,/m/0nbt8lw,,Albania
Tuskegee,/m/0q8yg,,United States
Tustin,/m/0r2q1,,United States
Tuszyn,/m/0c2phj,,Poland
Tutin,/m/09lnjk,,Serbia
Tutrakan,/m/0clrlv,,Bulgaria
Tuttle,/m/0ypb1,,United States
Tuttle,/m/0z63m,,United States
Tuttlingen,/m/0505kt,,Germany
Tuxtla Gutiérrez,/m/01bkyg,,Mexico
Tuy Hòa,/m/0brlsd,,Vietnam
Tuz Khormato,/m/02q05vz,,Iraq
Tuzla,/m/02lg4b,,Bosnia and Herzegovina
Tułowice,/m/05h2_1g,,Poland
Tvardița,/m/06w1s0s,,Moldova
Tver,/m/020lqb,,Russia
Twardogóra,/m/02plvsh,,Poland
Twentynine Palms,/m/0v627,,United States
Twin City,/m/0rw9g,,United States
Twin Falls,/m/0s2rg,,United States
Twin Lakes,/m/0v_v8,,United States
Twin Valley,/m/0xf84,,United States
Twinsburg,/m/0z27t,,United States
Twistringen,/m/0c4rpf,,Germany
Two Harbors,/m/0xds9,,United States
Two Rivers,/m/01mlvb,,United States
Ty Ty,/m/0rzgj,,United States
Tybee Island,/m/0rtx3,,United States
Tychowo,/m/05pdjqr,,Poland
Tychy,/m/0jx46,,Poland
Tyczyn,/m/03fgl3,,Poland
Tye,/m/0109p9,,United States
Tykocin,/m/022m05,,Poland
Tyler,/m/0108xl,,United States
Tyler,/m/0w539,,United States
Tyndall,/m/0_p5x,,United States
Tyras,/m/08h6sz,,Ukraine
Tyre,/m/07kx2,,Lebanon
Tyrida,/m/0gg5v_c,,Thrace
Tyritake,/m/026ftgz,,Russia
Tyritake,/m/026ftgz,,Ukraine
Tyritake,/m/026ftgz,,Bosporan Kingdom
Tyro,/m/0t8x3,,United States
Tyrodiza,/m/07s645q,,Turkey
Tysmenytsia,/m/0gcrr2,,Ukraine
Tyszowce,/m/027xq7x,,Poland
Tytuvėnai,/m/0g84xd,,Lithuania
Tyumen,/m/02f3_s,,Russia
Tábor,/m/01kj6c,,Czech Republic
Tálknafjörður,/m/047m528,,Iceland
Tápiószele,/m/09v3tj1,,Hungary
Tát,/m/02r2xgw,,Hungary
Târgoviște,/m/020bhj,,Romania
Târgu Bujor,/m/04gp1bj,,Romania
Târgu Cărbunești,/m/0bfdsp,,Romania
Târgu Frumos,/m/0b82bq,,Romania
Târgu Jiu,/m/0250d_,,Romania
Târgu Lăpuș,/m/0b51s0,,Romania
Târgu Mureș,/m/020bq1,,Romania
Târgu Neamț,/m/04j1lx,,Romania
Târgu Ocna,/m/024_0f,,Romania
Tägermoos,/m/0gy0vhp,,Switzerland
Tébessa,/m/0b9f38,,Algeria
Téglás,/m/026n6q2,,Hungary
Tét,/m/0djlp3,,Hungary
Tétouan,/m/01_8b9,,Morocco
Tótkomlós,/m/026lr43,,Hungary
Tôlanaro,/m/06d9b1,,Madagascar
Tômbwa,/m/03d5h52,,Angola
Tõrva,/m/07bs63,,Estonia
Töging am Inn,/m/0bbgh1,,Germany
Tököl,/m/02rd0n8,,Hungary
Tönisvorst,/m/0bn5qs,,Germany
Tönning,/m/070v7_,,Germany
Törökbálint,/m/02rdr3n,,Hungary
Törökszentmiklós,/m/026mhrd,,Hungary
Túrkeve,/m/026mhzz,,Hungary
Tübingen,/m/07dh1,,Germany
Türi,/m/0b7_k4,,Estonia
Türkgözü,/m/05h38lt,,Turkey
Türkmenabat,/m/03v5vl,,Turkmenistan
Türkmenbaşy,/m/02tkls,,Turkmenistan
Týn nad Vltavou,/m/07z0fm,,Czech Republic
Tălmaciu,/m/09v035,,Romania
Tăuții-Măgherăuș,/m/04ghzt9,,Romania
Tășnad,/m/04k5l7,,Romania
Tłuszcz,/m/0287m79,,Poland
Tōkai-shi,/m/01wlyp,,Japan
Třeboň,/m/04q_wb,,Czech Republic
Třebíč,/m/05lgmd,,Czech Republic
Třinec,/m/09n0nq,,Czech Republic
Ube,/m/0gp6k9,,Japan
Uberaba,/m/06r7yq,,Brazil
Uberlândia,/m/02wkdb,,Brazil
Ubon Ratchathani,/m/02mbfq,,Thailand
Ubundu,/m/0bsrnr,,Democratic Republic of the Congo
Ubá,/m/04z7yk,,Brazil
Ubľa,/m/0h6w59,,Slovakia
Uchkuduk,/m/05prxy,,Uzbekistan
Ucon,/m/0s17l,,United States
Ucureña,/m/0b6lbhz,,Bolivia
Udaipur,/m/0b_hrt,,India
Udaipur,/m/0b_kfy,,India
Udall,/m/0t640,,United States
Uddevalla,/m/03zvfl,,Sweden
Udell,/m/0srjv,,United States
Udhampur,/m/05zh2c,,India
Udine,/m/01glcz,,Italy
Udon Thani,/m/01dzgd,,Thailand
Udong,/m/0drwc1,,Cambodia
Udu,/m/03b_mj9,,Nigeria
Udupi,/m/02d7ll,,India
Udvar,/m/02rm0mf,,Hungary
Uebigau-Wahrenbrück,/m/0fk48g,,Germany
Ueckermünde,/m/0cdg1t,,Germany
Ueda,/m/0dbrdm,,Japan
Uelzen,/m/04yfrg,,Germany
Uetersen,/m/0cpcv4,,Germany
Ufa,/m/01vjg6,UFA,Russia
Uffenheim,/m/0dssm4,,Germany
Ugarit,/m/01cx6m,,Syria
Uherské Hradiště,/m/035bt0,,Czech Republic
Uherský Brod,/m/06qwzq,,Czech Republic
Uhingen,/m/0dprxv,,Germany
Uhland,/m/013l_k,,United States
Uhniv,/m/0gt3w2,,Ukraine
Uhniv,/m/0gt3w2,,Austria–Hungary
Uhrichsville,/m/0z2p_,,United States
Uijeongbu,/m/03v6tp,,South Korea
Uintah,/m/010hd0,,United States
Uiramutã,/m/026cfbz,,Brazil
Uitenhage,/m/04db39,,South Africa
Uiwang,/m/03v6vg,,South Korea
Ujar,/m/04jpjp5,,Azerbaijan
Ujazd,/m/026j45w,,Poland
Ujhani,/m/0f6jrj,,India
Uji,/m/01fmf0,,Japan
Ujiji,/m/0204gq,,Tanzania
Ujjain,/m/03n670,,India
Ujście,/m/0288kp4,,Poland
Ukbara,/m/05113_,,Iraq
Ukiah,/m/0zg14,,United States
Ukiah,/m/0r1r7,,United States
Ukmergė,/m/03llvs,,Lithuania
Ukrainka,/m/0gtr2y,,Ukraine
Ukrainsk,/m/0gtrcb,,Ukraine
Ukrainsk,/m/0gtrcb,,Soviet Union
Ulaanbaatar,/m/0hqkg,,Mongolia
Ulaangom,/m/03txz3,,Mongolia
Ulan-Ude,/m/0ftwy,,Russia
Ulanhot,/m/02693sy,,People's Republic of China
Ulanqab,/m/05xj7l,,People's Republic of China
Ulanów,/m/026n7rs,,Poland
Ulcinj,/m/03cw7m,,Montenegro
Ulen,/m/0vxt4,,United States
Ulhasnagar,/m/03_bdj,,India
Uliastai,/m/025z13_,,Mongolia
Ulm,/m/019xz9,,Germany
Ulmen,/m/0bk1x_,,Germany
Ulmeni,/m/0dtvgd,,Romania
Ulpia Traiana Sarmizegetusa,/m/06w1q2x,,Romania
Ulrichstein,/m/0dv9jj,,Germany
Ulsan,/m/01vsdq,,South Korea
Uluberia,/m/0f6jyh,,India
Ulyanovsk,/m/025bf7,,Russia
Ulysses,/m/0t700,,United States
Umag,/m/03cvj8,,Croatia
Uman,/m/06j775,,Ukraine
Umaria,/m/095wwk,,India
Umatilla,/m/0zg1h,,United States
Umatilla,/m/01_1kdc,,United States
Umerkot,/m/0bnqj0,,Pakistan
Umm Qasr,/m/01cfdm,,Iraq
Umm Ruwaba,/m/0bmdrqb,,Sudan
Umm al-Fahm,/m/01vt55,,Israel
Umma,/m/01vkyk,,Iraq
Ummerstadt,/m/0fk4c7,,Germany
Umuahia,/m/04yszd,,Nigeria
Umuarama,/m/0279ghw,,Brazil
Unadilla,/m/0rw26,,United States
Unaizah,/m/05_8kn,,Saudi Arabia
Unalakleet,/m/01z22d7,,United States
Unalaska,/m/01z22f_,,United States
Uncertain,/m/0102vb,,United States
Under Secretary's Lodge,/m/012y4t,,Ireland
Underwood,/m/0t2m_,,United States
Underwood,/m/0wcd0,,United States
Underwood,/m/0ypvm,,United States
Ungaran,/m/0cz9msz,,Indonesia
Ungheni,/m/080d75,,Moldova
Ungheni,/m/08mt24,,Romania
Ungheni,/m/04gm452,,Romania
Unguía,/m/02qgy54,,Colombia
Uniejów,/m/09nfxz,,Poland
Union,/m/0zg4m,,United States
Union,/m/0wvkq,,United States
Union,/m/0_nsr,,United States
Union,/m/0s_5n,,United States
Union,/m/0tcrj,,United States
Union,/m/013j_g,,United States
Union City,/m/0xn99,,United States
Union City,/m/0_w9x,,United States
Union City,/m/0qy1f,,United States
Union City,/m/0spr_,,United States
Union City,/m/0rwn4,,United States
Union Gap,/m/010w6j,,United States
Union Grove,/m/010b4y,,United States
Union Point,/m/0rwvr,,United States
Union Springs,/m/0pqk9,,United States
Union Star,/m/0wvbg,,United States
Union Valley,/m/03c_gv8,,United States
Uniontown,/m/0z_1g,,United States
Uniontown,/m/0qbcd,,United States
Uniontown,/m/0tj47,,United States
Uniontown,/m/0t5bg,,United States
Unionville,/m/0ylbr,,United States
Unionville,/m/0wzkc,,United States
Unionville,/m/0srk5,,United States
Unity,/m/0zb_h,,United States
Universal City,/m/0_y9w,,United States
University City,/m/0x080,,United States
University Heights,/m/0yvth,,United States
University Heights,/m/0t03_,,United States
University Park,/m/0__xp,,United States
University Park,/m/0t15s,,United States
University Place,/m/010t58,,United States
Uničov,/m/084sd9,,Czech Republic
Unkel,/m/0bt1h_,,Germany
Unna,/m/072b74,,Germany
Unnao,/m/05dtlx,,India
Untereisenbach,/m/0dcbr_,,Luxembourg
Unterschleißheim,/m/033n90,,Germany
Upata,/m/047r9n3,,Venezuela
Upatissagāma,/m/0ch1_vq,,
Upernavik,/m/015g14,,Greenland
Upham,/m/0ypkp,,United States
Upington,/m/031bx7,,South Africa
Upland,/m/0lfyx,,United States
Uplistsikhe,/m/02w146k,,Georgia
Upper Arlington,/m/0yw_x,,United States
Upper Hutt,/m/015_26,,New Zealand
Upper Kalskag,/m/0qd7f,,United States
Upper Sandusky,/m/0z3rg,,United States
Uppsala,/m/07tcs,,Sweden
Upsala,/m/0w7tl,,United States
Upton,/m/013d3c,,United States
Ur,/m/07w5c,,Iraq
Ura Vajgurore,/m/04yh1rf,,Albania
Uranopolis,/m/0b42jl,,Greece
Urasoe,/m/01wrd9,,Japan
Urayasu,/m/01wj5s,,Japan
Urbana,/m/0s3y5,,United States
Urbana,/m/0srqp,,United States
Urbana,/m/0wv6b,,United States
Urbana,/m/0ytjb,,United States
Urbandale,/m/0stx9,,United States
Urbank,/m/0wcdc,,United States
Urbino,/m/024z58,,Italy
Urbinum Hortense,/m/07168f,,Italy
Urcos,/m/03h5b4g,,Peru
Urdaneta,/m/06jztw,,Philippines
Urdorf,/m/0gt093,,Switzerland
Urdos,/m/03ql_k6,,France
Urgench,/m/05rpqm,,Uzbekistan
Urgut,/m/02qvb61,,Uzbekistan
Uricani,/m/02br0w,,Romania
Urich,/m/0wv_5,,United States
Urla,/m/0bj_x7,,Turkey
Urlați,/m/02bqr7,,Romania
Urmia,/m/02wwtt,,Iran
Uromi,/m/04csv3_,,Nigeria
Urubamba,/m/08583n,,Peru
Uruguaiana,/m/032sz7,,Brazil
Uruk,/m/0lpm3,,Iraq
Uruma,/m/07038v,,Japan
Urziceni,/m/0266jg7,,Romania
Urzędów,/m/04gjkt6,,Poland
Usakos,/m/0f2g4j,,Namibia
Uscana,/m/03qd9sb,,North Macedonia
Usedom,/m/0cdx1c,,Germany
Ushuaia,/m/01zdns,,Argentina
Usingen,/m/04zbbq,,Germany
Uslar,/m/0254vf,,Germany
Usta Mohammad,/m/04n3yby,,Pakistan
Uster,/m/08flgh,,Switzerland
Ustka,/m/01ry9_,,Poland
Ustroń,/m/022m6k,,Poland
Ustrzyki Dolne,/m/02_rjb,,Poland
Ustyluh,/m/0gt21p,,Ukraine
Usulután,/m/06rgjd,,El Salvador
Ute,/m/0t1pc,,United States
Utena,/m/09gy3s,,Lithuania
Utica,/m/0lpk3,,United States
Utica,/m/0vcf1,,United States
Utica,/m/0wnm7,,United States
Utica,/m/0t963,,United States
Utqiagvik,/m/01z1nwf,,United States
Utrecht,/m/0d9s5,,Netherlands
Utsunomiya,/m/01wh33,,Japan
Uttarpara Kotrung,/m/08_kgv,,India
Uummannaq,/m/06qy5f,,Greenland
Uvalda,/m/0ry9z,,United States
Uvalde,/m/010b7b,,United States
Uvira,/m/081zbf,,Democratic Republic of the Congo
Uxama Argaela,/m/010pkhp9,,Spain
Uxellodunum,/m/0g6lh_,,France
Uychi,/m/012mz90m,,Uzbekistan
Uyo,/m/05p260,,Nigeria
Uyuni,/m/06rc1w,,Bolivia
Uzhhorod,/m/02n0cp,,Ukraine
Uzita,/m/0805gz8,,Tunisia
Uzunköprü,/m/0bjw8q,,Turkey
Uzwil,/m/04yzb6,,Switzerland
Uzyn,/m/0gtrd0,,Ukraine
Uşak,/m/06xdw0,,Turkey
Užice,/m/01psqj,,Serbia
Užljebić,/m/0crdrbh,,Croatia
Užventis,/m/0g34b7,,Lithuania
V.S.K.Valasai,/m/0d_yxf,,India
Vaasa,/m/019xhk,,Finland
Vabalninkas,/m/0gdtq1,,Lithuania
Vabkent,/m/02qvqpk,,Uzbekistan
Vacaville,/m/0gj9_,,United States
Vacha,/m/0fk4nz,,Germany
Vader,/m/010s9x,,United States
Vadnais Heights,/m/0wfn6,,United States
Vadodara,/m/02kfxk,,India
Vadul lui Vodă,/m/047lwxf,,Moldova
Vaduz,/m/0g35d,,Liechtenstein
Vaihingen an der Enz,/m/0djqbr,,Germany
Vail,/m/0str3,,United States
Vainikkala,/m/03x_v9c,,Finland
Vaja,/m/026s6bg,,Hungary
Val d'Or,/m/02q90mn,,Malaysia
Valašské Klobouky,/m/0dhgwh,,Czech Republic
Valašské Meziříčí,/m/0c2t26,,Czech Republic
Valdemārpils,/m/01hk43,,Latvia
Valdese,/m/0ydxd,,United States
Valdez,/m/03qp276,,Ecuador
Valdez,/m/01z22hm,,United States
Valdivia,/m/025s_c7,,Chile
Valdosta,/m/0rxyk,,United States
Vale,/m/03c1t0f,,Georgia
Vale,/m/0zf5s,,United States
Valea lui Mihai,/m/0bfdn6,,Romania
Valencia,/m/01zd7x,,Venezuela
Valencia,/m/06pkd2,,Philippines
Valencia,/m/0cmc_zv,,Ecuador
Valentine,/m/0x5hk,,United States
Valentín Alsina,/m/0d3f_y,,Argentina
Valera,/m/07kn8x,,Venezuela
Valeria,/m/010pfnr3,,Spain
Valeria,/m/0s_z2,,United States
Valga,/m/021czv,,Estonia
Valinhos,/m/0cc23h,,Brazil
Valjevo,/m/01psqx,,Serbia
Valka,/m/0b7n8y,,Latvia
Valky,/m/0gts7x,,Ukraine
Valladolid,/m/01spnk,,Mexico
Valle Gran Rey,/m/07qzsy,,Spain
Valle de la Pascua,/m/06q5lw,,Venezuela
Valledupar,/m/0315bq,,Colombia
Vallegrande,/m/08nm20,,Bolivia
Vallejo,/m/0gjcy,,United States
Vallenar,/m/0c6yfl,,Chile
Vallendar,/m/0bsjch,,Germany
Valletta,/m/0ftns,,Malta
Valley,/m/0q5q1,,United States
Valley,/m/0x6fj,,United States
Valley Center,/m/0tbpx,,United States
Valley City,/m/0ymxl,,United States
Valley Falls,/m/0t7jz,,United States
Valley Grande,/m/061j2p,,United States
Valley Mills,/m/013lyv,,United States
Valley Park,/m/0x08c,,United States
Valley Springs,/m/0_rqt,,United States
Valley View,/m/0__nn,,United States
Valluvanad,/m/03s1q2,,India
Valmiera,/m/01f3vk,,Latvia
Valparaiso,/m/0sphq,,United States
Valparaiso,/m/0rpcq,,United States
Valparaíso,/m/0j8ln,,Chile
Valparaíso de Goiás,/m/0b7_93,,Brazil
Valpovo,/m/01350d,,Croatia
Valsad,/m/0545zt,,India
Valsolda,/m/0gj258,,Italy
Vama Veche,/m/03x3bg,,Romania
Van,/m/0h2sy,,Turkey
Van,/m/010bch,,United States
Van Alstyne,/m/013m6r,,United States
Van Buren,/m/0qsph,,United States
Van Buren,/m/0wt93,,United States
Van Horne,/m/0srr0,,United States
Van Meter,/m/0stxp,,United States
Van Wert,/m/0z2ts,,United States
Van Wert,/m/0sv25,,United States
Vanceboro,/m/0yftr,,United States
Vanceburg,/m/0tgs2,,United States
Vancouver,/m/080h2,,Canada
Vancouver,/m/0ckhc,,United States
Vandalia,/m/0s6wn,,United States
Vandalia,/m/0z02h,,United States
Vandalia,/m/013gp2,,United States
Vandemere,/m/0yjp0,,United States
Vangaži,/m/03c6s68,,Latvia
Vanier,/m/02gzh1,,Canada
Vantaa,/m/0blf3,,Finland
Varadero,/m/01cxyk,,Cuba
Varakļāni,/m/03c3p4r,,Latvia
Varanasi,/m/01j922,,India
Varash,/m/0gt2f0,,Ukraine
Varaždin,/m/030v72,,Croatia
Varaždinske Toplice,/m/0264wvz,,Croatia
Varberg,/m/03ztvg,,Sweden
Varde,/m/052530h,,Denmark
Varel,/m/0c5sqs,,Germany
Varese,/m/0ggt2,,Italy
Varginha,/m/041_27,,Brazil
Varina,/m/0t2d2,,United States
Varna,/m/0lxg6,,Bulgaria
Varnamtown,/m/0ydp1,,United States
Varnell,/m/0r_1v,,United States
Varniai,/m/0fk1fd,,Lithuania
Varnsdorf,/m/06ywk_,,Czech Republic
Varėna,/m/03k2wf,,Lithuania
Vasai-Virar,/m/06ckt8,,India
Vasco da Gama,/m/089w5f,,India
Vashkivtsi,/m/0gt4_f,,Ukraine
Vasind,/m/02rcdg5,,India
Vaslui,/m/0224vt,,Romania
Vass,/m/0yj17,,United States
Vassar,/m/0vq_r,,United States
Vasvár,/m/0b7_9g,,Hungary
Vasylivka,/m/0gt264,,Ukraine
Vasylkiv,/m/07l43m,,Ukraine
Vatican City,/m/07ytt,,Vatican City
Vatin,/m/026b6l6,,Serbia
Vatra,/m/06w6g0d,,Moldova
Vattyna,/m/07kdg3h,,Greece
Vaughan,/m/01gd9h,,Canada
Vașcău,/m/0b6d8d,,Romania
Veblen,/m/0_rcp,,United States
Vechta,/m/04vrjn,,Germany
Vecsés,/m/02rd0bn,,Hungary
Vega,/m/0107db,,United States
Vehari,/m/09grv6,,Pakistan
Veii,/m/0jl_j,,Italy
Vejle,/m/03b0xz,,Denmark
Velasco Ibarra,/m/060pbq,,Ecuador
Velbert,/m/03_c6y,,Germany
Velburg,/m/0fk50f,,Germany
Velda City,/m/0x08q,,United States
Velden,/m/0fk5fn,,Germany
Velen,/m/01h5tx,,Germany
Velence,/m/09bqr1,,Hungary
Velenje,/m/03vwg1,,Slovenia
Veles,/m/066cgf,,North Macedonia
Velia,/m/06_qgr,,Italy
Velika Gorica,/m/02rhyl,,Croatia
Veliki Gaj,/m/0c448l,,Serbia
Veliky Novgorod,/m/0cd33,,Russia
Velké Kunětice,/m/06zmsdx,,Czech Republic
Velké Meziříčí,/m/0dcj_d,,Czech Republic
Vellaunodunum,/m/03ynzht,,France
Vellberg,/m/0fk69s,,Germany
Vellmar,/m/07fgh_,,Germany
Vellore,/m/02qfy4,,India
Velosnes,/m/03qdvh5,,France
Velten,/m/0dwfgv,,Germany
Velva,/m/0ypl0,,United States
Velyki Mosty,/m/0gt4_2,,Ukraine
Venado Tuerto,/m/0837tr,,Argentina
Veneta,/m/0zdvd,,United States
Venice,/m/07_pf,,Italy
Venice,/m/0rrzz,,United States
Venice,/m/0schd,,United States
Venlo,/m/0vjkp,,Netherlands
Venta,/m/09lr2g,,Lithuania
Venta Belgarum,/m/025tm8n,,United Kingdom
Venta Icenorum,/m/0dt5j0,,United Kingdom
Venta Silurum,/m/02p9s07,,United Kingdom
Ventanas,/m/03qp232,,Ecuador
Ventimiglia,/m/04w8x9,,Italy
Ventnor City,/m/0xkl0,,United States
Ventoso,/m/0fq0lz9,,San Marino
Ventspils,/m/02h6t1,,Latvia
Ventura,/m/0r8bh,,United States
Ventura,/m/0ssy7,,United States
Venturia,/m/0ypm2,,United States
Venus,/m/013mkp,,United States
Veracruz,/m/02_rzt,,Mexico
Veraval,/m/0bdcl4,,India
Verbania,/m/07vgxr,,Italy
Verden,/m/0glqgqg,,Germany
Veresegyház,/m/02rd0kj,,Hungary
Vergas,/m/0wcdq,,United States
Vergennes,/m/010hm9,,United States
Veria,/m/01wfn1,,Greece
Veringenstadt,/m/0fksmx,,Germany
Verinopolis,/m/0_ymcc_,,
Verkhivtseve,/m/0gtscp,,Ukraine
Verkhnodniprovsk,/m/0gtqb7,,Ukraine
Verl,/m/0bfqrj,,Germany
Vermilion,/m/013jnh,,United States
Vermillion,/m/0_pps,,United States
Vermillion,/m/0vz66,,United States
Vermillion,/m/0t8kg,,United States
Vermosh,/m/0b6n32c,,Albania
Vernal,/m/010gm1,,United States
Verndale,/m/0wm9z,,United States
Vernier,/m/06bd25,,Switzerland
Verniku,/m/010vsp3c,,Albania
Vernon,/m/0r125,,United States
Vernon,/m/01wphr,,Canada
Vernon,/m/0q8hx,,United States
Vernon,/m/010bxw,,United States
Vernon,/m/0rswy,,United States
Vernon Center,/m/0vvmw,,United States
Vernonia,/m/0zc9x,,United States
Vero Beach,/m/0rlpg,,United States
Verona,/m/01n43d,,Italy
Verona,/m/01mk8c,,United States
Verona,/m/0wx6t,,United States
Verona,/m/0wqwy,,United States
Verona,/m/0ypdv,,United States
Versailles,/m/0tjc3,,United States
Versailles,/m/0wy63,,United States
Versmold,/m/0bfq2p,,Germany
Versoix,/m/07622g,,Switzerland
Vertientes,/m/03cb561,,Cuba
Vertillum,/m/0jw_0m1,,France
Verulamium,/m/0fr2n,,United Kingdom
Verviers,/m/017w97,,Belgium
Verónica,/m/026hs48,,Argentina
Vescia,/m/0h3q379,,Italy
Veselí nad Moravou,/m/07j6dq,,Czech Republic
Vespasiano,/m/03h2lh_,,Brazil
Vesta,/m/0wg5d,,United States
Vestavia Hills,/m/0q8fg,,United States
Vesyoloye,/m/0c4166l,,Russia
Veszprém,/m/023fyc,,Hungary
Vetschau/Spreewald,/m/0fksqb,,Germany
Veurne,/m/0145vl,,Belgium
Vevey,/m/02bnd4,,Switzerland
Veľké Slemence,/m/0h603m,,Slovakia
Viacha,/m/0640dxs,,Bolivia
Viamão,/m/0f9cvv,,Brazil
Viana,/m/0dlqzr,,Angola
Vianen,/m/0vkz3,,Netherlands
Vibo Valentia,/m/05sfb3,,Italy
Viborg,/m/03r0xn,,Denmark
Viborg,/m/0_sk7,,United States
Viburnum,/m/0ww8v,,United States
Vicco,/m/0thr4,,United States
Vicente Guerrero,/m/04q2z11,,Mexico
Vicente López,/m/0ggcyj,,Argentina
Vicenza,/m/0prxp,,Italy
Vicina,/m/0n5vd52,,Byzantine Empire
Vicksburg,/m/0wr_s,,United States
Vicovu de Sus,/m/05_90h,,Romania
Victor,/m/0s2nq,,United States
Victor,/m/01_5162,,United States
Victor,/m/0rct_,,United States
Victor Harbor,/m/03gwb5,,Australia
Victoria,/m/031jnn,,Seychelles
Victoria,/m/080nz6l,,Chile
Victoria,/m/022zzp,,British Hong Kong
Victoria,/m/04pht8,,Romania
Victoria,/m/07ypt,,Canada
Victoria,/m/04gvc05,,Romania
Victoria,/m/010bdw,,United States
Victoria,/m/0t6nh,,United States
Victoria,/m/0vw9m,,United States
Victoria,/m/07q5b9,,Argentina
Victoria,/m/03d789h,,Argentina
Victoria Falls,/m/05tsp7,,Zimbabwe
Victoria de Durango,/m/01gn55,,Mexico
Victorias,/m/06hp54,,Philippines
Victorville,/m/0r4rj,,United States
Vicuña,/m/05j0m_,,Chile
Vidalia,/m/0tk7d,,United States
Vidalia,/m/0ryb9,,United States
Videle,/m/0bfd6y,,Romania
Vidette,/m/0rth9,,United States
Vidin,/m/01rchc,,Bulgaria
Vidisha,/m/03r3hl,,India
Vidor,/m/0107gd,,United States
Vidyaranyapura,/m/0gcthq,,India
Viechtach,/m/0fkst3,,Germany
Viedma,/m/02tbf0,,Argentina
Viekšniai,/m/0g90bt,,Lithuania
Vienna,/m/0fhp9,,Austria
Vienna,/m/0s8zj,,United States
Vienna,/m/0wxpy,,United States
Vienna,/m/010z5_,,United States
Vienna,/m/0rw2k,,United States
Viernheim,/m/0dhn19,,Germany
Viersen,/m/04y82f,,Germany
Viesīte,/m/01c8tp,,Latvia
Vieux-Condé,/m/03g_jr_,,France
Vieux-Reng,/m/0f699h,,France
Vijaya,/m/0fpggmd,,Champa
Vijayapura,/m/03kkvz,,India
Vijayawada,/m/0385k7,,India
Vikhroli,/m/02t0rc,,India
Viking,/m/0w65p,,United States
Vila Baleira,/m/02p4lr0,,Portugal
Vila Bela da Santíssima Trindade,/m/03mf9f1,,Brazil
Vila Velha,/m/02ymqb,,Brazil
Vilankulo,/m/09ynj5,,Mozambique
Vilcashuamán,/m/0g5s77b,,Peru
Viljandi,/m/01j86b,,Estonia
Vilkaviškis,/m/0g0kqj,,Lithuania
Vilkija,/m/0g8_r4,,Lithuania
Villa Adelina,/m/03nt663,,Argentina
Villa Alegre,/m/0fpysv,,Chile
Villa Alemana,/m/02vwnc4,,Chile
Villa Ballester,/m/026qb_j,,Argentina
Villa Canales,/m/078z4l,,Guatemala
Villa Centenario,/m/03qnl3t,,Argentina
Villa Constitución,/m/06_213,,Argentina
Villa Dolores,/m/027rf16,,Argentina
Villa Domínico,/m/03hmnd6,,Argentina
Villa Fiorito,/m/05zqn_,,Argentina
Villa Florida,/m/03m759w,,Paraguay
Villa General Belgrano,/m/027v388,,Argentina
Villa Gesell,/m/0bl9wy,,Argentina
Villa Gobernador Gálvez,/m/07y22v,,Argentina
Villa Grove,/m/0s68w,,United States
Villa Hills,/m/0tgkt,,United States
Villa Jesús María,/m/0bjf06,,Mexico
Villa Krause,/m/03h0zfh,,Argentina
Villa María,/m/02pvh5,,Argentina
Villa Mercedes,/m/0gmdh8,,Argentina
Villa Nueva,/m/078z4y,,Guatemala
Villa Opicina,/m/0fdpl9,,Italy
Villa Park,/m/0r2qt,,United States
Villa Regina,/m/05sxk6s,,Argentina
Villa Rica,/m/0rtq7,,United States
Villa Serrano,/m/0b6dr42,,Bolivia
Villa Simón Bolívar,/m/0b6dxdr,,Bolivia
Villa Soriano,/m/0b3qdd,,Uruguay
Villa Tesei,/m/05f3638,,Argentina
Villa Tunari,/m/0cxhsm,,Bolivia
Villa Vaca Guzmán,/m/0b6gd_j,,Bolivia
Villa Yapacaní,/m/05b_187,,Bolivia
Villa de Mayo,/m/05f59cw,,Argentina
Villa de Álvarez,/m/02q1744,,Mexico
Villa del Rosario,/m/0gdky_,,Venezuela
Villa del Rosario,/m/0kw78m,,Colombia
Villa Ángela,/m/0dkdvf,,Argentina
Villach,/m/0162bg,,Austria
Village of Kaltag,/m/0qj5k,,United States
Villaguay,/m/08fsqg,,Argentina
Villahermosa,/m/01bktn,,Mexico
Villamontes,/m/0c6gqr,,Bolivia
Villard,/m/0wfgm,,United States
Villarreal,/m/04wdtk,,Spain
Villarrica,/m/097300,,Chile
Villars-sur-Glâne,/m/0kw6cr,,Switzerland
Villavicencio,/m/0455hz,,Colombia
Villazón,/m/05h45n4,,Bolivia
Ville Platte,/m/0tkld,,United States
Ville-Houdlémont,/m/03qdny_,,France
Villers-Sire-Nicole,/m/03qflgv,,France
Villeurbanne,/m/02rpv9,,France
Villingen-Schwenningen,/m/0218lt,,Germany
Villisca,/m/0t1sv,,United States
Villány,/m/0djpwk,,Hungary
Vilniansk,/m/0gt253,,Ukraine
Vilnius,/m/07_kq,,Lithuania
Vilnohirsk,/m/0gt4c2,,Ukraine
Vilsbiburg,/m/0dy99y,,Germany
Vilseck,/m/06g2dh,,Germany
Vilshofen an der Donau,/m/024v8r,,Germany
Vilvoorde,/m/014qry,,Belgium
Viminacium,/m/03_zcn,,Serbia
Vimperk,/m/08k341,,Czech Republic
Vincennes,/m/0smx3,,United States
Vincent,/m/01z3_fr,,United States
Vincent,/m/0t4f4,,United States
Vinces,/m/0dv_yd,,Ecuador
Vindobona,/m/02vkf95,,Austria
Vine Grove,/m/0tdyf,,United States
Vineland,/m/0xmjc,,United States
Vineyard,/m/010gy6,,United States
Vinh,/m/053f69,,Vietnam
Vining,/m/0t3mb,,United States
Vining,/m/0wcf1,,United States
Vining,/m/013ctz,,United States
Vinita,/m/0z570,,United States
Vinita Park,/m/0x09d,,United States
Vinkovci,/m/013525,,Croatia
Vinnytsia,/m/04hwv7,,Ukraine
Vinto,/m/09g8vvv,,Bolivia
Vinton,/m/0srrc,,United States
Viola,/m/0tbq7,,United States
Vioolsdrif,/m/0b0_xy,,South Africa
Vipava,/m/0h2b9,,Slovenia
Viqueque,/m/0bp_rr,,Timor-Leste
Viranşehir,/m/09pwqr,,Turkey
Virar,/m/041bgk,,India
Virbalis,/m/0gbl6n,,Lithuania
Virden,/m/0sc59,,United States
Vireux-Molhain,/m/03m8hs4,,France
Virgil,/m/0t74w,,United States
Virginia,/m/0s3nh,,United States
Virginia,/m/0wj_0,,United States
Virginia Beach,/m/0mn0v,,United States
Viroqua,/m/01mnpf,,United States
Virovitica,/m/01355d,,Croatia
Virton,/m/017x4c,,Belgium
Virú,/m/03qjkfr,,Peru
Vis,/m/03dm1q,,Croatia
Vis,/m/03dm0x,,Croatia
Visakhapatnam,/m/01jmpf,,India
Visalia,/m/0r80l,,United States
Visegrád,/m/03cdzp,,Hungary
Visoko,/m/03hf6s,,Bosnia and Herzegovina
Visp,/m/04ffq5,,Switzerland
Visselhövede,/m/02tjtz,,Germany
Vist,/m/0_83pf3,,Iran
Vista,/m/0r58c,,United States
Visviri,/m/0ds67b,,Chile
Visé,/m/017vy0,,Belgium
Vitebsk,/m/0159g9,,Belarus
Vitellia,/m/0123ln3w,,Italy
Vitry-sur-Seine,/m/02b_n4,,France
Vitória,/m/02ydp3,,Brazil
Vitória da Conquista,/m/0f9df1,,Brazil
Vitória de Santo Antão,/m/02707l4,,Brazil
Vizianagaram,/m/0537hj,,India
Vizovice,/m/0gsmt_,,Czech Republic
Viña del Mar,/m/01rnty,,Chile
Viļaka,/m/03c6sdg,,Latvia
Viļāni,/m/01jsxh,,Latvia
Višegrad,/m/07k7mq,,Bosnia and Herzegovina
Vișeu de Sus,/m/04pr9c,,Romania
Vlaardingen,/m/08068,,Netherlands
Vladimir,/m/02cmx6,,Russia
Vladimirescu,/m/04csgv3,,Romania
Vladivostok,/m/0fd_x,,Russia
Vlašim,/m/07j5tr,,Czech Republic
Vlorë,/m/01vmyj,,Albania
Vlotho,/m/0262gw,,Germany
Vlăhița,/m/05xtjp,,Romania
Vodice,/m/05c2t1,,Croatia
Vodnjan,/m/0c9r5j,,Croatia
Vodňany,/m/0gsr1h,,Czech Republic
Voerde,/m/0bn77j,,Germany
Vogar,/m/04lls7,,Iceland
Vogtsburg im Kaiserstuhl,/m/08p9t8,,Germany
Vohburg an der Donau,/m/0fksvw,,Germany
Vohemar,/m/0c71cf,,Madagascar
Vohenstrauß,/m/0755n0,,Germany
Volga,/m/0_p89,,United States
Volga,/m/0stgj,,United States
Volgograd,/m/07_h1,,Russia
Volkach,/m/048zqy,,Germany
Volketswil,/m/0gvk8c,,Switzerland
Volkmarsen,/m/0fkt02,,Germany
Volnovakha,/m/0gt45q,,Ukraine
Volnovakha,/m/0gt45q,,Soviet Union
Volochysk,/m/09dpwr,,Ukraine
Volodymyr,/m/02kc8b,,Ukraine
Volos,/m/026nwr,,Greece
Volsinii,/m/026m6d9,,Italy
Volta Redonda,/m/049052,,Brazil
Voltaire,/m/0yplc,,United States
Volubilis,/m/04h1ts,,Morocco
Voluntari,/m/04l8lb,,Romania
Volzhsky,/m/06smlq,,Russia
Von Ormy,/m/025y3_v,,United States
Voorburg,/m/06mmc3,,Netherlands
Vopnafjörður,/m/09247f,,Iceland
Vordingborg,/m/0131jz,,Denmark
Voronezh,/m/02c_fv,,Russia
Vorozhba,/m/0gt2db,,Ukraine
Votice,/m/06w1k_6,,Czech Republic
Votorantim,/m/05w3hr,,Brazil
Vovchansk,/m/0gtphm,,Ukraine
Voznesenivka,/m/0gtq3k,,Ukraine
Voznesensk,/m/0g05mr,,Ukraine
Vranje,/m/01psr9,,Serbia
Vrbovec,/m/0264xb3,,Croatia
Vrbovsko,/m/04_7y8,,Croatia
Vrchlabí,/m/03c7w9h,,Czech Republic
Vreden,/m/09qd5f,,Germany
Vreed en Hoop,/m/0dn_51,,Venezuela
Vreed en Hoop,/m/0dn_51,,Guyana
Vreed en Hoop,/m/0dn_51,,Guayana Esequiba
Vresse-sur-Semois,/m/017sbv,,Belgium
Vrgorac,/m/0264dpm,,Croatia
Vrhnika,/m/050cmc,,Slovenia
Vrlika,/m/05njnv,,Croatia
Vrtojba,/m/04y4hgv,,Slovenia
Vršac,/m/01psrp,,Serbia
Vsetín,/m/084528,,Czech Republic
Vuhledar,/m/0gtq5m,,Ukraine
Vuhledar,/m/0gtq5m,,Soviet Union
Vuhlehirsk,/m/0gtsb9,,Ukraine
Vukovar,/m/01351q,,Croatia
Vulci,/m/07tfp4,,Italy
Vulcănești,/m/06w3w29,,Moldova
Vyadhapura,/m/0kv81bt,,Cambodia
Vyartsilya,/m/02728c6,,Russia
Vylkove,/m/05vkb4,,Ukraine
Vynnyky,/m/0gtr8g,,Ukraine
Vynohradiv,/m/042jmb,,Ukraine
Vyshhorod,/m/0c1ryq,,Ukraine
Vyshneve,/m/0gt3g5,,Ukraine
Vysoké Mýto,/m/043343,,Czech Republic
Vyzhnytsia,/m/073fqk,,Ukraine
Vyškov,/m/0844y1,,Czech Republic
Vyšné Nemecké,/m/0h6vqv,,Slovakia
Vác,/m/07ckb5,,Hungary
Vámospércs,/m/026n6vk,,Hungary
Várpalota,/m/04y3wf,,Hungary
Várzea Grande,/m/0f9d3q,,Brazil
Várzea Paulista,/m/0g8bdj,,Brazil
Vásárosnamény,/m/0b7zzw,,Hungary
Vânju Mare,/m/09w_zc,,Romania
Värnamo,/m/02p3gx4,,Sweden
Västerås,/m/03zx_5,,Sweden
Vélingara,/m/09h38r,,Senegal
Vép,/m/02rjmg0,,Hungary
Vésztő,/m/026lr6j,,Hungary
Vík í Mýrdal,/m/033bqk,,Iceland
Vítkov,/m/07zv0p,,Czech Republic
Võhma,/m/03m4dqr,,Estonia
Võru,/m/079l5_,,Estonia
Vöhrenbach,/m/0fks_c,,Germany
Vöhringen,/m/099_ss,,Germany
Völklingen,/m/0c0fm3,,Germany
Vălenii de Munte,/m/0bfd0m,,Romania
Věřňovice,/m/02rwtb4,,Czech Republic
Vĩnh Xương,/m/05pcbxl,,Vietnam
Vũng Tàu,/m/03qjsf,,Vietnam
Wa,/m/054n34,,Ghana
WaKeeney,/m/0tc55,,United States
Wabash,/m/0sqpy,,United States
Wabasha,/m/0wm2d,,United States
Wabasso,/m/0wg62,,United States
Wabbaseka,/m/0qt_c,,United States
Wacca,/m/05c3yh4,,Ethiopia
Wachenheim,/m/08sr3l,,Germany
Waco,/m/0yfkn,,United States
Waco,/m/0106dv,,United States
Waco,/m/0wwmh,,United States
Waco,/m/0rx54,,United States
Waconia,/m/0vw9z,,United States
Wad Madani,/m/056gxz,,Sudan
Wad al-'Abbas,/m/03ql2kw,,Sudan
Wad ban Naqa,/m/07s561k,,Sudan
Wade,/m/0yfy8,,United States
Wadena,/m/0szdh,,United States
Wadena,/m/013f_f,,United States
Wadern,/m/08jn0t,,Germany
Wadesboro,/m/0yd0m,,United States
Wadi Al-Seer,/m/03wd3j8,,Jordan
Wadi Halfa,/m/048jsh,,Sudan
Wadley,/m/0rxkw,,United States
Wadowice,/m/022m7b,,Poland
Wadsworth,/m/0y_gn,,United States
Waelder,/m/0101tx,,United States
Wageningen,/m/0ps9n,,Netherlands
Wagga Wagga,/m/01z22v,,Australia
Waghäusel,/m/07kcpz,,Germany
Wagner,/m/0_pm0,,United States
Wagoner,/m/0zbmt,,United States
Wagram,/m/0ykwq,,United States
Wah Cantonment,/m/07mttv,,Pakistan
Wahkon,/m/0w7bt,,United States
Wahlstedt,/m/0ctljz,,Germany
Wahoo,/m/0x9j9,,United States
Wahpeton,/m/01_5195,,United States
Wahpeton,/m/0yqn4,,United States
Waibakul,/m/02z0y9_,,Indonesia
Waiblingen,/m/017d9m,,Germany
Waibstadt,/m/0fkt8f,,Germany
Waidhaus,/m/0h5yvq,,Germany
Waidhofen an der Ybbs,/m/0909hj,,Austria
Wainwright,/m/0qgpv,,United States
Waisai,/m/011jk4my,,Indonesia
Waischenfeld,/m/0fkt9y,,Germany
Waitakere City,/m/0341cx,,New Zealand
Waite Park,/m/0wkl8,,United States
Waitsburg,/m/010vl_,,United States
Waiwerang,/m/0h66bng,,Indonesia
Wajir,/m/0c6xqr,,Kenya
Wakayama,/m/0gp5kb,,Japan
Wake Forest,/m/0ylvy,,United States
Wake Village,/m/0_yjr,,United States
Wakefield,/m/013t2y,,United Kingdom
Wakefield,/m/013hbj,,United States
Wakefield,/m/0v66t,,United States
Wakefield,/m/0t5xt,,United States
Waku-Kungo,/m/09dlhq,,Angola
Walcott,/m/013cnm,,United States
Walcott,/m/0yqnh,,United States
Walcourt,/m/017spn,,Belgium
Waldbröl,/m/05hsvn,,Germany
Waldeck,/m/05fkky,,Germany
Waldenbuch,/m/0fktdc,,Germany
Waldenburg,/m/04pf5l,,Germany
Waldenburg,/m/04wsf2,,Germany
Waldershof,/m/0fktff,,Germany
Waldheim,/m/0fktqx,,Germany
Waldkappel,/m/0fkvct,,Germany
Waldkirch,/m/065f3c,,Germany
Waldkirchen,/m/0cfzpw,,Germany
Waldkraiburg,/m/0dkj5y,,Germany
Waldmohr,/m/0brlvh,,Germany
Waldmünchen,/m/0fkvh1,,Germany
Waldo,/m/0qsfk,,United States
Waldo,/m/0tbfm,,United States
Waldo,/m/0rhb2,,United States
Waldorf,/m/0wmh3,,United States
Waldport,/m/0zdyl,,United States
Waldron,/m/0qwzs,,United States
Waldron,/m/0t77z,,United States
Waldsassen,/m/0d43ds,,Germany
Waldshut-Tiengen,/m/0cfrcm,,Germany
Waldwisse,/m/03qf87v,,France
Wales,/m/0qgkw,,United States
Wales,/m/0ynrd,,United States
Waleska,/m/0rv0y,,United States
Walford,/m/0srrq,,United States
Walhalla,/m/0_mx5,,United States
Walhalla,/m/0yq8c,,United States
Waliso,/m/02ppffg,,Ethiopia
Walker,/m/0x0wz,,United States
Walker,/m/0v9xf,,United States
Walker,/m/0tlh2,,United States
Walker,/m/0xd14,,United States
Walker,/m/0t0t1,,United States
Walkertown,/m/0ygb2,,United States
Wall,/m/0_rx6,,United States
Wall Lake,/m/0t2y8,,United States
Walla Walla,/m/010vmb,,United States
Wallace,/m/013hxh,,United States
Wallace,/m/0tc88,,United States
Wallace,/m/0s2mb,,United States
Wallburg,/m/097w27,,United States
Walldorf,/m/03ds_2,,Germany
Walldürn,/m/0dwh7s,,Germany
Walled Lake,/m/0vm7x,,United States
Wallendorf,/m/0f5qwz,,Germany
Wallendorf-Pont,/m/0f5q_4,,Luxembourg
Wallenfels,/m/0fkvk5,,Germany
Waller,/m/013mwv,,United States
Wallers-en-Fagne,/m/03b_z_h,,France
Wallingford,/m/0sz90,,United States
Wallins Creek,/m/0tf0j,,United States
Wallis,/m/0_xs6,,United States
Wallisellen,/m/061mwt,,Switzerland
Wallowa,/m/0zg5_,,United States
Walnut,/m/0r138,,United States
Walnut,/m/0t67v,,United States
Walnut,/m/0t2nb,,United States
Walnut Cove,/m/0yl30,,United States
Walnut Creek,/m/0qyzb,,United States
Walnut Creek,/m/0ym5m,,United States
Walnut Grove,/m/0wg6f,,United States
Walnut Grove,/m/0xhd9,,United States
Walnut Ridge,/m/0qv7m,,United States
Walnut Springs,/m/0_yf9,,United States
Walsenburg,/m/0rbbm,,United States
Walsrode,/m/05cfzh,,Germany
Walstonburg,/m/0ygnw,,United States
Walterboro,/m/0_l9m,,United States
Walters,/m/0v_0s,,United States
Walters,/m/0z55n,,United States
Waltershausen,/m/05wnps,,Germany
Waltham,/m/0hz35,,United States
Waltham,/m/0w847,,United States
Walthourville,/m/0rxvt,,United States
Walton,/m/013c_v,,United States
Walton,/m/0t7b1,,United States
Waltrop,/m/0bcrc7,,Germany
Walvis Bay,/m/0bsgd,,Namibia
Wamac,/m/0s4bq,,United States
Wamego,/m/0t9n_,,United States
Wamena,/m/02z39wb,,Indonesia
Wanamingo,/m/0w01w,,United States
Wanda,/m/0wg6t,,United States
Wanda,/m/0bwhg88,,Argentina
Wandan Township,/m/08ltdn,,Taiwan
Wanfried,/m/0fkvmp,,Germany
Wang Kelian,/m/0c3zfc,,Malaysia
Wangan Township,/m/05f3y30,,Taiwan
Wangaratta,/m/027fhb,,Australia
Wangcheng,/m/0zgbfmm,,People's Republic of China
Wangen im Allgäu,/m/07p89h,,Germany
Wanggeom-seong,/m/04lg7xy,,Gojoseon
Wani,/m/026jcby,,India
Wankaner,/m/0f6pc4,,India
Wanluan Township,/m/07khf9b,,Taiwan
Wannehain,/m/03h2x_n,,France
Wanrong Township,/m/07kf3zs,,Taiwan
Wanzleben-Börde,/m/09v4h2b,,Germany
Wapakoneta,/m/0ysyr,,United States
Wapato,/m/010w6w,,United States
Wapello,/m/0t0x4,,United States
Waqooyi-Bari,/m/0gkzx4j,,Somalia
War,/m/010xt5,,United States
Warangal,/m/03xn3n,,India
Warba,/m/0w2s_,,United States
Warburg,/m/02bqbz,,Germany
Ward,/m/0qvl_,,United States
Wardell,/m/0wyyq,,United States
Warden,/m/010qqw,,United States
Wardha,/m/04bmlr,,India
Wardner,/m/0s2mp,,United States
Wards of Kyoto,/m/08kwyb,,Japan
Waregem,/m/01457f,,Belgium
Waremme,/m/017wj7,,Belgium
Waren,/m/0dklvp,,Germany
Warendorf,/m/04yfsm,,Germany
Warfield,/m/0th13,,United States
Wargnies-le-Petit,/m/03mgzs2,,France
Warin,/m/0fkvrw,,Germany
Warka,/m/042x4n,,Poland
Warm River,/m/0s1sg,,United States
Warm Springs,/m/0ry4t,,United States
Warman,/m/0gsbw8,,Canada
Warner Robins,/m/0rxd0,,United States
Warnes,/m/0b6l383,,Bolivia
Warneton,/m/03h29_3,,France
Warneton,/m/04zvynl,,Belgium
Warr Acres,/m/0z8np,,United States
Warrap,/m/056crc,,South Sudan
Warren,/m/0_fm4,,United States
Warren,/m/0qry_,,United States
Warren,/m/0863z,,United States
Warren,/m/0z2gq,,United States
Warren,/m/0w66q,,United States
Warren City,/m/013mv8,,United States
Warrensburg,/m/0wwxf,,United States
Warrensville Heights,/m/0yvvx,,United States
Warrenton,/m/0zc7h,,United States
Warrenton,/m/0ylx9,,United States
Warrenton,/m/0x0x_,,United States
Warrenton,/m/0rzvx,,United States
Warrenville,/m/0s6h6,,United States
Warri,/m/02qkbd,,Nigeria
Warrington,/m/025569,,United Kingdom
Warrior,/m/0pqjm,,United States
Warrnambool,/m/02lhrx,,Australia
Warroad,/m/0whc7,,United States
Warsaw,/m/081m_,,Poland
Warsaw,/m/0yg4y,,United States
Warsaw,/m/0s7xt,,United States
Warsaw,/m/0wsrj,,United States
Warsaw,/m/0sn0m,,United States
Warsaw,/m/0tdp2,,United States
Warson Woods,/m/0xj9v,,United States
Warstein,/m/08v1_8,,Germany
Warta,/m/0c3zyv,,Poland
Wartburg,/m/0_w70,,United States
Warwick,/m/050v0m,,United States
Warwick,/m/0_jsl,,United States
Warwick,/m/0yn0f,,United States
Warwick,/m/0r_7c,,United States
Wasco,/m/0zfqc,,United States
Wasco,/m/0q_j_,,United States
Waseca,/m/0wmhg,,United States
Washburn,/m/01mjj4,,United States
Washburn,/m/0wsj9,,United States
Washburn,/m/0ypvz,,United States
Washim,/m/04fht3,,India
Washington,/m/0_gcm,,United States
Washington,/m/0yd75,,United States
Washington,/m/0r_48,,United States
Washington,/m/0qtk5,,United States
Washington,/m/010h5m,,United States
Washington,/m/0shfd,,United States
Washington,/m/0t44w,,United States
Washington,/m/0wvld,,United States
Washington,/m/0tccq,,United States
Washington,/m/0sksk,,United States
Washington Court House,/m/016g4f,,United States
Washington Park,/m/0yd7j,,United States
Washington Terrace,/m/010hdd,,United States
"Washington, D.C.",/m/0rh6k,WAS,United States
Washoda,/m/07cm5k,,Suriname
Washougal,/m/010q6p,,United States
Washta,/m/0ss__,,United States
Washukanni,/m/047vqw7,,Turkey
Wasilków,/m/022m0l,,Poland
Wasilla,/m/01z22sn,,United States
Waskom,/m/0102vp,,United States
Wassenberg,/m/0bg103,,Germany
Wasserbillig,/m/04m0xb,,Luxembourg
Wasserbilligerbrück,/m/02891r5,,Germany
Wasserburg am Inn,/m/04b1_g,,Germany
Wassertrüdingen,/m/0fg9wl,,Germany
Wasterkingen,/m/0gn_zc,,Switzerland
Wasungen,/m/0fkw4d,,Germany
Watampone,/m/07s68nd,,Indonesia
Watansoppeng,/m/03cb3c8,,Indonesia
Watauga,/m/0109js,,United States
Watauga,/m/013lb9,,United States
Wategaon,/m/0fq12z4,,India
Water Valley,/m/0tdqv,,United States
Water Valley,/m/0xg_t,,United States
Waterbury,/m/01m23s,,United States
Waterford,/m/0n03f,,Ireland
Waterford,/m/0r7k5,,United States
Waterloo,/m/0jpkg,,Canada
Waterloo,/m/0zf21,,United States
Waterloo,/m/01mlg8,,United States
Waterloo,/m/084kf,,United States
Waterloo,/m/0sdpz,,United States
Watertown,/m/0113ys,,United States
Watertown,/m/01md04,,United States
Watertown,/m/0t_8w,,United States
Watertown,/m/0_xgt,,United States
Watertown,/m/0_ps5,,United States
Watertown,/m/0vwbn,,United States
Waterville,/m/0tqcc,,United States
Waterville,/m/0t8kt,,United States
Waterville,/m/0w4yg,,United States
Waterville,/m/0srf0,,United States
Waterville,/m/0y_2v,,United States
Watervliet,/m/0xx7c,,United States
Watervliet,/m/01_xhnb,,United States
Watford City,/m/0ypqv,,United States
Watha,/m/0yjrj,,United States
Wathena,/m/0t6g4,,United States
Watkins,/m/0w726,,United States
Watkinsville,/m/0ryhx,,United States
Watonga,/m/0z47m,,United States
Watseka,/m/0s8dm,,United States
Watson,/m/0qszj,,United States
Watson,/m/0vx55,,United States
Watsonville,/m/0r6n6,,United States
Watterson Park,/m/0tg71,,United States
Wattrelos,/m/08ry94,,France
Wau,/m/0b58cv,,South Sudan
Waubay,/m/0_p_r,,United States
Waubun,/m/0w5nh,,United States
Wauchula,/m/0rkx2,,United States
Waucoma,/m/0szdv,,United States
Waukee,/m/0sty0,,United States
Waukegan,/m/0sbbq,,United States
Waukesha,/m/01j8yr,,United States
Waukon,/m/0srfc,,United States
Waupaca,/m/01mp47,,United States
Waupun,/m/013ty1,,United States
Waurika,/m/0z6pj,,United States
Wausau,/m/029wzw,,United States
Wauseon,/m/0yx3q,,United States
Wautoma,/m/01mp83,,United States
Wauwatosa,/m/0116cv,,United States
Waveland,/m/0wq2v,,United States
Waverly,/m/0sdzx,,United States
Waverly,/m/0wx3c,,United States
Waverly,/m/0ss0p,,United States
Waverly,/m/0wnzp,,United States
Waverly,/m/0z0w0,,United States
Waverly,/m/0x810,,United States
Waverly,/m/0_vkv,,United States
Waverly,/m/0tj4l,,United States
Waverly,/m/0t60y,,United States
Wavre,/m/017qxd,,Belgium
Waxahachie,/m/0100xy,,United States
Waxhaw,/m/0ylc2,,United States
Waycross,/m/0ryp3,,United States
Wayland,/m/0wtqw,,United States
Wayland,/m/0tdmc,,United States
Wayland,/m/0s_d5,,United States
Wayland,/m/0v10y,,United States
Wayne,/m/0vryv,,United States
Wayne,/m/0xbqg,,United States
Waynesboro,/m/0mn02,,United States
Waynesboro,/m/0ws1w,,United States
Waynesboro,/m/07kmxk,,United States
Waynesboro,/m/0_x8z,,United States
Waynesville,/m/0yg_6,,United States
Waynesville,/m/0wzh_,,United States
Waynoka,/m/0zbwc,,United States
Wayzata,/m/0w1gn,,United States
Wazirabad,/m/045_8b,,Pakistan
Wazzin,/m/05my2r9,,Libya
Wałbrzych,/m/0jx3s,,Poland
Wałcz,/m/022961,,Poland
Weatherby Lake,/m/0wzc5,,United States
Weatherford,/m/0107nl,,United States
Weatherford,/m/0z5dk,,United States
Weaubleau,/m/0ww0k,,United States
Weaver,/m/0q4dt,,United States
Weaverville,/m/0ydsy,,United States
Webb,/m/0st7_,,United States
Webb City,/m/0wwmv,,United States
Webber,/m/0t7mq,,United States
Webster,/m/0yhcz,,United States
Webster,/m/0102s3,,United States
Webster,/m/0t0d7,,United States
Webster,/m/0_q02,,United States
Webster,/m/0rsf8,,United States
Webster City,/m/0sz_2,,United States
Webster Groves,/m/0x0b2,,United States
Weddington,/m/013j3b,,United States
Wedel,/m/0cpcw7,,Germany
Weed,/m/0r6_q,,United States
Weeki Wachee,/m/0rl3n,,United States
Weener,/m/016b53,,Germany
Weeping Water,/m/0x566,,United States
Weesp,/m/0w12h,,Netherlands
Wegberg,/m/07yfbz,,Germany
Wegeleben,/m/0cz1hx,,Germany
Wehr,/m/0dq69k,,Germany
Weida,/m/0fkw8_,,Germany
Weiden in der Oberpfalz,/m/04kl5g,,Germany
Weifang,/m/02wmnj,,People's Republic of China
Weihai,/m/04lghr,,People's Republic of China
Weikersheim,/m/0fkwfm,,Germany
Weil am Rhein,/m/07ytzm,,Germany
Weil der Stadt,/m/03h7l6,,Germany
Weilburg,/m/085n48,,Germany
Weilheim an der Teck,/m/0fkwkx,,Germany
Weilheim in Oberbayern,/m/07wymz,,Germany
Weimar,/m/0cpyv,,Germany
Weimar,/m/0__hf,,United States
Weinan,/m/02675pv,,People's Republic of China
Weiner,/m/0qwfz,,United States
Weinert,/m/0102y2,,United States
Weinfelden,/m/0bx7m7,,Switzerland
Weingarten,/m/0297r0,,Germany
Weinheim,/m/06r20k,,Germany
Weinsberg,/m/067q3k,,Germany
Weinstadt,/m/0dkfz9,,Germany
Weippe,/m/0s1k7,,United States
Weir,/m/0t5sp,,United States
Weir,/m/010c4w,,United States
Weirton,/m/013nrc,,United States
Weiser,/m/0s2tk,,United States
Weismain,/m/0fkwq1,,Germany
Weiterstadt,/m/0dkk03,,Germany
Weitra,/m/02qv9d7,,Austria
Weißenberg,/m/0fkwrt,,Germany
Weißenburg in Bayern,/m/06b3rd,,Germany
Weißenfels,/m/04l7x5,,Germany
Weißenhorn,/m/08z55f,,Germany
Weißensee,/m/0fkxdd,,Germany
Weißenthurm,/m/0bsjlt,,Germany
Weißwasser,/m/07t6zf,,Germany
Wejherowo,/m/01zkv4,,Poland
Welch,/m/010xtj,,United States
Welcome,/m/0w6kq,,United States
Weldiya,/m/04jp0x,,Ethiopia
Weldon,/m/0ygwd,,United States
Weldon,/m/0sv2j,,United States
Weldon Spring,/m/0w_8r,,United States
Welenchiti,/m/03cz8y3,,Ethiopia
Welkite,/m/02z6mbk,,Ethiopia
Welland,/m/01kqyb,,Canada
Wellford,/m/0_nj4,,United States
Wellington,/m/0853g,,New Zealand
Wellington,/m/010dnx,,United States
Wellington,/m/01_1mqq,,United States
Wellington,/m/0__gd,,United States
Wellington,/m/0wx3q,,United States
Wellington,/m/0tc2s,,United States
Wellington,/m/0tg7d,,United States
Wellman,/m/0t456,,United States
Wellman,/m/0109qp,,United States
Wells,/m/0fl09,,United Kingdom
Wells,/m/0v_13,,United States
Wells,/m/0xcz0,,United States
Wellsburg,/m/0lxf0,,United States
Wellsburg,/m/0szv8,,United States
Wellston,/m/0x0bf,,United States
Wellston,/m/0yyz1,,United States
Wellsville,/m/010dlb,,United States
Wellsville,/m/0wy41,,United States
Wellsville,/m/0t6w6,,United States
Wels,/m/01jqp5,,Austria
Welthauptstadt Germania,/m/02kpzc,,Germany
Welthauptstadt Germania,/m/02kpzc,,Nazi Germany
Welton,/m/0stl_,,United States
Welzheim,/m/0dyhn2,,Germany
Welzow,/m/0flgnx,,Germany
Wemding,/m/0by8g8,,Germany
Wenatchee,/m/010pv5,,United States
Wendell,/m/0ylw8,,United States
Wendell,/m/0s1v6,,United States
Wendell,/m/0w0q4,,United States
Wendlingen am Neckar,/m/0dpb18,,Germany
Wendover,/m/010gjt,,United States
Wenling,/m/04mxsg9,,People's Republic of China
Wenona,/m/0scrn,,United States
Wentworth,/m/0ykcx,,United States
Wentzville,/m/0w_9f,,United States
Wenzhou,/m/02fq6p,,People's Republic of China
Werben,/m/0d4tfc,,Germany
Werchrata,/m/04jj6gk,,Poland
Werdau,/m/085n6b,,Germany
Werder (Havel),/m/0cbm8y,,Germany
Werdohl,/m/03p_m3,,Germany
Were Ilu,/m/03h4rhm,,Ethiopia
Wereta,/m/03c_mr7,,Ethiopia
Werl,/m/04sk8r,,Germany
Werlte,/m/02rx_qb,,Germany
Wermelskirchen,/m/085p16,,Germany
Wernau,/m/0dthcn,,Germany
Werne,/m/05w7wg,,Germany
Werneuchen,/m/0664tj,,Germany
Wernigerode,/m/0855q,,Germany
Wertheim,/m/05ly69,,Germany
Werther,/m/0bfq66,,Germany
Wertingen,/m/0flh56,,Germany
Wervicq-Sud,/m/028b6v9,,France
Wervik,/m/0145_m,,Belgium
Wesel,/m/02mjyg,,Germany
Wesenberg,/m/0flh91,,Germany
Weslaco,/m/0103ts,,United States
Wesley,/m/0t0j0,,United States
Wesley Chapel,/m/0ylcf,,United States
Wesoła,/m/0cmjtf,,Poland
Wesselburen,/m/0cmlzw,,Germany
Wesseling,/m/090z8n,,Germany
Wessington,/m/013l4t,,United States
Wessington Springs,/m/0_qzl,,United States
West,/m/0106f8,,United States
West Allis,/m/0116d5,,United States
West Alton,/m/0w_9s,,United States
West Bend,/m/01mnyb,,United States
West Bend,/m/013clx,,United States
West Bountiful,/m/021d29s,,United States
West Branch,/m/0sst2,,United States
West Branch,/m/0vmp_,,United States
West Bromwich,/m/01n244,,United Kingdom
West Buechel,/m/0tg7r,,United States
West Burlington,/m/0sv80,,United States
West Carrollton,/m/0z02v,,United States
West Chester,/m/0t45k,,United States
West Chicago,/m/0s6hx,,United States
West Columbia,/m/0_ysv,,United States
West Columbia,/m/0_mlx,,United States
West Concord,/m/0vzdr,,United States
West Covina,/m/0r154,,United States
West Des Moines,/m/0styc,,United States
West Fargo,/m/0ynlx,,United States
West Fork,/m/0qxkt,,United States
West Frankfort,/m/0s73x,,United States
West Haven,/m/01m247,,United States
West Haven,/m/021d2bj,,United States
West Hollywood,/m/0r15k,,United States
West Jefferson,/m/0yd1p,,United States
West Jordan,/m/010fwb,,United States
West Kelowna,/m/03h0g6t,,Canada
West Lafayette,/m/0sqd0,,United States
West Lake Hills,/m/010b13,,United States
West Liberty,/m/0t1w7,,United States
West Liberty,/m/0thcg,,United States
West Linn,/m/0zc5q,,United States
West Melbourne,/m/0rhv7,,United States
West Memphis,/m/0qstp,,United States
West Miami,/m/0rn_w,,United States
West Mineral,/m/0t5t0,,United States
West Monroe,/m/0tlrq,,United States
West Okoboji,/m/0svcg,,United States
West Orange,/m/0107gr,,United States
West Palm Beach,/m/0rql_,,United States
West Park,/m/07mnky,,United States
West Peoria,/m/0sfcg,,United States
West Plains,/m/0ww6f,,United States
West Point,/m/010dvr,,United States
West Point,/m/0x5v7,,United States
West Point,/m/0t0m3,,United States
West Point,/m/0wpt5,,United States
West Point,/m/0tdys,,United States
West Point,/m/0rx6w,,United States
West Richland,/m/010pr7,,United States
West Sabu,/m/0n46tgc,,Indonesia
West Sacramento,/m/0r8d1,,United States
West Springfield,/m/01m2m0,,United States
West St. Paul,/m/0vz77,,United States
West Tawakoni,/m/0104cw,,United States
West Union,/m/0szf5,,United States
West Union,/m/0wlmz,,United States
West University Place,/m/0102sg,,United States
West Valley City,/m/010fwq,,United States
West Wendover,/m/0xc_1,,United States
Westboro,/m/0wsbt,,United States
Westbrook,/m/0tpkw,,United States
Westbrook,/m/0106ls,,United States
Westbrook,/m/0vyd1,,United States
Westby,/m/011c5q,,United States
Westerburg,/m/01h8jb,,Germany
Westerstede,/m/0c0_ns,,Germany
Westerville,/m/013jmg,,United States
Westfield,/m/0slyq,,United States
Westfield,/m/0tzqk,,United States
Westfield,/m/0t29b,,United States
Westfir,/m/0zdvr,,United States
Westgate,/m/0szfj,,United States
Westhope,/m/0yn50,,United States
Westlake,/m/0yvw7,,United States
Westlake,/m/013mhz,,United States
Westlake,/m/0tk1x,,United States
Westlake Village,/m/01zsc96,,United States
Westland,/m/0vrz5,,United States
Westminster,/m/0r8p5,,United States
Westminster,/m/0tv6n,,United States
Westminster,/m/0r2r5,,United States
Westminster,/m/0_mxw,,United States
Westmoreland,/m/0t9pb,,United States
Westmorland,/m/0qztl,,United States
Weston,/m/0zg1w,,United States
Weston,/m/0wzcj,,United States
Weston,/m/01_1q6c,,United States
Weston,/m/0s1pq,,United States
Weston,/m/0__f0,,United States
Weston,/m/010x8v,,United States
Weston Lakes,/m/047fdzd,,United States
Westover,/m/04jnr6c,,United States
Westover,/m/010y3w,,United States
Westphalia,/m/0t513,,United States
Westphalia,/m/0t35x,,United States
Westphalia,/m/0wys6,,United States
Westport,/m/0wfh9,,United States
Westport,/m/010r07,,United States
Westside,/m/0strg,,United States
Westwego,/m/0tl3_,,United States
Westwood,/m/0s_dj,,United States
Westwood,/m/0tg82,,United States
Westwood,/m/0t7tn,,United States
Westwood Hills,/m/0t7t_,,United States
Westworth Village,/m/0109kv,,United States
Wetaskiwin,/m/02tvyv,,Canada
Wethersfield,/m/01m210,,United States
Wetmore,/m/0t91_,,United States
Wetter,/m/08tk2w,,Germany
Wetter,/m/02fnqs,,Germany
Wettin-Löbejün,/m/0g5r97l,,Germany
Wettingen,/m/08ld9v,,Switzerland
Wetumka,/m/0z6hp,,United States
Wetumpka,/m/0q718,,United States
Wetzikon,/m/06w8pn,,Switzerland
Wetzlar,/m/019j3z,,Germany
Wewahitchka,/m/0rkvc,,United States
Wewoka,/m/0z9ym,,United States
Weyauwega,/m/01mp4y,,United States
Weyburn,/m/01d2f3,,Canada
Weymouth,/m/01m2sc,,United States
Whalan,/m/0v_fv,,United States
Whale Pass,/m/0qg_m,,United States
Whanganui,/m/01z9z1,,New Zealand
Whangārei,/m/01z7j0,,New Zealand
Wharton,/m/010btr,,United States
What Cheer,/m/0t0dl,,United States
Wheat Ridge,/m/0rbhj,,United States
Wheatcroft,/m/0tj9r,,United States
Wheatland,/m/0ww0x,,United States
Wheatland,/m/0stmb,,United States
Wheatland,/m/0r8gn,,United States
Wheatley,/m/0qx9v,,United States
Wheaton,/m/0s6jm,,United States
Wheaton,/m/0t9pp,,United States
Wheaton,/m/0wsjn,,United States
Wheaton,/m/0wlvv,,United States
Wheeler,/m/0zfwm,,United States
Wheeler,/m/010bvs,,United States
Wheeling,/m/013nty,,United States
Wheeling,/m/0wxk3,,United States
Wheelwright,/m/0tdmq,,United States
Whigham,/m/0rwtq,,United States
Whispering Pines,/m/0yj1l,,United States
Whitakers,/m/013hzc,,United States
Whitburn,/m/077f3f,,United Kingdom
White,/m/0rt5z,,United States
White,/m/0_p8n,,United States
White Bear Lake,/m/013g17,,United States
White Bird,/m/0s1xz,,United States
White City,/m/010fx2,,United States
White City,/m/0t8z5,,United States
White Cloud,/m/0vg5r,,United States
White Cloud,/m/0t6gh,,United States
White Earth,/m/0yq1v,,United States
White Hall,/m/0qt_q,,United States
White Hall,/m/0s7jq,,United States
White House,/m/013lr9,,United States
White Lake,/m/0ydfc,,United States
White Lake,/m/0_p12,,United States
White Mountain,/m/0qgl6,,United States
White Oak,/m/0219jhk,,United States
White Plains,/m/0ycht,,United States
White Plains,/m/0tf7s,,United States
White Plains,/m/0rww2,,United States
White River,/m/0_rjh,,United States
White Rock,/m/0367pf,,Canada
White Salmon,/m/010s6d,,United States
White Settlement,/m/0109l5,,United States
White Sulphur Springs,/m/0x2zq,,United States
White Sulphur Springs,/m/021l2l9,,United States
Whitefield,/m/02_rc8,,India
Whitefish,/m/0x1x6,,United States
Whitehall,/m/011byt,,United States
Whitehall,/m/0yx0y,,United States
Whitehall,/m/0vfxt,,United States
Whitehorse,/m/081s7,,Canada
Whitehouse,/m/0108xy,,United States
Whitesboro,/m/0101_s,,United States
Whitesburg,/m/0tgrd,,United States
Whitesville,/m/0tdj8,,United States
Whiteville,/m/0yfp2,,United States
Whitewater,/m/013tyd,,United States
Whitewater,/m/0t5lg,,United States
Whitewood,/m/0_r5h,,United States
Whithorn,/m/022ypb,,United Kingdom
Whiting,/m/0t7gj,,United States
Whiting,/m/0t1pq,,United States
Whiting,/m/0sn8y,,United States
Whitsett,/m/0ygrz,,United States
Whittemore,/m/0t0jc,,United States
Whittemore,/m/0v8hz,,United States
Whitten,/m/0s_5_,,United States
Whittier,/m/0r172,,United States
Whittier,/m/01z23nx,,United States
Whitwell,/m/0_vzf,,United States
Whyalla,/m/01n6nx,,Australia
Wiang Chiang Khong,/m/0crvln,,Thailand
Wichita,/m/0tbql,,United States
Wichita Falls,/m/010bxh,,United States
Wick,/m/04txt5,,United Kingdom
Wickliffe,/m/0yzf0,,United States
Wickliffe,/m/0tcm0,,United States
Widdern,/m/0flhj1,,Germany
Wiederkehr Village,/m/0txhw,,United States
Wiehe,/m/0flhlv,,Germany
Wiehl,/m/05gq5m,,Germany
Wieleń,/m/0288bwj,,Poland
Wielichowo,/m/0288b33,,Poland
Wieliczka,/m/0140sc,,Poland
Wieluń,/m/0228n9,,Poland
Wiener Neustadt,/m/03_sg1,,Austria
Wieruszów,/m/09jb6n,,Poland
Wiesbaden,/m/0bp_7,,Germany
Wiesensteig,/m/0flhpz,,Germany
Wiesloch,/m/05rph1,,Germany
Wiesmoor,/m/063twy,,Germany
Wigan,/m/0gyvgw,,United Kingdom
Wiggins,/m/0wrq3,,United States
Wigtown,/m/011w6y,,United Kingdom
Wil,/m/06txlk,,Switzerland
Wil,/m/0gwfqq,,Switzerland
Wilamowice,/m/022m65,,Poland
Wilber,/m/0x98_,,United States
Wilburton,/m/0z6zv,,United States
Wilchingen,/m/0fvtq9,,Switzerland
Wildau,/m/0f6f3f,,Germany
Wildberg,/m/07k38t,,Germany
Wilde,/m/03hmgxk,,Argentina
Wildemann,/m/0cmzb1,,Germany
Wildenfels,/m/0flhsf,,Germany
Wilder,/m/0td74,,United States
Wilder,/m/0s1df,,United States
Wilder,/m/0w32_,,United States
Wildeshausen,/m/01tqqt,,Germany
Wildomar,/m/0r3_9,,United States
Wildrose,/m/0ysbq,,United States
Wildwood,/m/0xm82,,United States
Wildwood,/m/01__tw7,,United States
Wildwood,/m/0rsgc,,United States
Wildwood,/m/0tg8s,,United States
Wilhelmshaven,/m/012t0z,,Germany
Wilkau-Haßlau,/m/0dvp66,,Germany
Wilkes-Barre,/m/0h778,,United States
Wilkesboro,/m/0ymj_,,United States
Willacoochee,/m/0rsy_,,United States
Willamina,/m/013klk,,United States
Willard,/m/010d9w,,United States
Willard,/m/0xhdn,,United States
Willard,/m/0yyxn,,United States
Willard,/m/013c_3,,United States
Willcox,/m/0qnw7,,United States
Willebadessen,/m/08kzw4,,Germany
Willems,/m/03h2xzm,,France
Willemstad,/m/01szbv,,Curaçao
Willemstad,/m/02pj_c7,,Netherlands
Willernie,/m/0wmvh,,United States
Willey,/m/0ssml,,United States
William C. Morris,/m/05f3370,,Argentina
Williams,/m/0qp23,,United States
Williams,/m/0sz_f,,United States
Williams,/m/0w4q7,,United States
Williams,/m/0qyhv,,United States
Williams Lake,/m/051m3f,,Canada
Williamsburg,/m/0mm_4,,United States
Williamsburg,/m/0tjb2,,United States
Williamsburg,/m/0s_pg,,United States
Williamsburg,/m/0t6wk,,United States
Williamson,/m/0ryqv,,United States
Williamson,/m/0t0yw,,United States
Williamson,/m/010y12,,United States
Williamsport,/m/0_565,,United States
Williamston,/m/0yhsz,,United States
Williamston,/m/0v826,,United States
Williamstown,/m/013d1x,,United States
Williamstown,/m/010z6p,,United States
Willich,/m/02mtvm,,Germany
Williers,/m/03m8hxz,,France
Willis,/m/0t5fx,,United States
Willis,/m/0106tq,,United States
Willisburg,/m/0tj7b,,United States
Williston,/m/0rms6,,United States
Williston,/m/0_trm,,United States
Williston,/m/0ysc1,,United States
Willits,/m/0r1rn,,United States
Willmar,/m/0w3px,,United States
Willoughby,/m/0yzfc,,United States
Willoughby Hills,/m/0yzfq,,United States
Willow City,/m/0yn5c,,United States
Willow Lake,/m/0_ppf,,United States
Willow Park,/m/0107ny,,United States
Willow River,/m/0wd4k,,United States
Willow Springs,/m/0ww6s,,United States
Willowbrook,/m/0t9zq,,United States
Willowick,/m/0yzg1,,United States
Willows,/m/0qzg0,,United States
Wills Point,/m/010bcv,,United States
Willtown Bluff,/m/06_l4gd,,United States
Wilmar,/m/0qs_l,,United States
Wilmer,/m/0__y0,,United States
Wilmington,/m/0yj9v,,United States
Wilmington,/m/0rgxp,,United States
Wilmington,/m/011m7f,,United States
Wilmington,/m/0ytzj,,United States
Wilmont,/m/0w8z0,,United States
Wilmore,/m/0t61z,,United States
Wilmore,/m/0tgbw,,United States
Wilmot,/m/0qrg8,,United States
Wilmot,/m/0_s21,,United States
Wilsdruff,/m/05__s9,,Germany
Wilsey,/m/0t8zj,,United States
Wilson,/m/0ymmd,,United States
Wilson,/m/0z4p0,,United States
Wilson,/m/0t6q6,,United States
Wilson,/m/010608,,United States
Wilson's Mills,/m/0yhhd,,United States
Wilsonville,/m/013kjs,,United States
Wilster,/m/0cfspy,,Germany
Wilthen,/m/0flhvy,,Germany
Wilton,/m/0vtwr,,United States
Wilton,/m/0qvd2,,United States
Wilton,/m/0sstf,,United States
Wilton,/m/013j5d,,United States
Wilton Manors,/m/0rjqp,,United States
Wilusa,/m/040ywc,,Turkey
Wimberley,/m/0219pty,,United States
Wimbledon,/m/0ymxy,,United States
Winchester,/m/0bwtj,,United Kingdom
Winchester,/m/0mmzt,,United States
Winchester,/m/0qs_y,,United States
Winchester,/m/0tdfv,,United States
Winchester,/m/0sgph,,United States
Winchester,/m/0spsb,,United States
Winchester,/m/0s29b,,United States
Winchester,/m/01__tx5,,United States
Winchester,/m/0_tvd,,United States
Winchester,/m/0t7k9,,United States
Windcrest,/m/0_yb6,,United States
Winder,/m/0rt3h,,United States
Windham,/m/0rgc2,,United States
Windhoek,/m/0ftq7,,Namibia
Windischeschenbach,/m/0flh_g,,Germany
Windom,/m/0vydr,,United States
Windom,/m/0t8nk,,United States
Window Rock,/m/0qnqq,,United States
Windsbach,/m/0flj16,,Germany
Windsor,/m/0843m,,Canada
Windsor,/m/0rdsd,,United States
Windsor,/m/0ydb8,,United States
Windsor,/m/013h10,,United States
Windsor Heights,/m/01_5418,,United States
Windy Hills,/m/0tg93,,United States
Winfall,/m/0yjs6,,United States
Winfield,/m/0q79r,,United States
Winfield,/m/0t64c,,United States
Winfield,/m/0109t2,,United States
Winfield,/m/0s_dw,,United States
Winfield,/m/0wxd_,,United States
Wing,/m/0ynb5,,United States
Wingate,/m/0ylcs,,United States
Winger,/m/0wf4j,,United States
Wingo,/m/0tdr5,,United States
Wink,/m/010c6y,,United States
Winkler,/m/04r3lf,,Canada
Winlock,/m/010sb7,,United States
Winneba,/m/054mr9,,Ghana
Winnebago,/m/0v_1g,,United States
Winnemucca,/m/0xd0s,,United States
Winnenden,/m/0djqlf,,Germany
Winner,/m/0_sg4,,United States
Winnezeele,/m/03qflm9,,France
Winnfield,/m/0tnhq,,United States
Winnipeg,/m/0pmq2,,Canada
Winnsboro,/m/013mpn,,United States
Winnsboro,/m/0tkmf,,United States
Winona,/m/086s5,,United States
Winona,/m/0wnnz,,United States
Winona,/m/0w_37,,United States
Winona,/m/0108y8,,United States
Winona,/m/0t87f,,United States
Winooski,/m/010j7t,,United States
Winschoten,/m/0v6h8,,Netherlands
Winsen,/m/0c722w,,Germany
Winslow,/m/0qq6t,,United States
Winslow,/m/0qxl4,,United States
Winsted,/m/0w6t8,,United States
Winston,/m/0zcsm,,United States
Winston-Salem,/m/0ygbf,,United States
Winter Garden,/m/01_1qwr,,United States
Winter Haven,/m/0rrm3,,United States
Winter Park,/m/0rpwp,,United States
Winter Springs,/m/01_1rzd,,United States
Winterberg,/m/019799,,Germany
Winters,/m/01089y,,United States
Winters,/m/0gjck,,United States
Winterset,/m/0t130,,United States
Winterthur,/m/02h_9x,,Switzerland
Winterville,/m/0yjwn,,United States
Winterville,/m/0x5_1,,United States
Winthrop,/m/01m2td,,United States
Winthrop,/m/0ss43,,United States
Winthrop,/m/0qvdf,,United States
Winthrop,/m/0whzw,,United States
Winton,/m/0yh5f,,United States
Winton,/m/0wk0d,,United States
Wiota,/m/0ssqb,,United States
Wipperfürth,/m/05nqc4,,Germany
Wirges,/m/0bzq_d,,Germany
Wiryeseong,/m/03npr0,,Baekje
Wisconsin Dells,/m/0pk05,,United States
Wisconsin Rapids,/m/011dzw,,United States
Wishek,/m/0ypmf,,United States
Wiskitki,/m/04y8svr,,Poland
Wismar,/m/0js23,,Germany
Wisner,/m/0x5vl,,United States
Wissembourg,/m/0162xs,,France
Wissen,/m/0bnwf_,,Germany
Wisła,/m/022m5s,,Poland
Witkowo,/m/026p6n3,,Poland
Witt,/m/0sdwt,,United States
Witten,/m/01l247,,Germany
Wittenberge,/m/043qgj,,Germany
Wittenburg,/m/01ct1t,,Germany
Wittichenau,/m/0flj7f,,Germany
Wittingen,/m/0c66wv,,Germany
Wittlich,/m/0bqjry,,Germany
Wittmund,/m/04rrlp,,Germany
Wittstock/Dosse,/m/0dmfl9,,Germany
Witzenhausen,/m/04d7yz,,Germany
Wixom,/m/0vm8y,,United States
Wixon Valley,/m/0_yvk,,United States
Więcbork,/m/08962p,,Poland
Wiślica,/m/062v4t,,Poland
Wleń,/m/0894bx,,Poland
Woburn,/m/0t_bm,,United States
Woden,/m/0s_26,,United States
Wodonga,/m/0g394,,Australia
Wodzisław Śląski,/m/022bwx,,Poland
Woha,/m/07k86xd,,Indonesia
Wohlen,/m/0fr0wl,,Switzerland
Wojcieszów,/m/02plskn,,Poland
Wojkowice,/m/028bsq_,,Poland
Wojnicz,/m/0fmp51,,Poland
Wolaita Sodo,/m/07g8dv,,Ethiopia
Wolbrom,/m/0284brg,,Poland
Wolbórz,/m/04jdj3t,,Poland
Woldegk,/m/0flj9j,,Germany
Wolf Lake,/m/0vt9h,,United States
Wolf Point,/m/0x3n0,,United States
Wolfach,/m/057cz7,,Germany
Wolfe City,/m/0219r65,,United States
Wolfenbüttel,/m/014660,,Germany
Wolfforth,/m/0105_7,,United States
Wolfhagen,/m/0dq5pt,,Germany
Wolford,/m/0yq9d,,United States
Wolframs-Eschenbach,/m/0fljl4,,Germany
Wolfratshausen,/m/0554sg,,Germany
Wolfsburg,/m/013bkr,,Germany
Wolfstein,/m/0brl_l,,Germany
Wolgast,/m/05z67t,,Germany
Wolin,/m/0d5gy6,,Poland
Wolkenstein,/m/0flkll,,Germany
Wollongong,/m/01j12w,,Australia
Wolmirstedt,/m/06j798,,Germany
Wolsztyn,/m/02xxwz,,Poland
Wolverhampton,/m/0k5p1,,United Kingdom
Wolverton,/m/0wnb_,,United States
Wondo Genet,/m/06tmw9,,Ethiopia
Wonju,/m/022yh0,,South Korea
Wonosari,/m/0rf9bkf,,Indonesia
Wonsan,/m/02ltwv,,North Korea
Wood Dale,/m/0s6kp,,United States
Wood Heights,/m/0wzs7,,United States
Wood Lake,/m/0wp8n,,United States
Wood River,/m/0scj2,,United States
Wood River,/m/02061wt,,United States
Wood Village,/m/0zfl7,,United States
Woodbine,/m/0rtm4,,United States
Woodbine,/m/0t6cr,,United States
Woodbine,/m/0s_9f,,United States
Woodbranch,/m/0106v1,,United States
Woodburn,/m/0zfg2,,United States
Woodburn,/m/0st4k,,United States
Woodburn,/m/0tj69,,United States
Woodburn,/m/0sj_q,,United States
Woodbury,/m/0xn49,,United States
Woodbury,/m/0wmvv,,United States
Woodbury,/m/0ry54,,United States
Woodbury,/m/0td0l,,United States
Woodcreek,/m/0102_h,,United States
Woodfin,/m/0ydt8,,United States
Woodhaven,/m/0vrzj,,United States
Woodinville,/m/010rtw,,United States
Woodlake,/m/0r80_,,United States
Woodland,/m/0yjgh,,United States
Woodland,/m/0w1g_,,United States
Woodland,/m/013nms,,United States
Woodland,/m/0r8df,,United States
Woodland,/m/0rz5f,,United States
Woodland Hills,/m/010gyx,,United States
Woodland Hills,/m/0tg9g,,United States
Woodland Mills,/m/0_wb7,,United States
Woodland Park,/m/0rcvb,,United States
Woodlands,/m/03sth2,,Singapore
Woodlawn,/m/0td7h,,United States
Woodlawn Park,/m/0tg9t,,United States
Woodruff,/m/0_njh,,United States
Woods Cross,/m/021d5v_,,United States
Woodson Terrace,/m/0x0d4,,United States
Woodstock,/m/01gc93,,Canada
Woodstock,/m/0sd6g,,United States
Woodstock,/m/0wdd3,,United States
Woodstock,/m/0rv18,,United States
Woodston,/m/0tb7q,,United States
Woodville,/m/0rwwg,,United States
Woodward,/m/0zby2,,United States
Woodward,/m/0styq,,United States
Woodway,/m/010v2c,,United States
Woodway,/m/0106fm,,United States
Woodworth,/m/0yrr8,,United States
Woolstock,/m/0t4wm,,United States
Woonsocket,/m/0_k1c,,United States
Woonsocket,/m/0_s32,,United States
Wooster,/m/0z38m,,United States
Worabe,/m/03gvnmm,,Ethiopia
Worcester,/m/0g0rp,,United Kingdom
Worcester,/m/0pc7r,,United States
Worland,/m/011h0f,,United States
Worley,/m/0s24j,,United States
Worms,/m/085mn,,Germany
Worthing,/m/0_r7x,,United States
Worthington,/m/0tdv_,,United States
Worthington,/m/0xf72,,United States
Worthington,/m/0yx18,,United States
Worthington,/m/0sz6z,,United States
Worthington Hills,/m/0tgb4,,United States
Worthville,/m/0td9z,,United States
Wołczyn,/m/04whdm,,Poland
Wołomin,/m/022b2_,,Poland
Wołów,/m/03567w,,Poland
Woźniki,/m/02pl8k6,,Poland
Wrangell,/m/01z23rx,,United States
Wray,/m/0rd4g,,United States
Wrens,/m/0rxl6,,United States
Wrenshall,/m/0vw3r,,United States
Wrexham,/m/01z2sn,,United Kingdom
Wrexham County Borough,/m/02__81,,United Kingdom
Wriezen,/m/0fll1w,,Germany
Wright,/m/0vw4f,,United States
Wright City,/m/0x0yb,,United States
Wrightsville,/m/0qwt6,,United States
Wrightsville,/m/0rxm7,,United States
Wrightsville Beach,/m/0yjbm,,United States
Wrocław,/m/0845b,,Poland
Wronki,/m/02xx_7,,Poland
Września,/m/02290k,,Poland
Wuchale,/m/07nvhp,,Ethiopia
Wufeng Township,/m/07k5kp4,,Taiwan
Wuhai,/m/05kc57,,People's Republic of China
Wuhan,/m/0l3cy,,People's Republic of China
Wuhu,/m/06z9lq,,People's Republic of China
Wujie Township,/m/0563jn,,Taiwan
Wukro,/m/02z2sr6,,Ethiopia
Wum,/m/082fwy,,Cameroon
Wunsiedel,/m/04h798,,Germany
Wunstorf,/m/0cmh06,,Germany
Wunstorf,/m/0cmh06,,Electorate of Hanover
Wuntho,/m/09ndhj,,Myanmar
Wuppertal,/m/0d3ff,,Germany
Wuqiu Township,/m/05f35j,,Taiwan
Wurtland,/m/0tdwb,,United States
Wurzbach,/m/0fj9fh,,Germany
Wurzen,/m/085ncm,,Germany
Wustrow,/m/0c8stq,,Germany
Wutai Township,/m/07k7g2z,,Taiwan
Wuwei,/m/0bjn77,,People's Republic of China
Wuxi,/m/027661,,People's Republic of China
Wuzhong,/m/06j6zq,,People's Republic of China
Wuzhou,/m/06m2f_,,People's Republic of China
Wyaconda,/m/0wtr6,,United States
Wyandotte,/m/0mb3j,,United States
Wyatt,/m/0wxyv,,United States
Wyk auf Föhr,/m/0cm_y8,,Germany
Wykoff,/m/0v_g5,,United States
Wylie,/m/013m72,,United States
Wymore,/m/0x6x0,,United States
Wyndmere,/m/0yqnv,,United States
Wynne,/m/0qsw2,,United States
Wynnewood,/m/0z605,,United States
Wyoming,/m/0vxcq,,United States
Wyoming,/m/0sh3s,,United States
Wyoming,/m/0v9xs,,United States
Wyoming,/m/0yy6k,,United States
Wyoming,/m/0t072,,United States
Wyrzysk,/m/03cpqg,,Poland
Wysoka,/m/0288bhv,,Poland
Wysokie Mazowieckie,/m/09w3b1,,Poland
Wyszków,/m/022977,,Poland
Wyszogród,/m/03wgsr,,Poland
Wyśmierzyce,/m/02plw_p,,Poland
Wächtersbach,/m/0cf4_8,,Germany
Wädenswil,/m/0gtt99,,Switzerland
Wörrstadt,/m/0bp5qr,,Germany
Wörth am Main,/m/0flkzq,,Germany
Wörth am Rhein,/m/0br5_z,,Germany
Wörth an der Donau,/m/0flkrt,,Germany
Wülfrath,/m/03ytdy,,Germany
Würselen,/m/06gfmj,,Germany
Würzburg,/m/01pqfc,,Germany
Wąchock,/m/08q064,,Poland
Wągrowiec,/m/02295p,,Poland
Węgliniec,/m/02pjjy7,,Poland
Węgorzewo,/m/06ct3f,,Poland
Węgorzyno,/m/027583r,,Poland
Węgrów,/m/03b8dw,,Poland
Władysławowo,/m/01zkvx,,Poland
Włocławek,/m/0gbmj,,Poland
Włodawa,/m/02_133,,Poland
Włoszczowa,/m/0c15l1,,Poland
Xai-Xai,/m/06frxw,,Mozambique
Xalapa,/m/0146ry,,Mexico
Xaltocan,/m/02r17zq,,Mexico
Xanadu,/m/0190gf,,People's Republic of China
Xangongo,/m/0c723n,,Angola
Xanten,/m/03qp97,,Germany
Xanthi,/m/02c9wr,,Greece
Xanthos,/m/0kmfs,,Turkey
Xapuri,/m/026bffh,,Brazil
Xenia,/m/0yxdf,,United States
Xi'an,/m/0kzd9,,People's Republic of China
Xiadu,/m/0g71_p,,People's Republic of China
Xiamen,/m/0126c3,,People's Republic of China
Xiangtan,/m/03p5ns,,People's Republic of China
Xiangyang,/m/08d3b1,,People's Republic of China
Xianning,/m/0bx0yx,,People's Republic of China
Xianxi Township,/m/07k3xyk,,Taiwan
Xianyang,/m/05947n,,People's Republic of China
Xiaogan,/m/063mlz,,People's Republic of China
Xiaoshangqiao,/m/02qx6km,,People's Republic of China
Xiguan,/m/0gwyp1d,,People's Republic of China
Xihu Township,/m/03cp3n3,,Taiwan
Xihu Township,/m/0640sfz,,Taiwan
Xikou Township,/m/07k6lxy,,Taiwan
Xincheng Township,/m/05q5_88,,Taiwan
Xinfeng Township,/m/04n6djb,,Taiwan
Xingang Township,/m/07k6x41,,Taiwan
Xingning,/m/03pmfh,,People's Republic of China
Xingtai,/m/07thz1,,People's Republic of China
Xining,/m/02j8c4,,People's Republic of China
Xinpu Township,/m/06w62k3,,Taiwan
Xinxiang,/m/032n1f,,People's Republic of China
Xinyang,/m/086kwf,,People's Republic of China
Xinyu,/m/0bc4w4,,People's Republic of China
Xinzhou,/m/0h5svd,,People's Republic of China
Xiulin Township,/m/05q4p94,,Taiwan
Xiyu Township,/m/07kclh4,,Taiwan
Xonobod,/m/011f3qvz,,Uzbekistan
Xuancheng,/m/0604jn,,People's Republic of China
Xuchang,/m/03xm0p,,People's Republic of China
Xuzhou,/m/03q_m_,,People's Republic of China
Ya'an,/m/061x67,,People's Republic of China
Ya'bad,/m/03cb8f7,,Palestine
Yabassi,/m/09k75fz,,Cameroon
Yabrud,/m/02qfsd4,,Syria
Yachats,/m/0zdyy,,United States
Yachiyo,/m/01wj3b,,Japan
Yacuiba,/m/02pjssd,,Bolivia
Yadkinville,/m/0ymq7,,United States
Yadrin,/m/027_wf7,,Russia
Yafa,/m/05fc61y,,Yemen
Yafran,/m/0262x0r,,Libya
Yagoua,/m/064pwbt,,Cameroon
Yaguachi Nuevo,/m/03qp23f,,Ecuador
Yaguarón,/m/076nb5,,Paraguay
Yaguarú,/m/0b6l8qf,,Bolivia
Yahotyn,/m/0gt4cs,,Ukraine
Yaizu,/m/01wlgz,,Japan
Yakima,/m/0kf9p,,United States
Yako,/m/04xzbg,,Burkina Faso
Yakutat,/m/0m009,,United States
Yakutsk,/m/0fwcf,,Russia
Yala,/m/0c6z42,,Thailand
Yalamlam,/m/0bmgqyy,,Saudi Arabia
Yalavagi,/m/0xnf7ld,,India
Yale,/m/0szxp,,United States
Yale,/m/0vqft,,United States
Yale,/m/0z982,,United States
Yallahs,/m/09rtmy7,,Jamaica
Yalova,/m/0b3t79,,Turkey
Yalta,/m/01jbk6,,Russia
Yalta,/m/01jbk6,,Ukraine
Yamagata,/m/01wgck,,Japan
Yamaguchi,/m/0gp6kq,,Japan
Yamato,/m/029s8d,,Japan
Yambol,/m/075tl2,,Bulgaria
Yamhill,/m/0zgp8,,United States
Yamoussoukro,/m/088p4,,Ivory Coast
Yampil,/m/0gt1xt,,Ukraine
Yamunanagar,/m/057qm0,,India
Yan'an,/m/01y1kc,,People's Republic of China
Yana,/m/0bh8crm,,Sierra Leone
Yanahuanca,/m/03qk2ls,,Peru
Yanbu,/m/02yfy2,,Saudi Arabia
Yanceyville,/m/0yf5d,,United States
Yancheng,/m/03crhq,,People's Republic of China
Yangambi,/m/0h7lv5j,,Democratic Republic of the Congo
Yangiyer,/m/0cld8j,,Uzbekistan
Yangiyo‘l,/m/076ws3,,Uzbekistan
Yangjiang,/m/08m2g1,,People's Republic of China
Yangju,/m/03v6vw,,South Korea
Yangon,/m/0fs54,,Myanmar
Yangquan,/m/0brxyp,,People's Republic of China
Yangsan,/m/03vb2f,,South Korea
Yangzhou,/m/03tgwz,,People's Republic of China
Yanjing,/m/0cnjj6,,People's Republic of China
Yanjing,/m/0cnjj6,,Yan
Yankton,/m/0_sqs,,United States
Yanping Township,/m/047ltkt,,Taiwan
Yantai,/m/01msyt,,People's Republic of China
Yantzaza,/m/03qp23s,,Ecuador
Yany Kapu,/m/0c7bl3,,Russia
Yany Kapu,/m/0c7bl3,,Ukraine
Yao,/m/02wvsb,,Japan
Yaou,/m/05p1cmk,,Ivory Coast
Yaoundé,/m/01y58d,,Cameroon
Yara,/m/0c1szx,,Cuba
Yardımlı,/m/04jpk5p,,Azerbaijan
Yaremche,/m/0gt54l,,Ukraine
Yaren District,/m/0g34h,,Nauru
Yarim,/m/07725s,,Yemen
Yaritagua,/m/0jzzqlt,,Venezuela
Yarkhoto,/m/02rlw2r,,People's Republic of China
Yaroslavl,/m/0196_0,,Russia
Yasuj,/m/072q40,,Iran
Yasynuvata,/m/0b26yk,,Ukraine
Yasynuvata,/m/0b26yk,,Soviet Union
Yatağan district,/m/0g7c5n,,Turkey
Yateras,/m/03cb7s8,,Cuba
Yates Center,/m/0tchj,,United States
Yathrib,/m/012nbgnd,,Iraq
Yatsushiro,/m/0gp6_h,,Japan
Yatta,/m/02rbg4n,,Palestine
Yauyos,/m/03h58s3,,Peru
Yavatmal,/m/06w98m,,India
Yavne,/m/01vtdr,,Israel
Yavoriv,/m/0bdn4b,,Ukraine
Yayladağı,/m/0bk08v,,Turkey
Yaypan,/m/012n1spz,,Uzbekistan
Yazd,/m/02b2s2,,Iran
Yazoo City,/m/0ws59,,United States
Ye,/m/05rssz,,People's Republic of China
Ye,/m/05rssz,,Empire of China
Ye,/m/02q8s02,,Myanmar
Yehud,/m/01vtf5,,Israel
Yekaterinburg,/m/0hkpn,,Russia
Yellowknife,/m/0prfg,,Canada
Yellville,/m/0qvpr,,United States
Yelm,/m/010vhx,,United States
Yenakiieve,/m/04vd7v,,Ukraine
Yenakiieve,/m/04vd7v,,Soviet Union
Yenakiieve,/m/04vd7v,,Russian Empire
Yenangyaung,/m/078ckz,,Myanmar
Yeni,/m/09gcln9,,Myanmar
Yenice,/m/02pldlm,,Turkey
Yenpu Township,/m/07kjhym,,Taiwan
Yeoju,/m/03v6x1,,South Korea
Yeongcheon,/m/0227h9,,South Korea
Yeongju,/m/0227g6,,South Korea
Yeosu,/m/0227fd,,South Korea
Yerba Buena,/m/082rz6,,Argentina
Yerevan,/m/0889d,,Armenia
Yerington,/m/0xd4_,,United States
Yervandashat,/m/012ds6yq,,Armenia
Yetter,/m/0ssh3,,United States
Yevpatoriia,/m/05g7nh,,Russia
Yevpatoriia,/m/05g7nh,,Ukraine
Yewa North,/m/09gk39h,,Nigeria
Yibin,/m/035gvb,,People's Republic of China
Yichang,/m/04hf2w,,People's Republic of China
Yichun,/m/06nh6f,,People's Republic of China
Yichun,/m/06l_91,,People's Republic of China
Yidu,/m/080nyp9,,People's Republic of China
Yilan City,/m/03r_wt,,Taiwan
Yinchuan,/m/02cwbw,,People's Republic of China
Ying,/m/0dgs0tj,,People's Republic of China
Yingkou,/m/04td8k,,People's Republic of China
Yingtan,/m/01h7q0,,People's Republic of China
Yinxu,/m/02f9tw,,People's Republic of China
Yiyang,/m/02crfc,,People's Republic of China
Yizhu Township,/m/07k40ng,,Taiwan
Yoakum,/m/013mj9,,United States
Yogyakarta,/m/0dg6yx,,Indonesia
Yokadouma,/m/05r_hf,,Cameroon
Yokkaichi,/m/01wm47,,Japan
Yokneam Illit,/m/04j0px,,Israel
Yokohama,/m/0kstw,,Japan
Yokosuka,/m/01nb9z,,Japan
Yola,/m/02jtty,,Nigeria
Yonago,/m/0gp6ft,,Japan
Yoncalla,/m/0zcsz,,United States
Yongchin Township,/m/07k7wgx,,Taiwan
Yongin,/m/0227bv,,South Korea
Yongzhou,/m/083slq,,People's Republic of China
Yonkers,/m/0n6dc,,United States
Yorba Linda,/m/0r2rk,,United States
York,/m/088cp,,United Kingdom
York,/m/0_jq4,,United States
York,/m/0yn0s,,United States
York,/m/0xc4n,,United States
York,/m/0_nzy,,United States
York,/m/0qbzs,,United States
Yorkton,/m/01lbbt,,Canada
Yorktown,/m/01009h,,United States
Yorktown,/m/0t22t,,United States
Yorkville,/m/0s9f3,,United States
Yorkville,/m/0_ty4,,United States
Yoro,/m/051899,,Honduras
Yoshkar-Ola,/m/02dvp4,,Russia
Young Harris,/m/0gttt31,,United States
Youngstown,/m/013jz2,,United States
Youngstown,/m/013jz2,,Ohio
Youngsville,/m/0ygd7,,United States
Youngsville,/m/0tl75,,United States
Youssoufia,/m/09rwz_x,,Morocco
Yozgat,/m/02p0bj,,Turkey
Ypané,/m/03qmxbt,,Paraguay
Ypres,/m/0145__,,Belgium
Ypsilanti,/m/08809,,United States
Yreka,/m/0r702,,United States
Yrtakina,/m/03m549x,,Greece
Yuanchang Township,/m/07k9vl5,,Taiwan
Yuanli Township,/m/07kb3xb,,Taiwan
Yuanlin City,/m/03tbw0,,Taiwan
Yuanshan Township,/m/0563fr,,Taiwan
Yuba City,/m/0r7mm,,United States
Yucaipa,/m/0r4s8,,United States
Yuchih Township,/m/02vn51g,,Taiwan
Yucumo,/m/0b6n3nw,,Bolivia
Yueqing,/m/0ggnv3,,People's Republic of China
Yueyang,/m/02w7gt,,People's Republic of China
Yukon,/m/0z4ky,,United States
Yuli Township,/m/05szplm,,Taiwan
Yulin,/m/061ww9,,People's Republic of China
Yulin,/m/03xqjp,,People's Republic of China
Yuma,/m/0rd4v,,United States
Yumbel,/m/0g1x9d,,Chile
Yuncheng,/m/06wvwb,,People's Republic of China
Yunfu,/m/08jfdz,,People's Republic of China
Yungay,/m/082bd_,,Peru
Yunguyo,/m/08r59g,,Peru
Yurimaguas,/m/09rmsc,,Peru
Yursa,/m/02r714c,,
Yuscarán,/m/06xgcx,,Honduras
Yutan,/m/0x9j_,,United States
Yuxi,/m/061njj,,People's Republic of China
Yuyao City,/m/01bb5g,,People's Republic of China
Yuzhno-Sakhalinsk,/m/02ds53,,Russia
Yverdon-les-Bains,/m/03qypz,,Switzerland
Yüksekova district,/m/0bk0n_,,Turkey
Zababdeh,/m/0277yx3,,Palestine
Zabaykalsk,/m/02x4lcv,,Russia
Zabid,/m/0374d7,,Yemen
Zabok,/m/0cjcng,,Croatia
Zabrze,/m/0jm92,,Poland
Zabłudów,/m/022m0y,,Poland
Zacatecas,/m/0jmdv,,Mexico
Zacatecoluca,/m/077z2v,,El Salvador
Zacatelco,/m/012w3rk8,,Mexico
Zachary,/m/01_h6f9,,United States
Zadar,/m/01qqt8,,Croatia
Zafarwal,/m/04y7cm7,,Pakistan
Zagatala,/m/0cznjg,,Azerbaijan
Zagazig,/m/0jzd2,,Egypt
Zagorje ob Savi,/m/03w1_r,,Slovenia
Zagreb,/m/0fhzy,,Croatia
Zagórz,/m/027vdf2,,Poland
Zagórze,/m/0g1dhz,,Poland
Zagórów,/m/0288bll,,Poland
Zahedan,/m/0411yr,,Iran
Zahlé,/m/0gk9s6,,Lebanon
Zahna,/m/0d5gbk,,Germany
Zahna-Elster,/m/0g5qx_h,,Germany
Zaio,/m/0cm9mx,,Morocco
Zaječar,/m/01pss2,,Serbia
Zakho,/m/039rnl,,Iraq
Zakliczyn,/m/0284btj,,Poland
Zaklików,/m/05q0kr,,Poland
Zakopane,/m/0c6d7,,Poland
Zakroczym,/m/0c2pdp,,Poland
Zakynthos,/m/01t0n2,,Greece
Zalaegerszeg,/m/0223j_,,Hungary
Zalakaros,/m/0cbh02,,Hungary
Zalalövő,/m/02r5xwx,,Hungary
Zalaszentgrót,/m/02r5xx7,,Hungary
Zaldapa,/m/0gg9hhh,,Bulgaria
Zalewo,/m/02pk853,,Poland
Zalingei,/m/05c47mk,,Sudan
Zalishchyky,/m/09qy4s,,Ukraine
Zalizne,/m/0gt51h,,Ukraine
Zalizne,/m/0gt51h,,Soviet Union
Zaltan,/m/06dw01,,Libya
Zaltbommel,/m/0vkjx,,Netherlands
Zalău,/m/042jph,,Romania
Zama,/m/02b2c0,,Japan
Zama Regia,/m/0bbvzd6,,Ancient Carthage
Zamboanga City,/m/09gcb3s,,Philippines
Zambrów,/m/022m_x,,Poland
Zamora,/m/0f22q_,,Ecuador
Zamora de Hidalgo,/m/08n6fh,,Mexico
Zamość,/m/01419z,,Poland
Zamyn-Üüd,/m/02rrdf7,,Mongolia
Zamárdi,/m/02rd7b8,,Hungary
Zanesville,/m/0z0c6,,United States
Zangilan,/m/04jpk4y,,Azerbaijan
Zango,/m/09gjjxv,,Nigeria
Zanjan,/m/06261m,,Iran
Zanzibar City,/m/047vq3s,,Tanzania
Zaoqiao Township,/m/02rx2f9,,Taiwan
Zaouiet Sousse,/m/0b6f639,,Tunisia
Zaozhuang,/m/05h7g3,,People's Republic of China
Zap,/m/0ypyc,,United States
Zapala,/m/08f8g0,,Argentina
Zapopan,/m/06mm5g,,Mexico
Zaporizhzhia,/m/062t3r,,Ukraine
Zaprešić,/m/02rhy_,,Croatia
Zarafshon,/m/0466r18,,Uzbekistan
Zaranj,/m/03l18g,,Afghanistan
Zarasai,/m/0g0lbk,,Lithuania
Zaraza,/m/02q5nby,,Venezuela
Zarcero,/m/0888b2,,Costa Rica
Zardab,/m/04jh7mb,,Azerbaijan
Zargidava,/m/0gg9gvr,,Romania
Zaria,/m/081jlz,,Nigeria
Zarqa,/m/04dkdf,,Jordan
Zaruma,/m/06gllw,,Ecuador
Zarumilla,/m/06cry4,,Peru
Zasieki,/m/0f6cn5,,Poland
Zastavna,/m/0gt591,,Ukraine
Zator,/m/022m4b,,Poland
Zavala,/m/09cg2x,,Mozambique
Zavalla,/m/0219tc0,,United States
Zavodske,/m/0gt2m6,,Ukraine
Zavut,/m/0n4b41j,,Iran
Zawadzkie,/m/02pl760,,Poland
Zawichost,/m/069p_6,,Poland
Zawidów,/m/07j791,,Poland
Zawiercie,/m/022btf,,Poland
Zbarazh,/m/06xdvn,,Ukraine
Zboriv,/m/0gs_nm,,Ukraine
Zbąszynek,/m/025wzzh,,Poland
Zbąszyń,/m/0g9r6d,,Poland
Zdolbuniv,/m/08pyw5,,Ukraine
Zduny,/m/02889wx,,Poland
Zduńska Wola,/m/0228my,,Poland
Zdzieszowice,/m/0287pp0,,Poland
Zearing,/m/0t3gw,,United States
Zeboim,/m/0hzd4,,
Zebrzydowice,/m/026wm7j,,Poland
Zebulon,/m/013j2n,,United States
Zebulon,/m/0ryr5,,United States
Zeeland,/m/0vnh2,,United States
Zeeland,/m/0ypms,,United States
Zefta,/m/051wg3v,,Egypt
Zeghanghane,/m/0b6jf2k,,Morocco
Zehdenick,/m/0dyjz6,,Germany
Zeigler,/m/0s747,,United States
Zeil am Main,/m/0fllgp,,Germany
Zeitz,/m/03v0kw,,Germany
Zelah,/m/064k5dt,,
Zeleia,/m/04m1_2,,Turkey
Zelenodolsk,/m/0h7q_fz,,Ukraine
Zell (Mosel),/m/0827pn,,Germany
Zell am Harmersbach,/m/07p8hl,,Germany
Zell im Wiesental,/m/0flm8m,,Germany
Zella-Mehlis,/m/0dqtrf,,Germany
Zellik,/m/07s5nfb,,Belgium
Zelów,/m/02pk_kh,,Poland
Zemar,/m/0ft7qp,,Phoenicia
Zemple,/m/0w2vc,,United States
Zemun,/m/01l20h,,Serbia
Zenda,/m/0t7y2,,United States
Zenica,/m/02nydm,,Bosnia and Herzegovina
Zenopolis in Isauria,/m/08cpsy,,Turkey
Zephyr Cove–Round Hill Village,/m/0xctg,,United States
Zephyrhills,/m/0rqvs,,United States
Zerbst,/m/03mrk1,,Germany
Zermatt,/m/025gtc,,Switzerland
Zerynthus,/m/0c2myw,,Greece
Zeugma,/m/062r4_,,Turkey
Zeulenroda-Triebes,/m/045pqm,,Germany
Zeven,/m/082g8c,,Germany
Zgierz,/m/022mw7,,Poland
Zgorzelec,/m/01r1x9,,Poland
Zhaisan,/m/011x3zxv,,Kazakhstan
Zhangjiajie,/m/090960,,People's Republic of China
Zhangjiakou,/m/03vg5p,,People's Republic of China
Zhangye,/m/0bhw0z,,People's Republic of China
Zhangzhou,/m/03k326,,People's Republic of China
Zhanjiang,/m/02whmn,,People's Republic of China
Zhaoge,/m/026v922,,Shang dynasty
Zhaoge,/m/026v922,,Wey
Zhaoqing,/m/03b_q_,,People's Republic of China
Zhaotong,/m/0b77jx,,People's Republic of China
Zharkent,/m/0bdn2h,,Kazakhstan
Zharkent,/m/0bdn2h,,Soviet Union
Zharkent,/m/0bdn2h,,Russian Empire
Zhashkiv,/m/0gtqt6,,Ukraine
Zhdanivka,/m/0gtr72,,Ukraine
Zhdanivka,/m/0gtr72,,Soviet Union
Zheleznogorsk,/m/0dxtzf,,Russia
Zhengzhou,/m/01q9zs,,People's Republic of China
Zhenjiang,/m/027v_6,,People's Republic of China
Zhitikara,/m/0kvkx2k,,Kazakhstan
Zhmerynka,/m/0dsyp1,,Ukraine
Zhob,/m/09xkj_,,Pakistan
Zhongdu,/m/0zbwg5w,,Jin dynasty
Zhongpu Township,/m/07k8kxp,,Taiwan
Zhongshan,/m/01l3q8,,People's Republic of China
Zhongwei,/m/03wcm1w,,People's Republic of China
Zhoukou,/m/086dsr,,People's Republic of China
Zhoushan,/m/01wkb5,,People's Republic of China
Zhovkva,/m/08v_71,,Ukraine
Zhovti Vody,/m/0gt3b1,,Ukraine
Zhuangwei Township,/m/03srrs,,Taiwan
Zhubei City,/m/03s7xt,,Taiwan
Zhudong Township,/m/03tblw,,Taiwan
Zhuhai,/m/01nm71,,People's Republic of China
Zhumadian,/m/02cw97,,People's Republic of China
Zhunan Township,/m/03s860,,Taiwan
Zhuolan Township,/m/07k64tf,,Taiwan
Zhuoxi Township,/m/06zpk0w,,Taiwan
Zhuqi Township,/m/02rxs2l,,Taiwan
Zhuzhou,/m/05h79f,,People's Republic of China
Zhydachiv,/m/0c1r66,,Ukraine
Zhytomyr,/m/03_b99,,Ukraine
Zibo,/m/05h78p,,People's Republic of China
Ziegenrück,/m/0flmdg,,Germany
Zielona Góra,/m/0jxtv,,Poland
Zielonka,/m/02855bt,,Poland
Zierenberg,/m/0flmfj,,Germany
Ziesar,/m/0flmh_,,Germany
Zigong,/m/061gqf,,People's Republic of China
Ziguinchor,/m/022dc_,,Senegal
Zikideva,/m/0h52cb3,,
Zillah,/m/010w7x,,United States
Zilupe,/m/0cqgvz,,Latvia
Zilwaukee,/m/0vp9m,,United States
Zimmerman,/m/0whqm,,United States
Zimnicea,/m/04f__r,,Romania
Zincirli Höyük,/m/06p__y,,Turkey
Zinder,/m/02751d,,Niger
Zinjibar,/m/0d41wn,,Yemen
Zinkiv,/m/0gt2l5,,Ukraine
Zion,/m/0897_,,United States
Zirakpur,/m/0f6r20,,India
Zirc,/m/0b7z_y,,Hungary
Ziridava,/m/0gh72yx,,Romania
Zirndorf,/m/06ldww,,Germany
Zittau,/m/041m5l,,Germany
Ziyang,/m/07jnzm,,People's Republic of China
Ziębice,/m/05zpgf,,Poland
Zlatar,/m/026ct9k,,Croatia
Zlatna,/m/0b51gn,,Romania
Zlatograd,/m/03jfdd,,Bulgaria
Zlatopil,/m/0gt3hy,,Ukraine
Zlatoust,/m/043r5t,,Russia
Zliten,/m/0fzntk,,Libya
Zlín,/m/01yjsg,,Czech Republic
Zmaratha,/m/07s6hlx,,Greece
Zmiiv,/m/0gtq8w,,Ukraine
Znamianka,/m/0gt3nt,,Ukraine
Znojmo,/m/01kz5d,,Czech Republic
Zoan,/m/0n_hrlq,,Ancient Egypt
Zoara,/m/08cpzn,,Jordan
Zoetermeer,/m/0wc8g,,Netherlands
Zoetia,/m/04q8tm6,,Greece
Zofingen,/m/05jw1n,,Switzerland
Zogaj,/m/0nbv9s9,,Albania
Zollikofen,/m/0b3_ky,,Switzerland
Zollikon,/m/0gv119,,Switzerland
Zolochiv,/m/044pph,,Ukraine
Zolote,/m/0gtpz1,,Ukraine
Zolotonosha,/m/0dqfj1,,Ukraine
Zomba,/m/02fp8s,,Malawi
Zone,/m/07s9zyp,,Greece
Zongo,/m/0655mf,,Democratic Republic of the Congo
Zonguldak,/m/02q_k3,,Turkey
Zorritos,/m/06cj5b,,Peru
Zorynsk,/m/0gt580,,Ukraine
Zosin,/m/04f660h,,Poland
Zossen,/m/0665mx,,Germany
Zouar,/m/0272_04,,Chad
Zoufftgen,/m/0260c7r,,France
Zoutkamp,/m/03bf34,,Netherlands
Zoutleeuw,/m/014wlg,,Belgium
Zouérat,/m/04p4rd,,Mauritania
Zrenjanin,/m/01pssy,,Serbia
Zrenjanin,/m/01pssy,,Ottoman Empire
Zrenjanin,/m/01pssy,,Serbia and Montenegro
Zrenjanin,/m/01pssy,,Socialist Federal Republic of Yugoslavia
Zrenjanin,/m/01pssy,,Austrian Empire
Zrenjanin,/m/01pssy,,Habsburg monarchy
Zrenjanin,/m/01pssy,,Kingdom of Hungary
Zrenjanin,/m/01pssy,,Kingdom of Yugoslavia
Zrenjanin,/m/01pssy,,Kingdom of Serbia
Zrenjanin,/m/01pssy,,Territory of the Military Commander in Serbia
Zrenjanin,/m/01pssy,,Federal Republic of Yugoslavia
Zrenjanin,/m/01pssy,,"Kingdom of Serbs, Croats and Slovenes"
Zschopau,/m/0g1t_,,Germany
Zsámbék,/m/04ygwlf,,Hungary
Zubarah,/m/07hs_v,,Qatar
Zubin Potok,/m/09kbh1,,Kosovo
Zudáñez,/m/0b6d909,,Bolivia
Zug,/m/0g1rd,,Switzerland
Zugdidi,/m/03yk6t,,Georgia
Zuhres,/m/0gtps6,,Ukraine
Zuhres,/m/0gtps6,,Soviet Union
Zula,/m/0g1pv,,Eritrea
Zumbo,/m/07v_2b,,Mozambique
Zumbro Falls,/m/0wm3s,,United States
Zumbrota,/m/0w037,,United States
Zunyi,/m/07w_3_,,People's Republic of China
Zurich,/m/08966,,Switzerland
Zurich,/m/0tb81,,United States
Zutphen,/m/0f_zm,,Netherlands
Zuunmod,/m/05gc7h,,Mongolia
Zuwetina,/m/04g0jdl,,Libya
Zvartnots,/m/04bf9f,,Armenia
Zvenyhorodka,/m/0b5nrp,,Ukraine
Zvečan Fortress,/m/03qc_3y,,Serbia
Zviahel,/m/09mmz1,,Ukraine
Zviahel,/m/09mmz1,,Soviet Union
Zviahel,/m/09mmz1,,Russian Empire
Zviahel,/m/09mmz1,,Polish–Lithuanian Commonwealth
Zvolen,/m/01z0vd,,Slovakia
Zwardoń,/m/0f_r7l,,Poland
Zwartewaterland,/m/0vhm2,,Netherlands
Zweibrücken,/m/0f_s1,,Germany
Zwenkau,/m/0flmn5,,Germany
Zwickau,/m/0f_rk,,Germany
Zwierzyniec,/m/062msj,,Poland
Zwiesel,/m/04g230,,Germany
Zwingenberg,/m/03rf6p,,Germany
Zwingle,/m/013cg2,,United States
Zwoleń,/m/0c10b2,,Poland
Zwolle,/m/0f_qq,,Netherlands
Zwönitz,/m/0dwfdr,,Germany
Zymohiria,/m/0gts0x,,Ukraine
Zábřeh,/m/0gs_7m,,Czech Republic
Záhony,/m/026s2z5,,Hungary
Zákány,/m/02rd7m6,,Hungary
Zárate,/m/06lz_t,,Argentina
Zörbig,/m/0cx515,,Germany
Zülpich,/m/05rqcz,,Germany
Züünkharaa,/m/03c80wy,,Mongolia
Zărnești,/m/04khf0,,Romania
Ząbki,/m/0b59bm,,Poland
Ząbkowice Śląskie,/m/02xzmc,,Poland
Złocieniec,/m/01zkcw,,Poland
Złoczew,/m/02pk_l5,,Poland
Złotoryja,/m/038060,,Poland
Złotów,/m/02bndn,,Poland
al-Bab,/m/02qffh2,,Syria
al-Eizariya,/m/02rcyjv,,Palestine
as-Samu,/m/02q33b2,,Palestine
bandar shirinoo,/m/0nd5fv0,,Iran
capital of the Netherlands,/m/016r51,,Netherlands
chahvarz,/m/026px4n,,Iran
eThekwini Metropolitan Municipality,/m/071znt,,South Africa
encampment of Al Marj,/m/063zbd7,,Libya
history of Ajmer,/m/0118sby1,,India
history of Sofia: Triaditsa,/m/0cdx0b,,
temporary capital of Lithuania,/m/05s91j,,Lithuania
Ács,/m/02r2nl4,,Hungary
Águas Lindas de Goiás,/m/09y6_4,,Brazil
Águilas,/m/07b4yq,,Spain
Álftanes,/m/08pxz6,,Iceland
Ávila,/m/0233k8,,Spain
Åndalsnes,/m/051s1p,,Norway
Çaldıran,/m/0cs6pp,,Turkey
Çanakkale,/m/062njj,,Turkey
Çankırı,/m/04rp52,,Turkey
Çayırova district,/m/0ch4rx5,,Turkey
Çerkezköy district,/m/0bnmvq,,Turkey
Çeşme,/m/0bb0_g,,Turkey
Çiçekdağı,/m/0bj5pl,,Turkey
Çobanlar,/m/0jzxxq3,,Turkey
Çolpon-Ata,/m/08ltp2,,Kyrgyzstan
Çorlu,/m/0820q9,,Turkey
Çorovodë,/m/078864,,Albania
Çorum,/m/02hvqb,,Turkey
Çüngüş,/m/0chlz2,,Turkey
Çınar,/m/0bj5n5,,Turkey
Écouviez,/m/03qdqpp,,France
Épiez-sur-Chiers,/m/03qdgsx,,France
Érd,/m/05q4dk,,Hungary
Évrange,/m/02w95yj,,France
Ícolo e Bengo,/m/05szxpd,,Angola
Ísafjörður,/m/08hg6c,,Iceland
Însurăței,/m/0413w3b,,Romania
Întorsura Buzăului,/m/0b51dx,,Romania
Òban,/m/01zfxg,,United Kingdom
Óbidos,/m/0bqxpf,,Brazil
Ócsa,/m/02rd0nm,,Hungary
Ózd,/m/05ld05,,Hungary
Ödemiş district,/m/0bjcxb,,Turkey
Öhringen,/m/0b6hmc,,Germany
Ölgii,/m/0fjb8f,,Mongolia
Örebro,/m/03zjwm,,Sweden
Örkény,/m/0757zd,,Hungary
Östringen,/m/0b3rpv,,Germany
Övertorneå,/m/03bx1_s,,Sweden
Özgön,/m/0b59_c,,Kyrgyzstan
Újfehértó,/m/0cz2z_,,Hungary
Újkígyós,/m/026m9pj,,Hungary
Újszász,/m/026mj4t,,Hungary
Ústí nad Labem,/m/01kz9k,,Czech Republic
Ústí nad Orlicí,/m/04x1h7,,Czech Republic
Übach-Palenberg,/m/07p17r,,Germany
Übereisenbach,/m/02rxtpt,,Germany
Überlingen,/m/04qsm7,,Germany
Üllő,/m/02rd0l6,,Hungary
Ünye,/m/0bj_zn,,Turkey
Ürgüp,/m/0bj__s,,Turkey
Ürümqi,/m/01c8t6,,People's Republic of China
Üsküdar,/m/01ykx9,,Turkey
Üsküdar,/m/01ykx9,,Ottoman Empire
Þorlákshöfn,/m/0747rx,,Iceland
Ādaži,/m/04f0_7m,,Latvia
Āwuberē,/m/03d0l6j,,Ethiopia
Ćmielów,/m/02853r7,,Poland
Čabar,/m/02659_4,,Croatia
Čakovec,/m/02c8vn,,Croatia
Čapljina,/m/05srk5,,Bosnia and Herzegovina
Čazma,/m/06_8r2,,Croatia
Čačak,/m/01ps6h,,Serbia
Černošice,/m/02722nm,,Czech Republic
Česká Lípa,/m/0843z9,,Czech Republic
Česká Třebová,/m/0694dl,,Czech Republic
České Budějovice,/m/0135qb,,Czech Republic
České Velenice,/m/04rv83,,Czech Republic
Český Brod,/m/026z_29,,Czech Republic
Český Jiřetín,/m/07k6gns,,Czech Republic
Český Krumlov,/m/018fdm,,Czech Republic
Český Těšín,/m/020qbh,,Czech Republic
Čierna nad Tisou,/m/025w0m9,,Slovakia
Črnomelj,/m/0bmyvs,,Slovenia
Čunovo,/m/0h4mmr,,Slovakia
Čunovo,/m/0h4mmr,,Kingdom of Hungary
Čáslav,/m/04456d,,Czech Republic
Đakovo,/m/01354p,,Croatia
Đà Lạt,/m/06cl9r,,Vietnam
Đại La,/m/0r3ss4r,,Vietnam
Đồng Hới,/m/0cbfll,,Vietnam
Đồng Đăng,/m/0pb3cjb,,Vietnam
İnegöl,/m/08n7m9,,Turkey
İpsala district,/m/0bj91v,,Turkey
İske Qazan,/m/03_152,,Russia
İske Qazan,/m/03_152,,Volga Bulgaria
İskenderun,/m/01mt35,,Turkey
İslahiye,/m/0bj8vl,,Turkey
İzmir,/m/02s2xy,,Turkey
İzmit,/m/01x_36,,Turkey
İznik,/m/0k9x1,,Turkey
Ķegums,/m/03c3g8g,,Latvia
Ķekava,/m/026xp1_,,Latvia
Łabiszyn,/m/03jmz2,,Poland
Łagów,/m/04jd45t,,Poland
Łapy,/m/022lyr,,Poland
Łasin,/m/02plxbp,,Poland
Łask,/m/0228p2,,Poland
Łaskarzew,/m/028783d,,Poland
Łaszczów,/m/04jfb94,,Poland
Łaziska Górne,/m/022bqb,,Poland
Łańcut,/m/02_rgl,,Poland
Łeba,/m/029ct5,,Poland
Łobez,/m/0bzgcl,,Poland
Łobżenica,/m/0288kmf,,Poland
Łochów,/m/028871s,,Poland
Łomianki,/m/02877_z,,Poland
Łomża,/m/01k6f7,,Poland
Łosice,/m/022hks,,Poland
Łowicz,/m/0228k6,,Poland
Łuków,/m/0228qn,,Poland
Łódź,/m/0c6fz,,Poland
Łęczna,/m/0229nn,,Poland
Łęczyca,/m/03htlr,,Poland
Łęknica,/m/0cv0cl,,Poland
Ōgaki-shi,/m/01wl0r,,Japan
Ōmuta-shi,/m/0gp6wk,,Japan
Ōnojō-shi,/m/01wq01,,Japan
Ōshū-shi,/m/0bk_f_,,Japan
Ōta-shi,/m/01xhhn,,Japan
Őrbottyán,/m/043lqcr,,Hungary
Őriszentpéter,/m/02rjm8j,,Hungary
Řevnice,/m/04_3yc,,Czech Republic
Říčany,/m/0gspqz,,Czech Republic
Ścinawa,/m/0byr97,,Poland
Śmigiel,/m/0288kdk,,Poland
Śrem,/m/025_sf,,Poland
Środa Wielkopolska,/m/02291p,,Poland
Środa Śląska,/m/08xlh1,,Poland
Świdnica,/m/0141_s,,Poland
Świdnik,/m/0229q5,,Poland
Świdwin,/m/01zkdm,,Poland
Świebodzice,/m/0229zv,,Poland
Świebodzin,/m/0229sk,,Poland
Świecie,/m/022hj7,,Poland
Świecko,/m/06nvc5,,Poland
Świeradów-Zdrój,/m/026g779,,Poland
Świerzawa,/m/02plw3v,,Poland
Świnoujście,/m/01bfcz,,Poland
Świątniki Górne,/m/022ms4,,Poland
Świętochłowice,/m/022btt,,Poland
Şanlıurfa,/m/01pz6s,,Turkey
Şopokov,/m/03wbfn6,,Kyrgyzstan
Şırnak,/m/094j5s,,Turkey
Şəmkir,/m/04gg8rx,,Azerbaijan
Šabac,/m/015nll,,Serbia
Šahy,/m/042j3g,,Slovakia
Šakiai,/m/0g36bh,,Lithuania
Šalčininkai,/m/05pc_f,,Lithuania
Šamac,/m/05lqjg,,Bosnia and Herzegovina
Šeduva,/m/0g3tgs,,Lithuania
Šempeter pri Gorici,/m/04y7jqp,,Slovenia
Šiauliai,/m/0247rk,,Lithuania
Šibenik,/m/01y9rk,,Croatia
Šilalė,/m/0g3hxb,,Lithuania
Šilutė,/m/05xpqy,,Lithuania
Širvintos,/m/02r81x,,Lithuania
Škrilje,/m/0b76n4r,,Slovenia
Šlapanice,/m/0gtntm,,Czech Republic
Šternberk,/m/07j6yf,,Czech Republic
Štip,/m/07v71f,,North Macedonia
Štúrovo,/m/07rw98,,Slovakia
Šumperk,/m/05t_gx,,Czech Republic
Švenčionys,/m/0cqlvl,,Lithuania
Švenčionėliai,/m/0g2_82,,Lithuania
Šćepan Polje,/m/0bhb6kj,,Montenegro
Żabbar,/m/04w7js,,Malta
Żabno,/m/0dzrnl,,Poland
Żagań,/m/0229sy,,Poland
Żarki,/m/093jqw,,Poland
Żary,/m/0229tv,,Poland
Żarów,/m/02phqjf,,Poland
Żebbuġ,/m/06gzv3,,Malta
Żejtun,/m/04_lj6,,Malta
Żelechów,/m/0kw4nj,,Poland
Żerków,/m/0288k7d,,Poland
Żmigród,/m/07r1y5,,Poland
Żnin,/m/07r1w0,,Poland
Żory,/m/022bw4,,Poland
Żukowo,/m/02pk_pm,,Poland
Żuromin,/m/0c1lcz,,Poland
Żychlin,/m/0260k48,,Poland
Żyrardów,/m/0228lc,,Poland
Żywiec,/m/022m2f,,Poland
Žagarė,/m/039ryx,,Lithuania
Žamberk,/m/07hbc_,,Czech Republic
Žatec,/m/01km1x,,Czech Republic
Železná Ruda,/m/0fwybb,,Czech Republic
Železný Brod,/m/0bgw8z,,Czech Republic
Židlochovice,/m/07kfky1,,Czech Republic
Žiežmariai,/m/0g3sv1,,Lithuania
Žilina,/m/01t7_v,,Slovakia
Županja,/m/06mkzx,,Croatia
Žďár nad Sázavou,/m/0844v8,,Czech Republic
Șimleu Silvaniei,/m/03kkdf,,Romania
Șoldănești,/m/0by0dw,,Moldova
Șomcuta Mare,/m/04ghpf1,,Romania
Ștefan Vodă,/m/0d13m6,,Moldova
Ștefănești,/m/04gwc15,,Romania
Ștefănești,/m/0283vyw,,Romania
Ștei,/m/0b51jf,,Romania
Țicleni,/m/0414d8z,,Romania
Țăndărei,/m/074gb0,,Romania
ʿAmrān,/m/076xsyg,,Yemen
פרדס חנה,/m/01vt6b,,Israel
اتميده,/m/02h7pn,,Saudi Arabia
